age,workclass,fnlwgt,education,education-num,marital-status,occupation,relationship,race,sex,capital-gain,capital-loss,hours-per-week,country,salary
34, Private,245789, HS-grad,9,Couple, Craft-repair, Husband, White, Male,No gains,No losses,40,US,<=50K
29, Private,310456, Some-college,10,Single, Sales, Not-in-family, Black, Female,No gains,No losses,38,US,<=50K
45, Private,187634, Bachelors,13,Couple, Exec-managerial, Husband, White, Male,Had gains,No losses,50,US,>50K
42, Private,112345, Doctorate,16,Single, Prof-specialty, Not-in-family, Asian-Pac-Islander, Male,No gains,No losses,45,Non-US,>50K
22, Private,195432, 11th,7,Single, Handlers-cleaners, Own-child, White, Male,No gains,No losses,30,US,<=50K
52, State-gov,156789, Masters,14,Couple, Prof-specialty, Husband, White, Male,No gains,No losses,40,US,>50K
40, Local-gov,280123, HS-grad,9,Single, Adm-clerical, Unmarried, Black, Female,No gains,No losses,35,US,<=50K
33, Private,223456, Some-college,10,Couple, Tech-support, Wife, White, Female,No gains,No losses,40,US,<=50K
38, Private,198765, Assoc-voc,11,Couple, Machine-op-inspct, Husband, White, Male,No gains,Had losses,42,US,<=50K
26, Private,305678, Bachelors,13,Single, Sales, Own-child, White, Female,No gains,No losses,55,US,<=50K
47, Federal-gov,265432, Assoc-acdm,12,Single, Protective-serv, Not-in-family, Black, Male,No gains,No losses,40,US,<=50K
30, Private,178900, 12th,8,Single, Other-service, Unmarried, White, Male,No gains,No losses,32,Non-US,<=50K
55, Self-emp-inc,134567, Masters,14,Couple, Exec-managerial, Husband, White, Male,Had gains,No losses,60,US,>50K
60, Self-emp-not-inc,112345, HS-grad,9,Couple, Craft-repair, Husband, White, Male,No gains,No losses,40,US,<=50K
44, Private,190123, Prof-school,15,Couple, Prof-specialty, Husband, White, Male,No gains,No losses,50,US,>50K
25, Private,340987, Some-college,10,Single, Adm-clerical, Not-in-family, Asian-Pac-Islander, Female,No gains,No losses,40,Non-US,<=50K
49, Local-gov,215678, Bachelors,13,Couple, Exec-managerial, Wife, White, Female,No gains,No losses,45,US,<=50K
35, Private,145678, Doctorate,16,Single, Prof-specialty, Not-in-family, Black, Male,Had gains,No losses,40,US,>50K
57, Private,167890, 7th-8th,4,Couple, Other-service, Husband, White, Male,No gains,No losses,38,US,<=50K
31, Self-emp-not-inc,256789, Bachelors,13,Single, Sales, Not-in-family, White, Male,No gains,No losses,48,US,<=50K
34, Private,187934, HS-grad,9,Couple, Craft-repair, Husband, White, Male,No gains,No losses,40,US,<=50K
45, Private,225401, Some-college,10,Single, Sales, Not-in-family, Black, Female,No gains,No losses,35,US,<=50K
29, Private,312456, Bachelors,13,Single, Exec-managerial, Own-child, White, Male,No gains,No losses,50,US,<=50K
22, Private,198567, 11th,7,Single, Handlers-cleaners, Not-in-family, White, Male,No gains,No losses,30,US,<=50K
42, Private,154321, Masters,14,Couple, Prof-specialty, Husband, White, Male,No gains,No losses,45,US,>50K
38, Local-gov,270111, Assoc-voc,11,Single, Tech-support, Not-in-family, Asian-Pac-Islander, Female,No gains,No losses,40,Non-US,<=50K
55, Self-emp-not-inc,115678, HS-grad,9,Couple, Craft-repair, Husband, White, Male,No gains,No losses,48,US,<=50K
47, State-gov,198764, Doctorate,16,Couple, Prof-specialty, Wife, White, Female,Had gains,No losses,40,US,>50K
31, Private,320987, Some-college,10,Single, Other-service, Unmarried, Black, Female,No gains,No losses,25,US,<=50K
33, Private,245678, 12th,8,Single, Sales, Own-child, White, Male,No gains,No losses,40,US,<=50K
36, Private,178900, Bachelors,13,Couple, Exec-managerial, Husband, White, Male,No gains,No losses,55,Non-US,>50K
60, Private,145432, 7th-8th,4,Couple, Craft-repair, Husband, White, Male,No gains,No losses,40,US,<=50K
41, Local-gov,289012, Assoc-acdm,12,Single, Adm-clerical, Not-in-family, Black, Female,No gains,No losses,38,US,<=50K
52, Self-emp-inc,156789, Masters,14,Couple, Exec-managerial, Husband, White, Male,Had gains,No losses,60,US,>50K
49, Federal-gov,210345, HS-grad,9,Couple, Protective-serv, Husband, White, Male,No gains,No losses,40,US,<=50K
25, Private,301234, Some-college,10,Single, Machine-op-inspct, Own-child, White, Male,No gains,No losses,40,US,<=50K
43, Private,167890, Prof-school,15,Couple, Prof-specialty, Wife, Asian-Pac-Islander, Female,No gains,Had losses,45,Non-US,>50K
30, Private,234567, HS-grad,9,Single, Transport-moving, Not-in-family, White, Male,No gains,No losses,50,US,<=50K
27, Private,287654, Bachelors,13,Single, Sales, Not-in-family, Black, Female,No gains,No losses,30,US,<=50K
44, Private,198432, Some-college,10,Couple, Exec-managerial, Husband, White, Male,No gains,No losses,42,US,>50K
34, Private,215478, HS-grad,9,Couple, Craft-repair, Husband, White, Male,No gains,No losses,40,US,<=50K
22, Private,184295, Some-college,10,Single, Sales, Own-child, White, Female,No gains,No losses,25,US,<=50K
45, Self-emp-inc,158742, Bachelors,13,Couple, Exec-managerial, Husband, White, Male,Had gains,No losses,55,US,>50K
19, Private,310456, 11th,7,Single, Other-service, Own-child, Black, Male,No gains,No losses,20,US,<=50K
49, Private,223189, Masters,14,Single, Prof-specialty, Not-in-family, Asian-Pac-Islander, Male,No gains,No losses,50,Non-US,>50K
30, Local-gov,272347, Assoc-voc,11,Single, Tech-support, Not-in-family, White, Female,No gains,No losses,40,US,<=50K
57, Federal-gov,115800, HS-grad,9,Couple, Adm-clerical, Wife, White, Female,No gains,No losses,40,US,<=50K
41, Private,135622, Doctorate,16,Couple, Prof-specialty, Husband, White, Male,Had gains,No losses,45,US,>50K
25, Private,229877, Some-college,10,Single, Handlers-cleaners, Not-in-family, Black, Male,No gains,No losses,38,US,<=50K
33, Private,186540, 12th,8,Single, Machine-op-inspct, Unmarried, White, Male,No gains,No losses,42,US,<=50K
37, State-gov,195432, Bachelors,13,Couple, Exec-managerial, Wife, White, Female,No gains,No losses,40,US,>50K
62, Self-emp-not-inc,98020, 7th-8th,4,Couple, Craft-repair, Husband, White, Male,No gains,No losses,30,US,<=50K
44, Private,210987, Prof-school,15,Single, Prof-specialty, Not-in-family, Asian-Pac-Islander, Male,No gains,Had losses,48,Non-US,>50K
52, Local-gov,167890, HS-grad,9,Couple, Protective-serv, Husband, White, Male,No gains,No losses,40,US,>50K
20, Private,254123, Some-college,10,Single, Sales, Own-child, Black, Female,No gains,No losses,35,US,<=50K
29, Private,276543, Assoc-acdm,12,Single, Adm-clerical, Not-in-family, White, Female,No gains,No losses,40,US,<=50K
55, Private,142356, Masters,14,Couple, Exec-managerial, Husband, White, Male,Had gains,No losses,55,US,>50K
42, Private,198765, HS-grad,9,Couple, Transport-moving, Husband, White, Male,No gains,No losses,45,US,<=50K
35, Private,205678, Bachelors,13,Single, Prof-specialty, Not-in-family, White, Female,No gains,No losses,42,Non-US,>50K
28, Private,178901, Some-college,10,Single, Other-service, Unmarried, Amer-Indian-Eskimo, Male,No gains,No losses,30,US,<=50K
45, Private,210345, Masters,14,Couple, Exec-managerial, Husband, White, Male,No gains,No losses,50,US,>50K
22, Private,185740, Some-college,10,Single, Sales, Own-child, White, Female,No gains,No losses,25,US,<=50K
35, Self-emp-not-inc,157200, HS-grad,9,Couple, Craft-repair, Husband, White, Male,No gains,No losses,45,US,<=50K
33, Private,298400, Bachelors,13,Single, Prof-specialty, Not-in-family, Asian-Pac-Islander, Male,No gains,No losses,40,Non-US,<=50K
19, Private,115360, 11th,7,Single, Other-service, Own-child, Black, Male,No gains,No losses,20,US,<=50K
42, Private,182500, Doctorate,16,Couple, Prof-specialty, Husband, White, Male,Had gains,No losses,45,US,>50K
29, Local-gov,220100, Assoc-voc,11,Single, Tech-support, Not-in-family, White, Female,No gains,No losses,40,US,<=50K
48, Federal-gov,135200, HS-grad,9,Couple, Adm-clerical, Wife, White, Female,No gains,No losses,40,US,>50K
25, Private,345000, Some-college,10,Single, Handlers-cleaners, Unmarried, Black, Male,No gains,No losses,38,US,<=50K
37, State-gov,275800, Bachelors,13,Couple, Exec-managerial, Husband, White, Male,No gains,No losses,40,US,>50K
52, Private,95000, 7th-8th,4,Couple, Craft-repair, Husband, White, Male,No gains,No losses,40,US,<=50K
30, Private,190200, Masters,14,Single, Prof-specialty, Not-in-family, Asian-Pac-Islander, Female,No gains,No losses,35,Non-US,<=50K
60, Private,112450, HS-grad,9,Couple, Sales, Husband, White, Male,No gains,Had losses,30,US,<=50K
41, Private,168900, Prof-school,15,Couple, Prof-specialty, Husband, White, Male,Had gains,No losses,55,US,>50K
27, Private,252000, Some-college,10,Single, Machine-op-inspct, Unmarried, Black, Female,No gains,No losses,40,US,<=50K
34, Local-gov,205600, Assoc-acdm,12,Single, Protective-serv, Not-in-family, White, Male,No gains,No losses,40,US,<=50K
55, Self-emp-inc,140000, Bachelors,13,Couple, Exec-managerial, Husband, White, Male,Had gains,No losses,60,US,>50K
23, Private,310000, 12th,8,Single, Sales, Own-child, White, Male,No gains,No losses,20,US,<=50K
38, Private,228500, HS-grad,9,Couple, Transport-moving, Husband, Black, Male,No gains,No losses,48,US,<=50K
49, Private,165300, Masters,14,Couple, Exec-managerial, Wife, White, Female,No gains,No losses,45,US,>50K
34, Private,182345, HS-grad,9,Couple, Craft-repair, Husband, White, Male,No gains,No losses,40,US,<=50K
24, Private,210543, Some-college,10,Single, Sales, Own-child, White, Female,No gains,No losses,25,US,<=50K
45, Private,156789, Bachelors,13,Couple, Exec-managerial, Husband, White, Male,Had gains,No losses,50,US,>50K
37, Private,245876, Masters,14,Single, Prof-specialty, Not-in-family, Black, Female,No gains,No losses,40,US,>50K
19, Private,304567, 11th,7,Single, Handlers-cleaners, Own-child, White, Male,No gains,No losses,20,US,<=50K
29, Private,198432, Assoc-voc,11,Single, Tech-support, Not-in-family, Asian-Pac-Islander, Male,No gains,No losses,40,Non-US,<=50K
52, Federal-gov,178321, Doctorate,16,Couple, Prof-specialty, Husband, White, Male,Had gains,No losses,45,US,>50K
42, Private,135678, HS-grad,9,Couple, Machine-op-inspct, Husband, White, Male,No gains,No losses,40,US,<=50K
33, Local-gov,226789, Some-college,10,Single, Protective-serv, Not-in-family, Black, Male,No gains,No losses,40,US,<=50K
31, Private,265432, Bachelors,13,Single, Sales, Not-in-family, White, Female,No gains,No losses,55,US,<=50K
35, State-gov,342156, 12th,8,Couple, Adm-clerical, Wife, White, Female,No gains,No losses,38,US,<=50K
49, Private,112345, Prof-school,15,Couple, Exec-managerial, Husband, White, Male,No gains,Had losses,50,US,>50K
61, Self-emp-not-inc,128789, 7th-8th,4,Couple, Craft-repair, Husband, White, Male,No gains,No losses,40,US,<=50K
27, Private,187654, Masters,14,Single, Prof-specialty, Not-in-family, Asian-Pac-Islander, Female,No gains,No losses,35,Non-US,>50K
56, Private,95432, HS-grad,9,Couple, Transport-moving, Husband, White, Male,No gains,No losses,48,US,<=50K
41, Private,274321, Assoc-acdm,12,Couple, Exec-managerial, Husband, White, Male,No gains,No losses,45,US,>50K
22, Private,310298, Some-college,10,Single, Other-service, Own-child, Black, Female,No gains,No losses,30,US,<=50K
55, Self-emp-inc,165432, Doctorate,16,Couple, Prof-specialty, Husband, White, Male,Had gains,No losses,55,US,>50K
38, Federal-gov,215678, Bachelors,13,Single, Tech-support, Not-in-family, White, Male,No gains,No losses,40,US,<=50K
47, Private,108765, HS-grad,9,Couple, Adm-clerical, Wife, White, Female,No gains,No losses,40,US,<=50K
45, Private,205400, HS-grad,9,Couple, Craft-repair, Husband, White, Male,No gains,No losses,40,US,<=50K
34, Private,185000, Bachelors,13,Single, Exec-managerial, Not-in-family, White, Male,No gains,No losses,45,US,>50K
29, Private,310000, Some-college,10,Single, Sales, Own-child, Black, Female,No gains,No losses,38,US,<=50K
42, Private,145000, Masters,14,Couple, Prof-specialty, Husband, Asian-Pac-Islander, Male,Had gains,No losses,50,Non-US,>50K
60, Self-emp-not-inc,120000, HS-grad,9,Couple, Other-service, Husband, White, Male,No gains,No losses,30,US,<=50K
37, Federal-gov,260000, Doctorate,16,Single, Prof-specialty, Not-in-family, White, Female,No gains,No losses,40,US,>50K
22, Private,280000, 11th,7,Single, Handlers-cleaners, Own-child, Black, Male,No gains,No losses,30,US,<=50K
33, Local-gov,190000, Assoc-acdm,12,Couple, Protective-serv, Husband, White, Male,No gains,No losses,40,US,<=50K
49, Private,220000, Some-college,10,Single, Adm-clerical, Unmarried, White, Female,No gains,No losses,35,US,<=50K
52, Self-emp-inc,150000, Bachelors,13,Couple, Exec-managerial, Wife, White, Female,Had gains,No losses,55,US,>50K
25, Private,340000, 12th,8,Single, Machine-op-inspct, Own-child, Asian-Pac-Islander, Male,No gains,No losses,40,Non-US,<=50K
30, State-gov,200000, Masters,14,Couple, Prof-specialty, Husband, White, Male,No gains,No losses,40,US,>50K
65, Private,95000, HS-grad,9,Couple, Sales, Husband, White, Male,No gains,No losses,25,US,<=50K
40, Private,240000, Assoc-voc,11,Single, Tech-support, Not-in-family, Black, Female,No gains,No losses,40,US,<=50K
44, Private,175000, Prof-school,15,Couple, Prof-specialty, Wife, White, Female,No gains,Had losses,50,US,>50K
55, Private,110000, 7th-8th,4,Couple, Craft-repair, Husband, White, Male,No gains,No losses,40,US,<=50K
31, Private,300000, Some-college,10,Single, Sales, Not-in-family, Amer-Indian-Eskimo, Male,No gains,No losses,40,US,<=50K
38, Self-emp-not-inc,160000, Bachelors,13,Couple, Exec-managerial, Husband, White, Male,No gains,No losses,48,US,>50K
19, Private,220000, HS-grad,9,Single, Handlers-cleaners, Own-child, White, Male,No gains,No losses,20,US,<=50K
56, Private,130000, Doctorate,16,Single, Prof-specialty, Not-in-family, Black, Female,Had gains,No losses,45,Non-US,>50K
34, Private,245789, Bachelors,13,Couple, Exec-managerial, Husband, White, Male,No gains,No losses,45,US,>50K
45, Private,189234, HS-grad,9,Couple, Craft-repair, Husband, White, Male,No gains,No losses,40,US,<=50K
29, Private,312456, Some-college,10,Single, Sales, Not-in-family, Black, Female,No gains,No losses,38,US,<=50K
42, Private,167890, Masters,14,Couple, Prof-specialty, Wife, White, Female,No gains,No losses,40,US,>50K
22, Private,278901, 11th,7,Single, Handlers-cleaners, Own-child, White, Male,No gains,No losses,30,US,<=50K
49, Federal-gov,198765, Doctorate,16,Single, Prof-specialty, Not-in-family, Asian-Pac-Islander, Male,Had gains,No losses,50,Non-US,>50K
35, Local-gov,221345, Assoc-voc,11,Couple, Tech-support, Husband, White, Male,No gains,No losses,40,US,<=50K
56, State-gov,145678, HS-grad,9,Couple, Adm-clerical, Husband, White, Male,No gains,Had losses,40,US,<=50K
31, Self-emp-inc,256789, Bachelors,13,Single, Exec-managerial, Not-in-family, White, Female,Had gains,No losses,55,US,>50K
61, Self-emp-not-inc,123456, 7th-8th,4,Couple, Craft-repair, Husband, White, Male,No gains,No losses,35,US,<=50K
27, Private,301234, Some-college,10,Single, Sales, Unmarried, Black, Female,No gains,No losses,32,US,<=50K
44, Private,185432, Masters,14,Couple, Prof-specialty, Husband, White, Male,No gains,No losses,42,Non-US,>50K
33, Private,215678, 12th,8,Couple, Other-service, Husband, White, Male,No gains,No losses,45,US,<=50K
38, Private,234567, Assoc-acdm,12,Single, Prof-specialty, Not-in-family, White, Male,No gains,No losses,40,US,>50K
48, Private,167890, HS-grad,9,Single, Machine-op-inspct, Unmarried, White, Female,No gains,No losses,40,US,<=50K
30, Private,289012, Bachelors,13,Single, Sales, Not-in-family, White, Male,No gains,No losses,50,US,<=50K
41, Private,178901, Prof-school,15,Couple, Prof-specialty, Husband, Asian-Pac-Islander, Male,Had gains,No losses,45,US,>50K
25, Private,324567, HS-grad,9,Single, Handlers-cleaners, Own-child, Black, Male,No gains,No losses,40,US,<=50K
52, Local-gov,154321, Some-college,10,Couple, Protective-serv, Husband, White, Male,No gains,No losses,40,US,>50K
19, Private,156789, 11th,7,Single, Other-service, Own-child, White, Female,No gains,No losses,20,US,<=50K
38, Private,185432, HS-grad,9,Couple, Craft-repair, Husband, White, Male,No gains,No losses,40,US,<=50K
45, Private,210567, Bachelors,13,Couple, Exec-managerial, Husband, White, Male,No gains,No losses,50,US,>50K
30, Private,275300, Some-college,10,Single, Sales, Not-in-family, White, Female,No gains,No losses,35,US,<=50K
52, Private,154822, Masters,14,Couple, Prof-specialty, Wife, White, Female,No gains,No losses,40,US,>50K
23, Private,312489, 11th,7,Single, Handlers-cleaners, Own-child, Black, Male,No gains,No losses,40,US,<=50K
34, State-gov,198765, Assoc-voc,11,Single, Tech-support, Not-in-family, White, Male,No gains,No losses,40,US,<=50K
47, Local-gov,125634, HS-grad,9,Couple, Protective-serv, Husband, White, Male,No gains,No losses,44,US,>50K
41, Private,140001, Doctorate,16,Single, Prof-specialty, Not-in-family, Asian-Pac-Islander, Male,Had gains,No losses,45,US,>50K
29, Private,229833, Some-college,10,Single, Other-service, Unmarried, Black, Female,No gains,No losses,25,US,<=50K
33, Self-emp-not-inc,164500, Associates-acdm,12,Couple, Exec-managerial, Husband, White, Male,No gains,No losses,55,US,>50K
44, Private,289101, 10th,6,Couple, Machine-op-inspct, Husband, White, Male,No gains,Had losses,40,US,<=50K
26, Private,178942, Bachelors,13,Single, Adm-clerical, Not-in-family, White, Female,No gains,No losses,38,Non-US,<=50K
55, Federal-gov,133567, Masters,14,Couple, Prof-specialty, Wife, White, Female,No gains,No losses,40,US,>50K
60, Self-emp-not-inc,98765, HS-grad,9,Couple, Farming-fishing, Husband, White, Male,No gains,No losses,48,US,<=50K
36, Private,243210, Some-college,10,Single, Craft-repair, Not-in-family, Amer-Indian-Eskimo, Male,No gains,No losses,42,US,<=50K
49, Private,115432, Prof-school,15,Couple, Prof-specialty, Husband, White, Male,Had gains,No losses,50,US,>50K
22, Private,331100, 12th,8,Single, Sales, Own-child, White, Female,No gains,No losses,20,US,<=50K
31, Private,189654, Bachelors,13,Couple, Sales, Wife, White, Female,No gains,No losses,45,Non-US,<=50K
57, University,105677, Doctorate,16,Couple, Prof-specialty, Husband, Asian-Pac-Islander, Male,No gains,No losses,40,Non-US,>50K
35, Local-gov,211000, HS-grad,9,Single, Adm-clerical, Not-in-family, Black, Male,No gains,No losses,40,US,<=50K
33, Private,187654, HS-grad,9,Couple, Craft-repair, Husband, White, Male,No gains,No losses,40,US,<=50K
45, Private,256001, Some-college,10,Single, Sales, Not-in-family, Black, Female,No gains,No losses,38,US,<=50K
29, Private,301200, Bachelors,13,Single, Prof-specialty, Own-child, Asian-Pac-Islander, Male,No gains,No losses,40,US,<=50K
52, State-gov,142750, Masters,14,Couple, Exec-managerial, Husband, White, Male,No gains,No losses,45,US,>50K
35, Private,215300, Assoc-voc,11,Single, Tech-support, Not-in-family, White, Female,No gains,No losses,40,US,<=50K
19, Private,345678, 11th,7,Single, Handlers-cleaners, Own-child, White, Male,No gains,No losses,20,US,<=50K
44, Federal-gov,189500, Doctorate,16,Couple, Prof-specialty, Wife, White, Female,Had gains,No losses,50,US,>50K
60, Self-emp-not-inc,110234, HS-grad,9,Couple, Exec-managerial, Husband, White, Male,No gains,No losses,55,US,>50K
24, Private,265432, Some-college,10,Single, Other-service, Not-in-family, Black, Female,No gains,No losses,30,US,<=50K
31, Private,180987, 12th,8,Single, Machine-op-inspct, Unmarried, White, Male,No gains,No losses,40,Non-US,<=50K
49, Private,157800, Bachelors,13,Couple, Sales, Husband, White, Male,Had gains,No losses,45,US,>50K
38, Local-gov,223456, Assoc-acdm,12,Couple, Protective-serv, Husband, White, Male,No gains,No losses,40,US,<=50K
41, Private,195000, 7th-8th,4,Couple, Craft-repair, Husband, White, Male,No gains,No losses,48,US,<=50K
37, Private,234500, Masters,14,Single, Prof-specialty, Not-in-family, Asian-Pac-Islander, Female,No gains,No losses,40,Non-US,>50K
27, Private,289000, HS-grad,9,Single, Transport-moving, Not-in-family, Black, Male,No gains,No losses,40,US,<=50K
55, Self-emp-inc,142300, Some-college,10,Couple, Exec-managerial, Husband, White, Male,No gains,Had losses,60,US,>50K
22, Private,312000, Bachelors,13,Single, Adm-clerical, Own-child, White, Female,No gains,No losses,35,US,<=50K
43, Private,178900, Prof-school,15,Couple, Prof-specialty, Wife, White, Female,No gains,No losses,50,US,>50K
65, Local-gov,101000, HS-grad,9,Couple, Protective-serv, Husband, White, Male,No gains,No losses,40,US,<=50K
34, Private,205000, Doctorate,16,Single, Prof-specialty, Not-in-family, White, Male,Had gains,No losses,45,Non-US,>50K
34, Private,189023, HS-grad,9,Couple, Craft-repair, Husband, White, Male,No gains,No losses,45,US,<=50K
42, Private,267341, Bachelors,13,Couple, Exec-managerial, Husband, White, Male,No gains,No losses,50,US,>50K
25, Private,312445, Some-college,10,Single, Sales, Not-in-family, Black, Female,No gains,No losses,30,US,<=50K
45, Private,156789, Masters,14,Single, Prof-specialty, Not-in-family, Asian-Pac-Islander, Male,Had gains,No losses,40,Non-US,>50K
19, Private,142550, 11th,7,Single, Handlers-cleaners, Own-child, White, Male,No gains,No losses,20,US,<=50K
37, Local-gov,210987, Assoc-voc,11,Couple, Tech-support, Wife, White, Female,No gains,No losses,38,US,<=50K
52, Federal-gov,178432, Doctorate,16,Couple, Prof-specialty, Husband, White, Male,Had gains,No losses,45,US,>50K
29, Self-emp-not-inc,245678, Some-college,10,Single, Craft-repair, Not-in-family, Amer-Indian-Eskimo, Male,No gains,No losses,40,US,<=50K
57, Private,123456, HS-grad,9,Couple, Machine-op-inspct, Husband, White, Male,No gains,Had losses,40,US,>50K
33, Private,189567, Assoc-acdm,12,Single, Adm-clerical, Unmarried, Black, Female,No gains,No losses,35,US,<=50K
48, State-gov,287654, Bachelors,13,Couple, Exec-managerial, Husband, White, Male,No gains,No losses,55,Non-US,>50K
62, Private,98765, 7th-8th,4,Couple, Other-service, Husband, White, Male,No gains,No losses,20,US,<=50K
41, Private,205432, Some-college,10,Couple, Protective-serv, Husband, White, Male,No gains,No losses,48,US,>50K
22, Private,265432, 12th,8,Single, Sales, Own-child, Black, Female,No gains,No losses,25,US,<=50K
35, Private,168432, Masters,14,Single, Prof-specialty, Not-in-family, Asian-Pac-Islander, Female,No gains,No losses,40,US,>50K
30, Self-emp-not-inc,176543, HS-grad,9,Single, Craft-repair, Not-in-family, White, Male,No gains,No losses,40,US,<=50K
27, Private,198765, Bachelors,13,Single, Adm-clerical, Unmarried, White, Female,No gains,No losses,35,US,<=50K
44, Private,154321, Prof-school,15,Couple, Prof-specialty, Husband, White, Male,Had gains,No losses,50,Non-US,>50K
54, Federal-gov,234567, Some-college,10,Couple, Exec-managerial, Husband, Black, Male,No gains,No losses,42,US,>50K
38, Private,145678, HS-grad,9,Couple, Transport-moving, Husband, White, Male,No gains,No losses,48,US,<=50K
34, Private,245789, HS-grad,9,Couple, Craft-repair, Husband, White, Male,No gains,No losses,40,US,<=50K
42, Private,187456, Bachelors,13,Couple, Exec-managerial, Husband, White, Male,No gains,No losses,50,US,>50K
29, Private,305112, Some-college,10,Single, Sales, Not-in-family, Black, Female,No gains,No losses,38,US,<=50K
47, Private,162843, Masters,14,Single, Prof-specialty, Not-in-family, Asian-Pac-Islander, Female,No gains,No losses,40,US,>50K
22, Private,287654, 11th,7,Single, Other-service, Own-child, White, Male,No gains,No losses,25,US,<=50K
38, Local-gov,215689, Assoc-voc,11,Couple, Tech-support, Husband, White, Male,No gains,No losses,40,US,<=50K
45, Private,134567, Doctorate,16,Couple, Prof-specialty, Husband, White, Male,Had gains,No losses,45,US,>50K
60, Self-emp-not-inc,157890, HS-grad,9,Couple, Exec-managerial, Husband, White, Male,No gains,No losses,40,US,>50K
31, State-gov,321456, Some-college,10,Single, Adm-clerical, Unmarried, Black, Female,No gains,No losses,35,US,<=50K
33, Private,198765, Bachelors,13,Single, Prof-specialty, Not-in-family, White, Male,No gains,No losses,55,Non-US,>50K
48, Private,123456, 7th-8th,4,Couple, Handlers-cleaners, Husband, White, Male,No gains,No losses,40,US,<=50K
52, Federal-gov,176543, Masters,14,Couple, Exec-managerial, Wife, White, Female,No gains,Had losses,40,US,>50K
26, Private,278912, Assoc-acdm,12,Single, Sales, Own-child, White, Male,No gains,No losses,30,US,<=50K
41, Local-gov,189012, HS-grad,9,Couple, Protective-serv, Husband, Black, Male,No gains,No losses,40,US,<=50K
56, Self-emp-inc,145678, Some-college,10,Couple, Exec-managerial, Husband, White, Male,No gains,No losses,60,US,>50K
24, Private,234567, Bachelors,13,Single, Adm-clerical, Not-in-family, Asian-Pac-Islander, Female,No gains,No losses,40,Non-US,<=50K
35, Private,312345, 12th,8,Single, Machine-op-inspct, Unmarried, White, Male,No gains,No losses,40,US,<=50K
44, Private,156789, Prof-school,15,Couple, Prof-specialty, Husband, White, Male,Had gains,No losses,50,US,>50K
19, Private,298765, HS-grad,9,Single, Handlers-cleaners, Own-child, White, Female,No gains,No losses,20,US,<=50K
54, Local-gov,112233, Some-college,10,Couple, Tech-support, Wife, Black, Female,No gains,No losses,40,US,>50K
34, Private,205481, HS-grad,9,Couple, Craft-repair, Husband, White, Male,No gains,No losses,40,US,<=50K
45, Private,298765, Bachelors,13,Couple, Exec-managerial, Husband, White, Male,No gains,No losses,50,US,>50K
22, Private,155320, Some-college,10,Single, Sales, Own-child, Black, Female,No gains,No losses,25,US,<=50K
52, State-gov,222100, Masters,14,Couple, Prof-specialty, Husband, White, Male,No gains,No losses,40,Non-US,>50K
29, Private,180999, 11th,7,Single, Other-service, Not-in-family, White, Male,No gains,No losses,30,US,<=50K
38, Private,278456, Assoc-voc,11,Single, Tech-support, Not-in-family, Asian-Pac-Islander, Female,No gains,No losses,40,US,<=50K
43, Private,134567, Doctorate,16,Couple, Prof-specialty, Wife, White, Female,Had gains,No losses,45,US,>50K
61, Self-emp-not-inc,190123, HS-grad,9,Couple, Craft-repair, Husband, White, Male,No gains,No losses,20,US,<=50K
33, Local-gov,240876, Bachelors,13,Single, Adm-clerical, Not-in-family, Black, Male,No gains,No losses,40,US,<=50K
47, Self-emp-inc,312500, Some-college,10,Couple, Exec-managerial, Husband, White, Male,Had gains,No losses,55,US,>50K
21, Private,167890, 12th,8,Single, Handlers-cleaners, Own-child, White, Male,No gains,No losses,35,US,<=50K
40, Private,178234, Prof-school,15,Couple, Prof-specialty, Husband, White, Male,No gains,No losses,50,Non-US,>50K
30, Federal-gov,289012, Assoc-acdm,12,Single, Machine-op-inspct, Unmarried, Black, Female,No gains,No losses,35,US,<=50K
56, Private,215678, HS-grad,9,Couple, Adm-clerical, Wife, White, Female,No gains,No losses,40,US,<=50K
49, Federal-gov,140987, Doctorate,16,Couple, Prof-specialty, Husband, Asian-Pac-Islander, Male,Had gains,No losses,40,Non-US,>50K
27, Private,231234, Some-college,10,Single, Sales, Not-in-family, White, Female,No gains,No losses,40,US,<=50K
36, Private,195432, Bachelors,13,Single, Prof-specialty, Not-in-family, White, Male,No gains,No losses,45,US,>50K
58, Private,123456, 7th-8th,4,Couple, Craft-repair, Husband, White, Male,No gains,No losses,40,US,<=50K
42, Private,186543, Masters,14,Couple, Exec-managerial, Wife, Black, Female,No gains,No losses,50,US,>50K
19, Private,145678, HS-grad,9,Single, Other-service, Own-child, White, Female,No gains,No losses,20,US,<=50K
34, Private,210543, HS-grad,9,Couple, Craft-repair, Husband, White, Male,No gains,No losses,40,US,<=50K
29, Private,178934, Some-college,10,Single, Sales, Not-in-family, White, Female,No gains,No losses,38,US,<=50K
42, Private,295671, Bachelors,13,Couple, Exec-managerial, Husband, White, Male,No gains,No losses,45,US,>50K
33, Private,154322, Masters,14,Single, Prof-specialty, Not-in-family, Asian-Pac-Islander, Male,No gains,No losses,40,Non-US,<=50K
47, Local-gov,226887, HS-grad,9,Couple, Protective-serv, Husband, Black, Male,No gains,No losses,40,US,<=50K
45, Private,139786, Doctorate,16,Couple, Prof-specialty, Husband, White, Male,Had gains,No losses,50,US,>50K
24, Private,332450, Some-college,10,Single, Handlers-cleaners, Own-child, Black, Male,No gains,No losses,30,US,<=50K
38, State-gov,187654, Assoc-voc,11,Single, Tech-support, Not-in-family, White, Female,No gains,No losses,40,US,<=50K
31, Self-emp-inc,265432, Bachelors,13,Single, Exec-managerial, Not-in-family, White, Male,No gains,No losses,55,US,>50K
19, Private,145678, 11th,7,Single, Other-service, Own-child, White, Female,No gains,No losses,20,US,<=50K
52, Federal-gov,210987, Masters,14,Couple, Prof-specialty, Wife, White, Female,No gains,No losses,40,US,>50K
56, Private,123456, HS-grad,9,Couple, Machine-op-inspct, Husband, White, Male,No gains,No losses,48,US,<=50K
27, Private,278345, Some-college,10,Single, Adm-clerical, Unmarried, Black, Female,No gains,No losses,35,US,<=50K
49, Private,191234, Bachelors,13,Couple, Sales, Husband, White, Male,No gains,Had losses,42,US,>50K
22, Private,205678, HS-grad,9,Single, Transport-moving, Own-child, White, Male,No gains,No losses,40,Non-US,<=50K
35, Local-gov,198765, Assoc-acdm,12,Couple, Adm-clerical, Wife, White, Female,No gains,No losses,40,US,<=50K
43, Self-emp-inc,167890, Prof-school,15,Couple, Prof-specialty, Husband, White, Male,Had gains,No losses,60,US,>50K
64, Private,112233, 7th-8th,4,Couple, Craft-repair, Husband, Black, Male,No gains,No losses,30,US,<=50K
36, Private,245678, HS-grad,9,Single, Sales, Not-in-family, White, Female,No gains,No losses,25,US,<=50K
41, Private,184567, Masters,14,Couple, Exec-managerial, Husband, Asian-Pac-Islander, Male,No gains,No losses,50,Non-US,>50K
34, Private,189432, HS-grad,9,Couple, Craft-repair, Husband, White, Male,No gains,No losses,40,US,<=50K
29, Private,245001, Bachelors,13,Single, Prof-specialty, Not-in-family, Asian-Pac-Islander, Female,No gains,No losses,38,US,<=50K
45, Private,312567, Some-college,10,Couple, Exec-managerial, Wife, White, Female,No gains,No losses,45,US,>50K
22, Private,156789, 11th,7,Single, Sales, Own-child, Black, Male,No gains,No losses,25,US,<=50K
42, State-gov,221456, Masters,14,Couple, Prof-specialty, Husband, White, Male,Had gains,No losses,50,Non-US,>50K
31, Private,178234, Assoc-voc,11,Single, Tech-support, Not-in-family, White, Male,No gains,No losses,40,US,<=50K
55, Federal-gov,195678, Doctorate,16,Couple, Prof-specialty, Husband, Asian-Pac-Islander, Male,Had gains,No losses,50,Non-US,>50K
48, Private,134567, HS-grad,9,Single, Handlers-cleaners, Not-in-family, Black, Male,No gains,No losses,40,US,<=50K
33, Self-emp-inc,287654, Bachelors,13,Couple, Exec-managerial, Wife, White, Female,No gains,No losses,55,US,>50K
27, Private,198765, Some-college,10,Single, Adm-clerical, Unmarried, White, Female,No gains,No losses,35,US,<=50K
60, Private,112345, 7th-8th,4,Couple, Other-service, Husband, White, Male,No gains,Had losses,30,US,<=50K
41, Private,210987, Prof-school,15,Couple, Prof-specialty, Husband, White, Male,No gains,No losses,48,US,>50K
38, Local-gov,245678, HS-grad,9,Couple, Protective-serv, Husband, Black, Male,No gains,No losses,40,US,<=50K
36, Private,167890, Assoc-acdm,12,Single, Sales, Not-in-family, Amer-Indian-Eskimo, Female,No gains,No losses,40,US,<=50K
52, Self-emp-not-inc,178901, Masters,14,Single, Exec-managerial, Not-in-family, White, Male,No gains,No losses,45,US,>50K
25, Private,189012, 12th,8,Single, Machine-op-inspct, Own-child, White, Male,No gains,No losses,40,Non-US,<=50K
49, Private,245123, Some-college,10,Couple, Craft-repair, Husband, White, Male,No gains,Had losses,42,US,<=50K
44, Private,156234, Bachelors,13,Couple, Sales, Husband, White, Male,No gains,No losses,50,US,>50K
19, Private,123456, HS-grad,9,Single, Other-service, Own-child, Black, Female,No gains,No losses,20,US,<=50K
57, Private,217890, Doctorate,16,Couple, Prof-specialty, Wife, White, Female,Had gains,No losses,45,Non-US,>50K
43, Private,189432, HS-grad,9,Couple, Craft-repair, Husband, White, Male,No gains,No losses,40,US,<=50K
34, Private,275643, Bachelors,13,Single, Exec-managerial, Not-in-family, White, Male,No gains,No losses,50,US,>50K
29, Local-gov,221098, Some-college,10,Single, Protective-serv, Own-child, Black, Male,No gains,No losses,35,US,<=50K
45, Private,168532, Masters,14,Couple, Prof-specialty, Husband, White, Male,No gains,No losses,45,US,>50K
22, Private,305876, 11th,7,Single, Handlers-cleaners, Not-in-family, White, Male,No gains,No losses,30,US,<=50K
38, Federal-gov,312440, Assoc-voc,11,Couple, Tech-support, Wife, Black, Female,No gains,No losses,40,US,<=50K
49, Private,143275, Doctorate,16,Single, Prof-specialty, Not-in-family, Asian-Pac-Islander, Male,Had gains,No losses,55,Non-US,>50K
52, Self-emp-not-inc,145600, HS-grad,9,Couple, Sales, Husband, White, Male,No gains,No losses,40,US,<=50K
31, Private,257821, Some-college,10,Single, Adm-clerical, Unmarried, White, Female,No gains,No losses,38,US,<=50K
41, State-gov,198765, Bachelors,13,Couple, Exec-managerial, Husband, White, Male,No gains,No losses,45,US,>50K
60, Self-emp-not-inc,120832, 7th-8th,4,Couple, Farming-fishing, Husband, White, Male,No gains,No losses,30,US,<=50K
37, Private,187432, Masters,14,Single, Prof-specialty, Not-in-family, Black, Female,No gains,No losses,40,Non-US,>50K
25, Private,289123, HS-grad,9,Single, Other-service, Own-child, White, Male,No gains,No losses,20,US,<=50K
33, Private,215098, Assoc-acdm,12,Couple, Exec-managerial, Husband, White, Male,No gains,No losses,50,US,<=50K
47, Private,156780, Doctorate,16,Couple, Prof-specialty, Wife, Asian-Pac-Islander, Female,Had gains,No losses,40,Non-US,>50K
19, Private,198432, 12th,8,Single, Handlers-cleaners, Own-child, Black, Male,No gains,No losses,25,US,<=50K
56, Local-gov,132567, Some-college,10,Couple, Machine-op-inspct, Husband, White, Male,No gains,No losses,40,US,<=50K
44, Self-emp-inc,176543, Bachelors,13,Couple, Sales, Husband, White, Male,No gains,No losses,60,US,>50K
62, Private,112345, HS-grad,9,Couple, Craft-repair, Husband, White, Male,No gains,Had losses,30,US,<=50K
42, Private,234567, Prof-school,15,Single, Prof-specialty, Not-in-family, White, Female,No gains,No losses,45,US,>50K
34, Private,245789, Some-college,10,Single, Sales, Not-in-family, White, Male,No gains,No losses,38,US,<=50K
45, Private,182345, Masters,14,Couple, Exec-managerial, Husband, White, Male,No gains,No losses,50,US,>50K
29, Private,310022, HS-grad,9,Single, Craft-repair, Own-child, Hispanic, Male,No gains,No losses,40,Non-US,<=50K
41, Local-gov,218990, Assoc-acdm,12,Couple, Protective-serv, Husband, White, Male,No gains,No losses,40,US,<=50K
52, Self-emp-inc,105678, Bachelors,13,Couple, Exec-managerial, Husband, White, Male,Had gains,No losses,55,US,>50K
19, Private,280456, 11th,7,Single, Other-service, Own-child, Black, Female,No gains,No losses,20,US,<=50K
37, State-gov,195432, Some-college,10,Single, Adm-clerical, Not-in-family, White, Female,No gains,No losses,40,US,<=50K
44, Private,133211, Doctorate,16,Couple, Prof-specialty, Husband, Asian-Pac-Islander, Male,Had gains,No losses,45,Non-US,>50K
60, Federal-gov,98765, HS-grad,9,Couple, Adm-clerical, Husband, White, Male,No gains,No losses,40,US,>50K
48, Private,154320, 7th-8th,4,Couple, Craft-repair, Husband, Amer-Indian-Eskimo, Male,No gains,No losses,40,US,<=50K
30, Self-emp-not-inc,225678, Bachelors,13,Single, Sales, Not-in-family, White, Female,No gains,No losses,30,US,<=50K
47, Private,188543, Prof-school,15,Couple, Prof-specialty, Wife, White, Female,No gains,No losses,45,US,>50K
25, Private,342100, Some-college,10,Single, Machine-op-inspct, Unmarried, Black, Male,No gains,No losses,40,US,<=50K
33, Private,167890, Masters,14,Single, Prof-specialty, Not-in-family, Asian-Pac-Islander, Female,No gains,No losses,35,Non-US,<=50K
56, Local-gov,120456, HS-grad,9,Couple, Protective-serv, Husband, White, Male,No gains,Had losses,40,US,<=50K
39, Federal-gov,276543, Assoc-voc,11,Couple, Tech-support, Husband, White, Male,No gains,No losses,40,US,<=50K
42, Private,142567, Bachelors,13,Couple, Exec-managerial, Husband, White, Male,No gains,No losses,60,US,>50K
22, Private,198765, 12th,8,Single, Handlers-cleaners, Own-child, Hispanic, Male,No gains,No losses,38,Non-US,<=50K
49, Self-emp-inc,112233, Some-college,10,Couple, Exec-managerial, Husband, Black, Male,Had gains,No losses,50,US,>50K
35, Private,200111, Masters,14,Couple, Prof-specialty, Wife, White, Female,No gains,No losses,40,US,>50K
34, Private,189024, HS-grad,9,Couple, Craft-repair, Husband, White, Male,No gains,No losses,40,US,<=50K
42, Private,245678, Bachelors,13,Couple, Exec-managerial, Husband, White, Male,No gains,No losses,45,US,>50K
25, Private,312450, Some-college,10,Single, Sales, Not-in-family, Black, Female,No gains,No losses,38,US,<=50K
35, Private,178234, Masters,14,Single, Prof-specialty, Not-in-family, Asian-Pac-Islander, Male,Had gains,No losses,50,US,>50K
19, Private,145789, 11th,7,Single, Handlers-cleaners, Own-child, White, Male,No gains,No losses,25,US,<=50K
48, Local-gov,210987, Assoc-voc,11,Couple, Tech-support, Husband, White, Male,No gains,No losses,40,US,<=50K
56, Self-emp-not-inc,156432, HS-grad,9,Couple, Craft-repair, Husband, White, Male,No gains,No losses,35,US,<=50K
45, Private,134567, Doctorate,16,Couple, Prof-specialty, Husband, White, Male,Had gains,No losses,45,Non-US,>50K
30, Private,278901, Some-college,10,Single, Other-service, Unmarried, Black, Female,No gains,No losses,40,US,<=50K
29, Private,198765, Bachelors,13,Single, Exec-managerial, Not-in-family, White, Female,No gains,No losses,50,US,>50K
62, Private,112345, 7th-8th,4,Couple, Machine-op-inspct, Husband, White, Male,No gains,No losses,40,US,<=50K
23, Private,223456, HS-grad,9,Single, Adm-clerical, Own-child, White, Female,No gains,No losses,40,US,<=50K
41, Private,167890, Prof-school,15,Couple, Prof-specialty, Wife, White, Female,No gains,No losses,40,US,>50K
33, State-gov,345678, 12th,8,Single, Protective-serv, Not-in-family, Black, Male,No gains,No losses,40,US,<=50K
52, Self-emp-inc,184567, Some-college,10,Couple, Exec-managerial, Husband, White, Male,Had gains,No losses,55,US,>50K
27, Private,289012, Bachelors,13,Single, Sales, Not-in-family, Asian-Pac-Islander, Male,No gains,No losses,45,Non-US,<=50K
38, Federal-gov,201234, Assoc-acdm,12,Couple, Exec-managerial, Wife, White, Female,No gains,No losses,40,US,>50K
44, Private,154321, HS-grad,9,Single, Transport-moving, Unmarried, White, Male,No gains,Had losses,40,US,<=50K
37, Private,176543, Masters,14,Couple, Prof-specialty, Husband, White, Male,No gains,No losses,40,US,>50K
20, Private,165432, 11th,7,Single, Handlers-cleaners, Own-child, Black, Male,No gains,No losses,20,US,<=50K
34, Private,215487, HS-grad,9,Couple, Craft-repair, Husband, White, Male,No gains,No losses,40,US,<=50K
29, Private,302114, Bachelors,13,Single, Prof-specialty, Not-in-family, Asian-Pac-Islander, Female,No gains,No losses,38,US,<=50K
45, Private,189023, Some-college,10,Couple, Exec-managerial, Husband, White, Male,Had gains,No losses,50,US,>50K
42, Private,254876, Masters,14,Couple, Prof-specialty, Wife, White, Female,No gains,No losses,45,Non-US,>50K
19, Private,185000, 11th,7,Single, Handlers-cleaners, Own-child, Black, Male,No gains,No losses,20,US,<=50K
55, State-gov,167543, Doctorate,16,Single, Prof-specialty, Not-in-family, White, Male,Had gains,No losses,40,US,>50K
36, Local-gov,198765, Assoc-voc,11,Couple, Tech-support, Husband, White, Male,No gains,No losses,40,US,<=50K
62, Self-emp-not-inc,112345, HS-grad,9,Couple, Sales, Husband, White, Male,No gains,Had losses,35,US,<=50K
31, Private,278900, Bachelors,13,Single, Exec-managerial, Not-in-family, Asian-Pac-Islander, Female,No gains,No losses,55,US,>50K
48, Private,254100, 7th-8th,4,Couple, Craft-repair, Husband, White, Male,No gains,No losses,40,Non-US,<=50K
24, Private,320000, Some-college,10,Single, Other-service, Own-child, Black, Female,No gains,No losses,30,US,<=50K
44, Private,182456, Prof-school,15,Couple, Prof-specialty, Husband, White, Male,No gains,No losses,48,US,>50K
33, Private,210045, HS-grad,9,Single, Adm-clerical, Unmarried, White, Female,No gains,No losses,40,US,<=50K
39, Federal-gov,195678, Associates,12,Couple, Protective-serv, Husband, White, Male,No gains,No losses,40,US,>50K
22, Private,142567, 12th,8,Single, Machine-op-inspct, Own-child, Amer-Indian-Eskimo, Male,No gains,No losses,38,US,<=50K
50, Self-emp-inc,234567, Bachelors,13,Single, Sales, Not-in-family, White, Male,Had gains,No losses,60,US,>50K
27, Private,315000, Some-college,10,Single, Adm-clerical, Not-in-family, Black, Female,No gains,No losses,40,US,<=50K
47, Private,176543, Masters,14,Couple, Exec-managerial, Wife, White, Female,No gains,No losses,45,Non-US,>50K
56, Local-gov,98765, HS-grad,9,Couple, Transport-moving, Husband, White, Male,No gains,No losses,40,US,<=50K
35, Private,265432, Some-college,10,Single, Other-service, Unmarried, White, Male,No gains,No losses,25,US,<=50K
34, Private,250123, HS-grad,9,Single, Craft-repair, Not-in-family, White, Male,No gains,No losses,40,US,<=50K
45, Private,189450, Bachelors,13,Couple, Exec-managerial, Husband, White, Male,No gains,No losses,45,US,>50K
22, Private,305678, Some-college,10,Single, Sales, Own-child, Black, Female,No gains,No losses,25,US,<=50K
52, State-gov,142800, Masters,14,Couple, Prof-specialty, Husband, White, Male,Had gains,No losses,40,US,>50K
30, Local-gov,280456, Assoc-voc,11,Single, Tech-support, Not-in-family, Asian-Pac-Islander, Male,No gains,No losses,38,Non-US,<=50K
61, Self-emp-not-inc,112345, HS-grad,9,Couple, Craft-repair, Husband, White, Male,No gains,No losses,50,US,<=50K
42, Private,165432, Doctorate,16,Single, Prof-specialty, Not-in-family, White, Female,No gains,No losses,55,US,>50K
40, Private,210000, Some-college,10,Couple, Other-service, Wife, White, Female,No gains,No losses,35,US,<=50K
29, Private,310987, Bachelors,13,Single, Adm-clerical, Unmarried, Black, Female,No gains,No losses,40,Non-US,<=50K
48, Federal-gov,195678, HS-grad,9,Couple, Adm-clerical, Wife, White, Female,No gains,Had losses,40,US,<=50K
37, Self-emp-inc,155000, Prof-school,15,Couple, Exec-managerial, Husband, White, Male,Had gains,No losses,60,US,>50K
19, Private,340123, 11th,7,Single, Handlers-cleaners, Own-child, White, Male,No gains,No losses,20,US,<=50K
33, Local-gov,225400, Assoc-acdm,12,Single, Protective-serv, Not-in-family, Black, Male,No gains,No losses,40,US,<=50K
55, Federal-gov,130000, Masters,14,Couple, Exec-managerial, Husband, Asian-Pac-Islander, Male,No gains,No losses,40,US,>50K
25, Private,265789, Some-college,10,Single, Machine-op-inspct, Unmarried, White, Male,No gains,No losses,45,Non-US,<=50K
43, Private,185000, HS-grad,9,Couple, Transport-moving, Husband, White, Male,No gains,No losses,48,US,>50K
65, Self-emp-not-inc,95000, 7th-8th,4,Couple, Craft-repair, Husband, White, Male,No gains,No losses,30,US,<=50K
35, Private,175432, Bachelors,13,Single, Sales, Not-in-family, White, Female,No gains,No losses,50,US,>50K
24, Private,298765, 12th,8,Single, Other-service, Own-child, Black, Female,No gains,No losses,35,Non-US,<=50K
49, Private,210345, Doctorate,16,Couple, Prof-specialty, Wife, White, Female,Had gains,No losses,45,US,>50K
34, Private,285432, HS-grad,9,Couple, Craft-repair, Husband, White, Male,No gains,No losses,45,US,<=50K
42, Private,192847, Bachelors,13,Couple, Exec-managerial, Husband, White, Male,Had gains,No losses,50,US,>50K
22, Private,362104, Some-college,10,Single, Sales, Own-child, Black, Female,No gains,No losses,30,US,<=50K
44, Federal-gov,215643, Masters,14,Single, Prof-specialty, Not-in-family, Asian-Pac-Islander, Male,No gains,No losses,40,Non-US,>50K
29, Private,185674, 11th,7,Single, Handlers-cleaners, Not-in-family, White, Male,No gains,No losses,38,US,<=50K
37, Local-gov,247890, Assoc-voc,11,Couple, Tech-support, Wife, White, Female,No gains,No losses,40,US,<=50K
55, Self-emp-inc,132547, Doctorate,16,Couple, Prof-specialty, Husband, White, Male,Had gains,No losses,55,US,>50K
48, Private,310547, HS-grad,9,Single, Machine-op-inspct, Unmarried, Black, Female,No gains,No losses,40,US,<=50K
31, Private,178932, Bachelors,13,Single, Adm-clerical, Not-in-family, White, Female,No gains,No losses,35,US,<=50K
60, Self-emp-not-inc,143210, Some-college,10,Couple, Exec-managerial, Husband, White, Male,No gains,Had losses,48,US,>50K
25, Private,410235, 7th-8th,4,Single, Other-service, Own-child, Amer-Indian-Eskimo, Male,No gains,No losses,20,US,<=50K
49, Private,198456, Masters,14,Couple, Prof-specialty, Husband, White, Male,No gains,No losses,40,Non-US,>50K
33, Private,224567, HS-grad,9,Couple, Transport-moving, Husband, White, Male,No gains,No losses,42,US,>50K
27, State-gov,289134, Assoc-acdm,12,Single, Protective-serv, Not-in-family, Black, Male,No gains,No losses,40,US,<=50K
41, Private,163789, Prof-school,15,Couple, Prof-specialty, Wife, White, Female,Had gains,No losses,45,US,>50K
19, Private,345678, Some-college,10,Single, Sales, Own-child, White, Female,No gains,No losses,25,US,<=50K
52, Local-gov,215890, HS-grad,9,Single, Adm-clerical, Unmarried, White, Female,No gains,No losses,38,US,<=50K
56, Private,118765, Bachelors,13,Couple, Exec-managerial, Husband, Asian-Pac-Islander, Male,No gains,No losses,50,Non-US,>50K
30, Private,276543, 12th,8,Single, Craft-repair, Not-in-family, White, Male,No gains,No losses,40,US,<=50K
47, Self-emp-not-inc,145321, Doctorate,16,Couple, Prof-specialty, Husband, White, Male,No gains,No losses,40,US,>50K
34, Private,210543, HS-grad,9,Couple, Craft-repair, Husband, White, Male,No gains,No losses,45,US,<=50K
29, Private,185432, Some-college,10,Single, Sales, Not-in-family, Black, Female,No gains,No losses,38,US,<=50K
42, Private,256789, Bachelors,13,Couple, Exec-managerial, Husband, White, Male,No gains,No losses,50,US,>50K
37, Private,165432, Masters,14,Single, Prof-specialty, Not-in-family, White, Female,No gains,No losses,40,US,>50K
45, State-gov,298765, Assoc-voc,11,Couple, Tech-support, Wife, White, Female,No gains,No losses,40,US,<=50K
22, Private,123456, 11th,7,Single, Handlers-cleaners, Own-child, White, Male,No gains,No losses,35,US,<=50K
52, Private,187654, Doctorate,16,Couple, Prof-specialty, Husband, Asian-Pac-Islander, Male,Had gains,No losses,45,Non-US,>50K
56, Local-gov,210987, HS-grad,9,Couple, Adm-clerical, Husband, White, Male,No gains,No losses,40,US,<=50K
31, Private,275432, Some-college,10,Single, Other-service, Not-in-family, Black, Female,No gains,No losses,30,US,<=50K
44, Self-emp-inc,145678, Prof-school,15,Couple, Exec-managerial, Husband, White, Male,Had gains,No losses,55,US,>50K
25, Private,192345, 12th,8,Single, Sales, Own-child, White, Male,No gains,No losses,40,US,<=50K
48, Federal-gov,234567, Bachelors,13,Couple, Prof-specialty, Wife, White, Female,No gains,No losses,40,Non-US,>50K
33, Private,321654, Assoc-acdm,12,Single, Tech-support, Not-in-family, Black, Male,No gains,No losses,40,US,<=50K
41, Private,176543, Masters,14,Couple, Exec-managerial, Husband, White, Male,No gains,Had losses,45,US,>50K
60, Private,98765, 7th-8th,4,Couple, Craft-repair, Husband, White, Male,No gains,No losses,40,US,<=50K
27, Private,215432, Some-college,10,Single, Adm-clerical, Unmarried, White, Female,No gains,No losses,35,US,<=50K
49, Private,167890, Doctorate,16,Single, Prof-specialty, Not-in-family, Asian-Pac-Islander, Male,Had gains,No losses,50,Non-US,>50K
38, Self-emp-not-inc,198765, HS-grad,9,Couple, Craft-repair, Husband, White, Male,No gains,No losses,42,US,<=50K
35, Local-gov,289012, Bachelors,13,Single, Protective-serv, Not-in-family, Black, Male,No gains,No losses,40,US,<=50K
54, Self-emp-inc,134567, Some-college,10,Couple, Sales, Husband, White, Male,No gains,No losses,48,US,>50K
45, Private,182349, HS-grad,9,Couple, Exec-managerial, Husband, White, Male,No gains,No losses,50,US,>50K
34, Private,245789, Bachelors,13,Single, Prof-specialty, Not-in-family, Asian-Pac-Islander, Female,No gains,No losses,40,US,<=50K
29, Private,210654, Some-college,10,Single, Sales, Own-child, White, Male,No gains,No losses,35,US,<=50K
42, Private,156000, Masters,14,Couple, Exec-managerial, Husband, White, Male,Had gains,No losses,55,US,>50K
22, Private,312400, 11th,7,Single, Handlers-cleaners, Not-in-family, Black, Female,No gains,No losses,25,US,<=50K
55, Federal-gov,135000, Doctorate,16,Couple, Prof-specialty, Husband, White, Male,No gains,No losses,40,Non-US,>50K
38, Local-gov,205000, Assoc-voc,11,Couple, Tech-support, Wife, White, Female,No gains,No losses,38,US,<=50K
60, Self-emp-not-inc,115800, HS-grad,9,Couple, Craft-repair, Husband, White, Male,No gains,Had losses,45,US,>50K
27, Private,289000, Bachelors,13,Single, Sales, Not-in-family, Asian-Pac-Islander, Male,No gains,No losses,40,US,<=50K
62, Private,95000, 7th-8th,4,Couple, Other-service, Husband, White, Male,No gains,No losses,20,Non-US,<=50K
48, Self-emp-inc,178500, Masters,14,Couple, Exec-managerial, Husband, White, Male,Had gains,No losses,50,US,>50K
33, Private,225000, Some-college,10,Single, Adm-clerical, Unmarried, Black, Female,No gains,No losses,32,US,<=50K
41, State-gov,198200, HS-grad,9,Couple, Protective-serv, Husband, White, Male,No gains,No losses,40,US,>50K
36, Private,240000, Assoc-acdm,12,Single, Machine-op-inspct, Own-child, Amer-Indian-Eskimo, Male,No gains,No losses,40,US,<=50K
44, Private,165000, Prof-school,15,Single, Prof-specialty, Not-in-family, White, Female,No gains,No losses,45,US,>50K
25, Private,275000, HS-grad,9,Single, Craft-repair, Not-in-family, White, Male,No gains,No losses,40,US,<=50K
52, Local-gov,190500, Bachelors,13,Couple, Prof-specialty, Wife, White, Female,No gains,No losses,38,US,<=50K
30, Private,340000, 12th,8,Single, Sales, Unmarried, Black, Male,No gains,No losses,40,Non-US,<=50K
56, Private,145000, Masters,14,Couple, Exec-managerial, Husband, White, Male,Had gains,No losses,48,US,>50K
49, Self-emp-not-inc,172000, Some-college,10,Couple, Craft-repair, Husband, White, Male,No gains,No losses,35,US,>50K
34, Private,187244, HS-grad,9,Couple, Craft-repair, Husband, White, Male,No gains,No losses,40,US,<=50K
28, Private,255398, Some-college,10,Single, Sales, Not-in-family, Black, Female,No gains,No losses,30,US,<=50K
45, Private,210450, Bachelors,13,Couple, Exec-managerial, Husband, White, Male,No gains,No losses,50,US,>50K
37, State-gov,130987, Masters,14,Single, Prof-specialty, Not-in-family, White, Female,No gains,No losses,40,US,<=50K
52, Private,189632, Doctorate,16,Couple, Prof-specialty, Wife, Asian-Pac-Islander, Female,Had gains,No losses,45,Non-US,>50K
23, Private,310065, 11th,7,Single, Handlers-cleaners, Own-child, White, Male,No gains,No losses,35,US,<=50K
41, Self-emp-inc,174330, Some-college,10,Couple, Exec-managerial, Husband, White, Male,Had gains,No losses,60,US,>50K
56, Local-gov,145211, HS-grad,9,Single, Adm-clerical, Not-in-family, Black, Female,No gains,No losses,40,US,<=50K
29, Private,287654, Bachelors,13,Single, Tech-support, Unmarried, White, Male,No gains,No losses,40,US,<=50K
33, Private,198700, Assoc-voc,11,Couple, Craft-repair, Husband, White, Male,No gains,No losses,42,US,<=50K
44, Private,163587, Prof-school,15,Couple, Prof-specialty, Husband, White, Male,No gains,No losses,50,Non-US,>50K
48, Local-gov,211009, 12th,8,Single, Other-service, Not-in-family, Black, Female,No gains,No losses,38,US,<=50K
35, Federal-gov,112345, Masters,14,Single, Prof-specialty, Not-in-family, Asian-Pac-Islander, Male,No gains,No losses,40,Non-US,>50K
30, Private,221458, HS-grad,9,Single, Transport-moving, Own-child, White, Male,No gains,No losses,45,US,<=50K
39, Private,175632, Assoc-acdm,12,Couple, Adm-clerical, Wife, White, Female,No gains,No losses,40,US,<=50K
55, Self-emp-not-inc,140888, Some-college,10,Couple, Exec-managerial, Husband, White, Male,No gains,Had losses,48,US,>50K
61, Private,198500, 7th-8th,4,Couple, Craft-repair, Husband, Amer-Indian-Eskimo, Male,No gains,No losses,40,US,<=50K
26, Private,330754, Bachelors,13,Single, Sales, Unmarried, White, Female,No gains,No losses,25,US,<=50K
49, Private,121112, Doctorate,16,Couple, Prof-specialty, Husband, White, Male,Had gains,No losses,55,US,>50K
43, Private,162893, HS-grad,9,Couple, Machine-op-inspct, Husband, White, Male,No gains,No losses,40,Non-US,<=50K
34, Private,215084, HS-grad,9,Couple, Craft-repair, Husband, White, Male,No gains,No losses,40,US,<=50K
29, Private,187654, Bachelors,13,Single, Prof-specialty, Not-in-family, Asian-Pac-Islander, Female,No gains,No losses,45,US,>50K
22, Private,302478, Some-college,10,Single, Sales, Own-child, White, Male,No gains,No losses,25,US,<=50K
44, Self-emp-inc,160022, Masters,14,Couple, Exec-managerial, Husband, White, Male,Had gains,No losses,50,US,>50K
19, Private,245678, 11th,7,Single, Handlers-cleaners, Own-child, Black, Male,No gains,No losses,20,US,<=50K
52, Private,135991, Doctorate,16,Couple, Prof-specialty, Wife, White, Female,No gains,No losses,40,Non-US,>50K
31, Local-gov,289345, Assoc-voc,11,Single, Tech-support, Not-in-family, White, Male,No gains,No losses,40,US,<=50K
48, Private,112345, HS-grad,9,Single, Other-service, Unmarried, Black, Female,No gains,Had losses,38,US,<=50K
41, Federal-gov,198432, Prof-school,15,Couple, Prof-specialty, Husband, White, Male,No gains,No losses,45,US,>50K
62, Self-emp-not-inc,95432, 7th-8th,4,Couple, Craft-repair, Husband, White, Male,No gains,No losses,35,US,<=50K
37, Private,275432, Some-college,10,Single, Adm-clerical, Not-in-family, Asian-Pac-Islander, Female,No gains,No losses,40,US,<=50K
55, Private,178900, Bachelors,13,Couple, Exec-managerial, Husband, White, Male,Had gains,No losses,55,US,>50K
27, Local-gov,204567, Assoc-acdm,12,Single, Protective-serv, Not-in-family, Black, Male,No gains,No losses,40,Non-US,<=50K
33, Private,310987, 12th,8,Couple, Machine-op-inspct, Husband, White, Male,No gains,No losses,40,US,<=50K
35, State-gov,189223, Masters,14,Couple, Exec-managerial, Wife, White, Female,No gains,No losses,40,US,>50K
60, Federal-gov,118765, HS-grad,9,Couple, Adm-clerical, Husband, Black, Male,No gains,No losses,40,US,>50K
43, Self-emp-not-inc,221567, Some-college,10,Couple, Sales, Husband, White, Male,No gains,No losses,48,US,<=50K
25, Private,256789, Bachelors,13,Single, Sales, Not-in-family, White, Female,No gains,No losses,30,US,<=50K
47, Private,141234, Doctorate,16,Single, Prof-specialty, Not-in-family, Amer-Indian-Eskimo, Male,Had gains,No losses,50,Non-US,>50K
18, Private,276543, 11th,7,Single, Other-service, Own-child, White, Female,No gains,No losses,15,US,<=50K
34, Private,205432, HS-grad,9,Couple, Craft-repair, Husband, White, Male,No gains,No losses,40,US,<=50K
42, Private,187900, Bachelors,13,Couple, Exec-managerial, Husband, White, Male,No gains,No losses,50,US,>50K
24, Private,310589, Some-college,10,Single, Sales, Not-in-family, Black, Female,No gains,No losses,30,US,<=50K
45, State-gov,142150, Masters,14,Single, Prof-specialty, Not-in-family, White, Male,No gains,No losses,40,US,>50K
19, Private,252678, 11th,7,Single, Handlers-cleaners, Own-child, White, Male,No gains,No losses,20,US,<=50K
30, Local-gov,228790, Assoc-acdm,12,Single, Tech-support, Not-in-family, Asian-Pac-Islander, Male,No gains,No losses,38,Non-US,<=50K
50, Self-emp-not-inc,115450, HS-grad,9,Couple, Craft-repair, Husband, White, Male,No gains,No losses,45,US,<=50K
49, Private,168330, Doctorate,16,Couple, Prof-specialty, Wife, White, Female,Had gains,No losses,45,US,>50K
29, Private,295100, Some-college,10,Single, Adm-clerical, Unmarried, Black, Female,No gains,No losses,40,US,<=50K
36, Private,201250, Bachelors,13,Single, Exec-managerial, Not-in-family, White, Male,No gains,No losses,55,US,>50K
62, Private,138675, 7th-8th,4,Couple, Other-service, Husband, White, Male,No gains,No losses,35,US,<=50K
33, Federal-gov,189512, Assoc-voc,11,Single, Protective-serv, Not-in-family, Black, Male,No gains,No losses,40,Non-US,<=50K
41, Private,155780, Masters,14,Couple, Prof-specialty, Wife, White, Female,No gains,No losses,40,US,>50K
48, Local-gov,220400, HS-grad,9,Couple, Machine-op-inspct, Husband, White, Male,No gains,No losses,40,US,<=50K
27, Private,287300, Some-college,10,Single, Sales, Own-child, White, Male,No gains,No losses,25,US,<=50K
44, Private,178500, Prof-school,15,Couple, Prof-specialty, Husband, White, Male,Had gains,No losses,50,US,>50K
22, Private,340125, 12th,8,Single, Handlers-cleaners, Own-child, Amer-Indian-Eskimo, Female,No gains,No losses,35,US,<=50K
55, Self-emp-inc,110250, Some-college,10,Couple, Exec-managerial, Husband, White, Male,No gains,Had losses,60,US,>50K
31, Private,262800, Bachelors,13,Single, Sales, Not-in-family, White, Female,No gains,No losses,45,Non-US,<=50K
37, Private,195432, HS-grad,9,Couple, Transport-moving, Husband, Black, Male,No gains,No losses,40,US,<=50K
35, Private,210345, HS-grad,9,Couple, Craft-repair, Husband, White, Male,No gains,No losses,40,US,<=50K
42, Private,189765, Bachelors,13,Couple, Exec-managerial, Husband, White, Male,No gains,No losses,45,US,>50K
29, Private,287654, Some-college,10,Single, Sales, Not-in-family, Black, Male,No gains,No losses,38,US,<=50K
52, State-gov,154322, Masters,14,Couple, Prof-specialty, Wife, White, Female,No gains,No losses,40,US,>50K
22, Private,310987, 11th,7,Single, Handlers-cleaners, Own-child, White, Male,No gains,No losses,20,US,<=50K
44, Private,132111, Doctorate,16,Couple, Prof-specialty, Husband, Asian-Pac-Islander, Male,Had gains,No losses,50,Non-US,>50K
33, Local-gov,245433, Assoc-voc,11,Single, Tech-support, Unmarried, White, Female,No gains,No losses,40,US,<=50K
48, Self-emp-not-inc,175890, HS-grad,9,Couple, Exec-managerial, Husband, White, Male,No gains,No losses,55,US,>50K
25, Private,198765, Some-college,10,Single, Adm-clerical, Not-in-family, Black, Female,No gains,No losses,35,US,<=50K
56, Federal-gov,221098, Bachelors,13,Couple, Prof-specialty, Husband, White, Male,No gains,No losses,40,US,>50K
31, Private,267890, Assoc-acdm,12,Single, Other-service, Unmarried, Amer-Indian-Eskimo, Female,No gains,No losses,30,US,<=50K
38, Private,189001, 12th,8,Couple, Machine-op-inspct, Husband, White, Male,No gains,No losses,40,US,<=50K
40, Private,165432, Masters,14,Single, Exec-managerial, Not-in-family, White, Male,No gains,Had losses,50,US,>50K
19, Private,321456, HS-grad,9,Single, Sales, Own-child, White, Female,No gains,No losses,25,US,<=50K
49, Self-emp-inc,142567, Prof-school,15,Couple, Prof-specialty, Husband, White, Male,Had gains,No losses,60,Non-US,>50K
65, Private,98765, 7th-8th,4,Couple, Craft-repair, Husband, White, Male,No gains,No losses,40,US,<=50K
34, Local-gov,234567, Some-college,10,Single, Protective-serv, Not-in-family, Black, Male,No gains,No losses,40,US,<=50K
27, Private,276543, Bachelors,13,Single, Sales, Not-in-family, White, Female,No gains,No losses,45,US,<=50K
57, Self-emp-not-inc,112233, HS-grad,9,Couple, Craft-repair, Husband, White, Male,No gains,No losses,48,US,<=50K
37, Federal-gov,198765, Doctorate,16,Couple, Prof-specialty, Wife, Asian-Pac-Islander, Female,Had gains,No losses,40,Non-US,>50K
34, Private,205781, Some-college,10,Single, Sales, Not-in-family, White, Male,No gains,No losses,40,US,<=50K
42, Private,189023, Bachelors,13,Couple, Exec-managerial, Husband, White, Male,Had gains,No losses,50,US,>50K
29, Private,310445, HS-grad,9,Single, Craft-repair, Own-child, Black, Male,No gains,No losses,38,US,<=50K
45, Private,142567, Masters,14,Couple, Prof-specialty, Wife, White, Female,No gains,No losses,40,US,>50K
22, Private,289134, 11th,7,Single, Other-service, Not-in-family, White, Female,No gains,No losses,25,US,<=50K
37, Local-gov,165432, Assoc-voc,11,Couple, Tech-support, Husband, White, Male,No gains,No losses,40,US,<=50K
31, State-gov,221098, Bachelors,13,Single, Prof-specialty, Not-in-family, Asian-Pac-Islander, Male,No gains,No losses,45,Non-US,>50K
48, Private,112309, HS-grad,9,Couple, Adm-clerical, Husband, White, Male,No gains,No losses,40,US,<=50K
56, Self-emp-inc,198765, Some-college,10,Couple, Exec-managerial, Husband, White, Male,Had gains,No losses,55,US,>50K
35, Private,134567, Doctorate,16,Single, Prof-specialty, Not-in-family, White, Female,No gains,No losses,40,Non-US,>50K
24, Private,275432, 12th,8,Single, Sales, Own-child, Black, Female,No gains,No losses,30,US,<=50K
41, Federal-gov,235678, Assoc-acdm,12,Couple, Adm-clerical, Wife, White, Female,No gains,No losses,40,US,<=50K
52, Private,98765, HS-grad,9,Couple, Machine-op-inspct, Husband, White, Male,No gains,No losses,40,US,<=50K
27, Private,255432, Bachelors,13,Single, Sales, Unmarried, White, Male,No gains,No losses,50,US,<=50K
60, Private,123456, 7th-8th,4,Couple, Craft-repair, Husband, White, Male,No gains,No losses,35,US,<=50K
44, Private,176543, Prof-school,15,Couple, Prof-specialty, Husband, White, Male,Had gains,No losses,45,Non-US,>50K
33, Private,214567, HS-grad,9,Single, Transport-moving, Not-in-family, Black, Male,No gains,No losses,40,US,<=50K
38, Local-gov,188765, Masters,14,Couple, Exec-managerial, Husband, White, Male,No gains,No losses,40,US,>50K
19, Private,321098, Some-college,10,Single, Other-service, Own-child, Amer-Indian-Eskimo, Female,No gains,No losses,20,US,<=50K
49, Federal-gov,145678, HS-grad,9,Couple, Protective-serv, Husband, White, Male,No gains,Had losses,40,US,>50K
33, Private,215400, Some-college,10,Couple, Craft-repair, Husband, White, Male,No gains,No losses,40,US,<=50K
29, Private,187650, Bachelors,13,Single, Sales, Not-in-family, White, Female,No gains,No losses,35,US,<=50K
48, Private,302550, HS-grad,9,Couple, Machine-op-inspct, Husband, White, Male,No gains,No losses,45,US,<=50K
44, Private,236780, Masters,14,Couple, Exec-managerial, Husband, White, Male,No gains,No losses,50,US,>50K
22, Private,145000, 11th,7,Single, Handlers-cleaners, Own-child, Black, Male,No gains,No losses,30,US,<=50K
37, Local-gov,198250, Assoc-voc,11,Single, Tech-support, Not-in-family, White, Female,No gains,No losses,40,US,<=50K
52, Private,168900, Doctorate,16,Couple, Prof-specialty, Husband, Asian-Pac-Islander, Male,Had gains,No losses,45,Non-US,>50K
41, Self-emp-not-inc,282000, Some-college,10,Couple, Sales, Husband, White, Male,No gains,No losses,55,US,>50K
60, Private,110450, HS-grad,9,Single, Adm-clerical, Not-in-family, Black, Female,No gains,No losses,35,US,<=50K
35, State-gov,310450, Bachelors,13,Couple, Exec-managerial, Wife, White, Female,No gains,No losses,40,US,>50K
66, Private,185000, 7th-8th,4,Couple, Other-service, Husband, White, Male,No gains,No losses,20,US,<=50K
42, Private,205300, Prof-school,15,Single, Prof-specialty, Not-in-family, White, Male,No gains,Had losses,40,US,>50K
25, Private,263440, HS-grad,9,Single, Transport-moving, Unmarried, White, Male,No gains,No losses,40,US,<=50K
54, Federal-gov,180750, Masters,14,Couple, Prof-specialty, Husband, White, Male,Had gains,No losses,40,US,>50K
30, Private,220000, Some-college,10,Single, Sales, Not-in-family, Black, Female,No gains,No losses,38,US,<=50K
45, Local-gov,270180, Assoc-acdm,12,Couple, Protective-serv, Husband, White, Male,No gains,No losses,40,US,>50K
34, Private,190320, 12th,8,Single, Craft-repair, Own-child, Amer-Indian-Eskimo, Male,No gains,No losses,45,US,<=50K
49, Private,155600, Bachelors,13,Couple, Exec-managerial, Wife, White, Female,No gains,No losses,48,US,>50K
19, Private,128500, HS-grad,9,Single, Other-service, Own-child, Black, Male,No gains,No losses,25,US,<=50K
56, Self-emp-inc,295420, Some-college,10,Couple, Exec-managerial, Husband, White, Male,Had gains,No losses,60,US,>50K
36, Private,185432, HS-grad,9,Couple, Craft-repair, Husband, White, Male,No gains,No losses,45,US,<=50K
29, Private,214589, Some-college,10,Single, Sales, Not-in-family, Black, Female,No gains,No losses,38,US,<=50K
41, Private,307812, Bachelors,13,Couple, Exec-managerial, Husband, White, Male,Had gains,No losses,50,US,>50K
45, Private,152003, Masters,14,Single, Prof-specialty, Not-in-family, Asian-Pac-Islander, Female,No gains,No losses,40,Non-US,>50K
22, Private,198765, HS-grad,9,Single, Other-service, Own-child, White, Male,No gains,No losses,25,US,<=50K
34, State-gov,275400, Assoc-voc,11,Couple, Tech-support, Wife, White, Female,No gains,No losses,40,US,<=50K
50, Self-emp-inc,135678, Some-college,10,Couple, Exec-managerial, Husband, White, Male,No gains,No losses,55,US,>50K
19, Private,145002, 11th,7,Single, Handlers-cleaners, Own-child, Black, Male,No gains,No losses,30,US,<=50K
43, Private,168234, Doctorate,16,Couple, Prof-specialty, Husband, White, Male,Had gains,No losses,45,US,>50K
61, Federal-gov,201567, HS-grad,9,Couple, Adm-clerical, Husband, White, Male,No gains,No losses,40,US,<=50K
33, Private,243109, Bachelors,13,Single, Sales, Not-in-family, White, Female,No gains,No losses,40,US,<=50K
52, Private,189345, Masters,14,Single, Prof-specialty, Not-in-family, Black, Female,No gains,No losses,35,US,>50K
27, Private,312456, 12th,8,Single, Machine-op-inspct, Unmarried, White, Male,No gains,No losses,40,US,<=50K
38, Local-gov,226781, Some-college,10,Couple, Protective-serv, Husband, White, Male,No gains,No losses,40,US,>50K
30, Private,165432, Assoc-acdm,12,Single, Adm-clerical, Not-in-family, Amer-Indian-Eskimo, Female,No gains,No losses,38,US,<=50K
48, Private,195643, HS-grad,9,Couple, Transport-moving, Husband, White, Male,No gains,Had losses,50,US,<=50K
44, Private,210987, Prof-school,15,Couple, Prof-specialty, Husband, White, Male,Had gains,No losses,45,Non-US,>50K
57, Self-emp-not-inc,123456, 7th-8th,4,Couple, Craft-repair, Husband, White, Male,No gains,No losses,35,US,<=50K
25, Private,278901, Some-college,10,Single, Sales, Own-child, Black, Female,No gains,No losses,20,US,<=50K
55, State-gov,154321, Bachelors,13,Single, Exec-managerial, Unmarried, White, Female,No gains,No losses,40,US,>50K
34, Private,245832, Bachelors,13,Couple, Exec-managerial, Husband, White, Male,No gains,No losses,45,US,>50K
29, Private,187543, HS-grad,9,Single, Craft-repair, Not-in-family, White, Male,No gains,No losses,40,US,<=50K
45, Private,301200, Masters,14,Couple, Prof-specialty, Husband, White, Male,No gains,No losses,50,US,>50K
22, Private,215600, Some-college,10,Single, Sales, Own-child, Black, Female,No gains,No losses,20,US,<=50K
37, Local-gov,175280, Assoc-voc,11,Single, Tech-support, Not-in-family, White, Male,No gains,No losses,40,US,<=50K
42, State-gov,288654, Doctorate,16,Couple, Prof-specialty, Husband, Asian-Pac-Islander, Male,Had gains,No losses,40,Non-US,>50K
56, Private,132476, HS-grad,9,Couple, Other-service, Husband, White, Male,No gains,No losses,38,US,<=50K
31, Private,210988, Bachelors,13,Single, Adm-clerical, Unmarried, White, Female,No gains,No losses,35,US,<=50K
19, Private,155432, 11th,7,Single, Handlers-cleaners, Own-child, White, Male,No gains,No losses,25,US,<=50K
44, Self-emp-inc,280112, Some-college,10,Couple, Sales, Husband, White, Male,No gains,No losses,55,US,>50K
63, Federal-gov,198765, HS-grad,9,Couple, Adm-clerical, Husband, Black, Male,No gains,No losses,40,US,<=50K
33, Private,167893, Masters,14,Single, Prof-specialty, Not-in-family, White, Female,No gains,No losses,40,Non-US,>50K
48, Private,224501, 7th-8th,4,Single, Machine-op-inspct, Not-in-family, White, Male,No gains,No losses,40,Non-US,<=50K
27, Local-gov,186334, Assoc-acdm,12,Single, Protective-serv, Unmarried, Black, Male,No gains,No losses,40,US,<=50K
52, Private,112450, Bachelors,13,Couple, Exec-managerial, Wife, White, Female,Had gains,No losses,42,US,>50K
39, Private,254220, Some-college,10,Couple, Craft-repair, Husband, Amer-Indian-Eskimo, Male,No gains,Had losses,45,US,<=50K
41, Private,322450, Prof-school,15,Couple, Prof-specialty, Husband, White, Male,No gains,No losses,50,US,>50K
25, Private,195432, HS-grad,9,Single, Transport-moving, Not-in-family, White, Male,No gains,No losses,48,US,<=50K
60, Self-emp-not-inc,143210, Some-college,10,Couple, Farming-fishing, Husband, White, Male,No gains,No losses,30,US,<=50K
36, Local-gov,275430, Bachelors,13,Couple, Tech-support, Wife, White, Female,No gains,No losses,40,US,>50K
34, Private,250432, HS-grad,9,Couple, Craft-repair, Husband, White, Male,No gains,No losses,45,US,>50K
29, Private,189453, Bachelors,13,Single, Exec-managerial, Not-in-family, White, Male,No gains,No losses,50,US,<=50K
45, Private,192087, Masters,14,Couple, Prof-specialty, Wife, White, Female,No gains,No losses,40,US,>50K
25, Private,301112, Some-college,10,Single, Sales, Own-child, Black, Female,No gains,No losses,30,US,<=50K
52, Federal-gov,141098, Doctorate,16,Couple, Prof-specialty, Husband, Asian-Pac-Islander, Male,Had gains,No losses,42,Non-US,>50K
48, State-gov,207654, HS-grad,9,Couple, Adm-clerical, Husband, White, Male,No gains,No losses,40,US,>50K
20, Private,290876, 11th,7,Single, Other-service, Own-child, White, Male,No gains,No losses,20,US,<=50K
31, Private,175432, Assoc-voc,11,Single, Tech-support, Not-in-family, White, Female,No gains,No losses,40,US,<=50K
38, Self-emp-inc,118943, Bachelors,13,Couple, Exec-managerial, Husband, White, Male,Had gains,No losses,55,US,>50K
22, Private,211345, Some-college,10,Single, Handlers-cleaners, Not-in-family, Black, Male,No gains,No losses,38,US,<=50K
43, Private,225678, Masters,14,Single, Prof-specialty, Not-in-family, Asian-Pac-Islander, Female,No gains,No losses,48,Non-US,>50K
57, Local-gov,165421, HS-grad,9,Couple, Protective-serv, Husband, White, Male,No gains,No losses,40,US,>50K
62, Private,98765, 7th-8th,4,Single, Craft-repair, Not-in-family, White, Male,No gains,No losses,35,US,<=50K
35, Private,276543, Assoc-acdm,12,Couple, Machine-op-inspct, Husband, White, Male,No gains,No losses,40,US,<=50K
41, Self-emp-not-inc,150897, Some-college,10,Couple, Sales, Wife, White, Female,No gains,No losses,45,US,>50K
24, Local-gov,198765, Bachelors,13,Single, Prof-specialty, Not-in-family, Black, Female,No gains,No losses,40,US,<=50K
47, Private,134567, Doctorate,16,Couple, Exec-managerial, Husband, White, Male,Had gains,Had losses,50,US,>50K
33, Private,223456, 12th,8,Single, Adm-clerical, Unmarried, Amer-Indian-Eskimo, Female,No gains,No losses,38,US,<=50K
44, Private,176543, HS-grad,9,Single, Transport-moving, Not-in-family, White, Male,No gains,No losses,42,US,<=50K
37, Private,160432, Masters,14,Couple, Prof-specialty, Husband, White, Male,No gains,No losses,40,US,>50K
34, Private,189245, Bachelors,13,Single, Exec-managerial, Not-in-family, White, Male,No gains,No losses,45,US,>50K
45, Private,221345, HS-grad,9,Couple, Craft-repair, Husband, White, Male,No gains,No losses,40,US,<=50K
29, State-gov,145678, Masters,14,Single, Prof-specialty, Not-in-family, Asian-Pac-Islander, Female,No gains,No losses,40,Non-US,<=50K
52, Self-emp-inc,178954, Some-college,10,Couple, Exec-managerial, Husband, White, Male,Had gains,No losses,55,US,>50K
24, Private,265432, Assoc-voc,11,Single, Tech-support, Own-child, Black, Male,No gains,No losses,38,US,<=50K
19, Private,198765, 11th,7,Single, Handlers-cleaners, Own-child, White, Female,No gains,No losses,20,US,<=50K
42, Federal-gov,134567, Doctorate,16,Couple, Prof-specialty, Wife, White, Female,No gains,No losses,45,US,>50K
61, Private,112233, HS-grad,9,Couple, Transport-moving, Husband, Black, Male,No gains,No losses,40,US,<=50K
37, Private,245678, Bachelors,13,Single, Sales, Not-in-family, White, Male,No gains,No losses,50,Non-US,>50K
30, Private,301234, Some-college,10,Single, Other-service, Unmarried, White, Female,No gains,No losses,35,US,<=50K
47, Private,162345, Masters,14,Couple, Prof-specialty, Husband, Asian-Pac-Islander, Male,Had gains,No losses,40,Non-US,>50K
33, Local-gov,256789, 12th,8,Couple, Adm-clerical, Wife, White, Female,No gains,No losses,40,US,<=50K
56, Self-emp-not-inc,115678, Doctorate,16,Single, Prof-specialty, Not-in-family, White, Male,No gains,Had losses,48,US,>50K
28, Private,187654, Assoc-acdm,12,Single, Machine-op-inspct, Own-child, Black, Male,No gains,No losses,40,US,<=50K
41, Private,210987, Some-college,10,Couple, Craft-repair, Husband, White, Male,No gains,No losses,42,US,>50K
65, Private,145321, 7th-8th,4,Couple, Other-service, Husband, White, Male,No gains,No losses,30,US,<=50K
39, Private,176543, Bachelors,13,Single, Exec-managerial, Not-in-family, Amer-Indian-Eskimo, Female,No gains,No losses,45,US,>50K
22, Private,284321, HS-grad,9,Single, Sales, Unmarried, White, Female,No gains,No losses,25,US,<=50K
44, Private,192345, Prof-school,15,Couple, Prof-specialty, Husband, White, Male,Had gains,No losses,50,US,>50K
55, Local-gov,234567, Some-college,10,Couple, Protective-serv, Wife, Black, Female,No gains,No losses,40,Non-US,<=50K
34, Private,245789, HS-grad,9,Couple, Craft-repair, Husband, White, Male,No gains,No losses,45,US,>50K
29, Private,312456, Some-college,10,Single, Sales, Not-in-family, Black, Female,No gains,No losses,38,US,<=50K
42, Private,187654, Bachelors,13,Couple, Exec-managerial, Husband, White, Male,Had gains,No losses,50,US,>50K
22, Private,158942, 11th,7,Single, Handlers-cleaners, Own-child, White, Male,No gains,No losses,30,US,<=50K
45, State-gov,221345, Masters,14,Couple, Prof-specialty, Wife, Asian-Pac-Islander, Female,No gains,No losses,40,Non-US,>50K
19, Private,278934, HS-grad,9,Single, Other-service, Own-child, White, Female,No gains,No losses,25,US,<=50K
38, Federal-gov,195432, Assoc-voc,11,Single, Tech-support, Not-in-family, Black, Male,No gains,Had losses,40,US,<=50K
52, Private,134567, Doctorate,16,Couple, Prof-specialty, Husband, White, Male,Had gains,No losses,48,US,>50K
31, Private,321098, Some-college,10,Single, Adm-clerical, Not-in-family, White, Female,No gains,No losses,35,US,<=50K
34, Private,267890, Bachelors,13,Couple, Sales, Husband, White, Male,No gains,No losses,55,US,>50K
48, Private,145678, 7th-8th,4,Couple, Craft-repair, Husband, White, Male,No gains,No losses,40,US,<=50K
41, Private,189012, Masters,14,Single, Exec-managerial, Not-in-family, Asian-Pac-Islander, Male,No gains,No losses,45,Non-US,>50K
56, Local-gov,234567, HS-grad,9,Couple, Protective-serv, Husband, White, Male,No gains,No losses,40,US,<=50K
27, Private,289012, Assoc-acdm,12,Single, Adm-clerical, Unmarried, Black, Female,No gains,No losses,40,US,<=50K
54, Self-emp-inc,156789, Some-college,10,Couple, Exec-managerial, Husband, White, Male,Had gains,No losses,60,US,>50K
25, Private,301234, 12th,8,Single, Machine-op-inspct, Own-child, White, Male,No gains,No losses,40,US,<=50K
37, Private,212345, Prof-school,15,Single, Prof-specialty, Not-in-family, White, Female,No gains,No losses,35,US,>50K
63, Private,112345, HS-grad,9,Couple, Transport-moving, Husband, White, Male,No gains,No losses,40,US,<=50K
47, Local-gov,254321, Bachelors,13,Couple, Prof-specialty, Wife, White, Female,No gains,No losses,42,US,>50K
33, Self-emp-not-inc,178901, Some-college,10,Single, Craft-repair, Not-in-family, Amer-Indian-Eskimo, Male,No gains,No losses,35,US,<=50K
34, Private,205481, HS-grad,9,Couple, Craft-repair, Husband, White, Male,No gains,No losses,40,US,<=50K
42, Private,312567, Some-college,10,Single, Sales, Not-in-family, Black, Female,No gains,No losses,38,US,<=50K
29, Private,178942, Bachelors,13,Single, Prof-specialty, Not-in-family, White, Male,No gains,No losses,45,US,<=50K
47, Private,220134, Masters,14,Couple, Exec-managerial, Husband, White, Male,Had gains,No losses,50,US,>50K
25, Local-gov,245890, Assoc-voc,11,Single, Tech-support, Own-child, White, Male,No gains,No losses,40,US,<=50K
22, Private,180023, 11th,7,Single, Sales, Own-child, Asian-Pac-Islander, Female,No gains,No losses,20,Non-US,<=50K
44, Private,155678, Doctorate,16,Couple, Prof-specialty, Husband, White, Male,No gains,No losses,45,US,>50K
38, Private,289012, HS-grad,9,Couple, Machine-op-inspct, Husband, Black, Male,No gains,No losses,40,US,<=50K
31, State-gov,310456, Some-college,10,Single, Adm-clerical, Unmarried, White, Female,No gains,No losses,35,US,<=50K
52, Self-emp-inc,195432, Prof-school,15,Couple, Exec-managerial, Husband, White, Male,Had gains,No losses,55,US,>50K
48, Private,120987, 7th-8th,4,Couple, Handlers-cleaners, Husband, White, Male,No gains,No losses,38,US,<=50K
33, Private,234567, Bachelors,13,Single, Sales, Not-in-family, Black, Male,No gains,No losses,40,US,<=50K
56, Local-gov,187654, HS-grad,9,Couple, Protective-serv, Husband, White, Male,No gains,No losses,40,US,>50K
40, Federal-gov,210000, Masters,14,Couple, Prof-specialty, Wife, White, Female,No gains,No losses,40,US,>50K
27, Private,265432, Assoc-acdm,12,Single, Sales, Own-child, White, Female,No gains,No losses,30,US,<=50K
45, Self-emp-not-inc,190123, Some-college,10,Couple, Craft-repair, Husband, Amer-Indian-Eskimo, Male,No gains,Had losses,42,US,<=50K
36, Private,165789, Doctorate,16,Single, Prof-specialty, Not-in-family, Asian-Pac-Islander, Male,Had gains,No losses,48,Non-US,>50K
60, Private,98000, HS-grad,9,Couple, Other-service, Husband, White, Male,No gains,No losses,35,US,<=50K
30, Private,287654, Bachelors,13,Single, Adm-clerical, Not-in-family, White, Female,No gains,No losses,40,US,<=50K
35, State-gov,340000, 12th,8,Couple, Tech-support, Wife, Black, Female,No gains,No losses,40,US,<=50K
34, Private,245789, Some-college,10,Single, Sales, Not-in-family, White, Male,No gains,No losses,45,US,<=50K
44, Private,182456, Masters,14,Couple, Exec-managerial, Husband, White, Male,No gains,No losses,50,US,>50K
29, Private,310022, HS-grad,9,Single, Craft-repair, Own-child, Black, Male,No gains,No losses,40,US,<=50K
41, State-gov,195300, Bachelors,13,Couple, Prof-specialty, Husband, White, Male,No gains,No losses,40,US,>50K
22, Private,287654, 11th,7,Single, Handlers-cleaners, Not-in-family, White, Male,No gains,No losses,25,US,<=50K
47, Private,138912, Doctorate,16,Couple, Prof-specialty, Husband, Asian-Pac-Islander, Male,Had gains,No losses,55,US,>50K
36, Local-gov,221456, Assoc-acdm,12,Single, Tech-support, Not-in-family, White, Female,No gains,No losses,38,US,<=50K
52, Self-emp-not-inc,157833, Some-college,10,Couple, Exec-managerial, Wife, White, Female,No gains,No losses,45,US,>50K
60, Private,192001, 7th-8th,4,Couple, Other-service, Husband, White, Male,No gains,No losses,35,Non-US,<=50K
33, Private,254312, Bachelors,13,Single, Sales, Not-in-family, Black, Male,No gains,No losses,40,US,<=50K
42, Private,176543, Prof-school,15,Couple, Prof-specialty, Husband, White, Male,No gains,No losses,45,US,>50K
48, Federal-gov,145600, HS-grad,9,Single, Adm-clerical, Unmarried, Black, Female,No gains,No losses,40,US,<=50K
25, Private,280987, Some-college,10,Single, Sales, Own-child, White, Female,No gains,No losses,20,US,<=50K
55, Private,168234, Masters,14,Couple, Exec-managerial, Husband, White, Male,No gains,Had losses,50,US,>50K
30, Private,322111, 12th,8,Single, Machine-op-inspct, Not-in-family, White, Male,No gains,No losses,40,US,<=50K
38, Private,205678, Assoc-voc,11,Couple, Craft-repair, Husband, White, Male,No gains,No losses,42,US,<=50K
31, Private,234567, Bachelors,13,Single, Prof-specialty, Not-in-family, Asian-Pac-Islander, Female,No gains,No losses,40,US,<=50K
62, Self-emp-inc,112345, HS-grad,9,Couple, Craft-repair, Husband, White, Male,No gains,No losses,60,US,>50K
27, Private,265432, Some-college,10,Single, Handlers-cleaners, Unmarried, Black, Female,No gains,No losses,30,Non-US,<=50K
53, Federal-gov,158901, Doctorate,16,Couple, Prof-specialty, Wife, White, Female,Had gains,No losses,40,US,>50K
45, Private,215478, HS-grad,9,Couple, Machine-op-inspct, Husband, White, Male,No gains,No losses,40,US,<=50K
33, Private,184235, Some-college,10,Single, Sales, Not-in-family, Black, Male,No gains,No losses,38,US,<=50K
29, Private,265789, Bachelors,13,Single, Prof-specialty, Own-child, White, Female,No gains,No losses,45,US,<=50K
60, Private,145678, HS-grad,9,Couple, Craft-repair, Husband, White, Male,No gains,No losses,40,US,<=50K
42, Private,192345, Masters,14,Couple, Exec-managerial, Wife, White, Female,Had gains,No losses,50,US,>50K
25, Private,305678, Some-college,10,Single, Handlers-cleaners, Own-child, Hispanic, Male,No gains,No losses,35,Non-US,<=50K
52, Self-emp-inc,112345, Doctorate,16,Couple, Prof-specialty, Husband, Asian-Pac-Islander, Male,Had gains,No losses,55,Non-US,>50K
35, State-gov,254123, Assoc-voc,11,Single, Tech-support, Not-in-family, White, Female,No gains,No losses,40,US,<=50K
19, Private,189456, 11th,7,Single, Other-service, Own-child, Black, Male,No gains,No losses,20,US,<=50K
49, Federal-gov,167890, Bachelors,13,Couple, Exec-managerial, Husband, White, Male,No gains,No losses,40,US,>50K
38, Local-gov,275432, HS-grad,9,Couple, Protective-serv, Husband, White, Male,No gains,No losses,44,US,<=50K
34, Private,221098, Masters,14,Single, Prof-specialty, Not-in-family, Asian-Pac-Islander, Female,No gains,No losses,42,Non-US,<=50K
62, Private,98765, 7th-8th,4,Couple, Craft-repair, Husband, White, Male,No gains,No losses,40,US,<=50K
41, Self-emp-inc,210567, Some-college,10,Couple, Sales, Husband, White, Male,Had gains,No losses,60,US,>50K
23, Private,324567, HS-grad,9,Single, Adm-clerical, Unmarried, Black, Female,No gains,No losses,40,US,<=50K
47, Private,156789, Prof-school,15,Single, Prof-specialty, Not-in-family, White, Female,No gains,No losses,40,US,>50K
30, Local-gov,198765, Assoc-acdm,12,Single, Adm-clerical, Not-in-family, White, Male,No gains,No losses,38,US,<=50K
58, Private,115432, HS-grad,9,Couple, Transport-moving, Husband, White, Male,No gains,Had losses,40,US,<=50K
31, Private,178901, Bachelors,13,Couple, Sales, Wife, White, Female,No gains,No losses,45,US,<=50K
55, Self-emp-not-inc,245678, Some-college,10,Couple, Exec-managerial, Husband, White, Male,No gains,No losses,50,US,>50K
45, Private,184567, HS-grad,9,Couple, Craft-repair, Husband, White, Male,No gains,No losses,40,US,>50K
34, Private,258912, Bachelors,13,Single, Prof-specialty, Not-in-family, Asian-Pac-Islander, Female,No gains,No losses,45,Non-US,<=50K
29, Private,312450, Some-college,10,Single, Sales, Own-child, White, Male,No gains,No losses,38,US,<=50K
52, Self-emp-inc,145678, Masters,14,Couple, Exec-managerial, Husband, White, Male,Had gains,No losses,55,US,>50K
19, Private,198762, 11th,7,Single, Handlers-cleaners, Own-child, Black, Male,No gains,No losses,20,US,<=50K
44, Federal-gov,234561, Doctorate,16,Couple, Prof-specialty, Husband, White, Male,No gains,No losses,40,US,>50K
62, State-gov,98000, HS-grad,9,Single, Adm-clerical, Not-in-family, White, Female,No gains,No losses,35,US,<=50K
38, Local-gov,215432, Assoc-acdm,12,Couple, Tech-support, Wife, White, Female,No gains,No losses,40,US,>50K
25, Private,287654, Some-college,10,Single, Other-service, Unmarried, Black, Female,No gains,No losses,30,Non-US,<=50K
49, Private,176543, Bachelors,13,Couple, Exec-managerial, Husband, White, Male,No gains,Had losses,50,US,>50K
33, Private,165432, 7th-8th,4,Single, Machine-op-inspct, Not-in-family, White, Male,No gains,No losses,40,US,<=50K
31, Private,245678, Masters,14,Single, Prof-specialty, Not-in-family, Asian-Pac-Islander, Female,No gains,No losses,42,Non-US,<=50K
56, Self-emp-not-inc,112233, HS-grad,9,Couple, Craft-repair, Husband, White, Male,No gains,No losses,45,US,>50K
22, Private,223456, 12th,8,Single, Sales, Own-child, White, Male,No gains,No losses,25,US,<=50K
41, Private,198765, Prof-school,15,Couple, Prof-specialty, Husband, White, Male,Had gains,No losses,48,US,>50K
37, Private,278901, Some-college,10,Couple, Protective-serv, Wife, Black, Female,No gains,No losses,40,US,<=50K
47, Local-gov,134567, Assoc-voc,11,Single, Adm-clerical, Not-in-family, White, Female,No gains,No losses,38,US,<=50K
30, Private,305678, HS-grad,9,Single, Transport-moving, Unmarried, White, Male,No gains,No losses,40,US,<=50K
54, Private,156789, Doctorate,16,Couple, Exec-managerial, Husband, White, Male,No gains,No losses,44,US,>50K
27, Private,265432, Bachelors,13,Single, Sales, Not-in-family, Black, Female,No gains,No losses,35,US,<=50K
34, Private,245678, HS-grad,9,Couple, Craft-repair, Husband, White, Male,No gains,No losses,40,US,<=50K
45, Private,189234, Bachelors,13,Couple, Exec-managerial, Husband, White, Male,Had gains,No losses,50,US,>50K
29, Private,312987, Some-college,10,Single, Sales, Not-in-family, Black, Female,No gains,No losses,38,US,<=50K
52, Federal-gov,155432, Masters,14,Couple, Prof-specialty, Wife, White, Female,No gains,No losses,40,US,>50K
22, Private,178543, 11th,7,Single, Handlers-cleaners, Own-child, White, Male,No gains,No losses,30,Non-US,<=50K
41, Local-gov,223456, Assoc-voc,11,Couple, Tech-support, Husband, White, Male,No gains,No losses,40,US,<=50K
47, Private,167890, Doctorate,16,Single, Prof-specialty, Not-in-family, Asian-Pac-Islander, Male,Had gains,No losses,45,Non-US,>50K
60, Self-emp-not-inc,98765, HS-grad,9,Couple, Craft-repair, Husband, White, Male,No gains,No losses,35,US,<=50K
33, Private,276543, Some-college,10,Single, Other-service, Unmarried, Black, Female,No gains,No losses,25,US,<=50K
38, Private,201234, Bachelors,13,Couple, Exec-managerial, Husband, White, Male,No gains,Had losses,55,US,>50K
25, Private,345678, 12th,8,Single, Adm-clerical, Own-child, White, Female,No gains,No losses,40,US,<=50K
55, Private,134567, Masters,14,Couple, Prof-specialty, Wife, White, Female,No gains,No losses,40,US,>50K
48, Private,112345, 7th-8th,4,Couple, Machine-op-inspct, Husband, White, Male,No gains,No losses,40,US,<=50K
43, Self-emp-inc,225678, Some-college,10,Couple, Exec-managerial, Husband, White, Male,Had gains,No losses,60,Non-US,>50K
31, Private,267890, HS-grad,9,Single, Transport-moving, Not-in-family, Black, Male,No gains,No losses,45,US,<=50K
36, State-gov,198765, Assoc-acdm,12,Single, Adm-clerical, Unmarried, White, Female,No gains,No losses,40,US,<=50K
26, Private,289012, Bachelors,13,Single, Sales, Not-in-family, White, Male,No gains,No losses,50,US,<=50K
44, Private,187654, Prof-school,15,Couple, Prof-specialty, Husband, Asian-Pac-Islander, Male,No gains,No losses,40,Non-US,>50K
57, Local-gov,145678, HS-grad,9,Couple, Protective-serv, Husband, White, Male,No gains,No losses,40,US,>50K
20, Private,321456, Some-college,10,Single, Other-service, Own-child, Amer-Indian-Eskimo, Female,No gains,No losses,20,US,<=50K
34, Private,245678, HS-grad,9,Single, Craft-repair, Not-in-family, White, Male,No gains,No losses,40,US,<=50K
42, Private,189234, Bachelors,13,Couple, Exec-managerial, Husband, White, Male,No gains,No losses,45,US,>50K
29, Private,312456, Some-college,10,Single, Sales, Own-child, Black, Female,No gains,No losses,38,US,<=50K
47, Private,154321, Masters,14,Couple, Prof-specialty, Wife, White, Female,No gains,No losses,40,Non-US,>50K
58, Self-emp-not-inc,98765, HS-grad,9,Couple, Craft-repair, Husband, White, Male,No gains,No losses,50,US,>50K
22, Private,401234, 11th,7,Single, Sales, Not-in-family, Asian-Pac-Islander, Male,No gains,No losses,25,Non-US,<=50K
33, Local-gov,267890, Assoc-acdm,12,Single, Tech-support, Not-in-family, White, Female,No gains,No losses,40,US,<=50K
45, Private,112233, Doctorate,16,Couple, Prof-specialty, Husband, Asian-Pac-Islander, Male,Had gains,No losses,55,US,>50K
49, Private,175432, 7th-8th,4,Couple, Handlers-cleaners, Husband, White, Male,No gains,No losses,40,US,<=50K
36, State-gov,289012, Bachelors,13,Single, Prof-specialty, Not-in-family, Black, Female,No gains,No losses,40,US,<=50K
60, Self-emp-inc,145678, Some-college,10,Couple, Exec-managerial, Husband, White, Male,No gains,Had losses,48,US,>50K
31, Private,323456, HS-grad,9,Single, Machine-op-inspct, Unmarried, Black, Male,No gains,No losses,42,US,<=50K
41, Federal-gov,198765, Masters,14,Single, Prof-specialty, Not-in-family, White, Female,No gains,No losses,35,Non-US,>50K
25, Private,354321, 12th,8,Single, Adm-clerical, Own-child, White, Female,No gains,No losses,30,US,<=50K
39, Private,221345, Assoc-voc,11,Couple, Protective-serv, Husband, White, Male,No gains,No losses,44,US,>50K
52, Local-gov,134567, HS-grad,9,Couple, Adm-clerical, Husband, White, Male,No gains,No losses,40,US,<=50K
30, Private,278901, Bachelors,13,Single, Sales, Not-in-family, Amer-Indian-Eskimo, Male,No gains,No losses,50,US,<=50K
44, Private,167890, Prof-school,15,Couple, Prof-specialty, Wife, White, Female,Had gains,No losses,45,US,>50K
27, Private,334567, Some-college,10,Single, Other-service, Own-child, Black, Female,No gains,No losses,20,Non-US,<=50K
55, Self-emp-not-inc,112345, HS-grad,9,Couple, Craft-repair, Husband, White, Male,No gains,No losses,50,US,<=50K
35, Private,250000, Bachelors,13,Couple, Exec-managerial, Husband, White, Male,No gains,No losses,45,US,>50K
30, Private,180000, HS-grad,9,Single, Sales, Not-in-family, White, Male,No gains,No losses,40,US,<=50K
42, Private,310000, Masters,14,Couple, Prof-specialty, Wife, White, Female,No gains,No losses,50,US,>50K
24, Private,140000, Some-college,10,Single, Craft-repair, Own-child, Black, Male,No gains,No losses,35,US,<=50K
45, Federal-gov,220000, Doctorate,16,Couple, Prof-specialty, Husband, Asian-Pac-Islander, Male,Had gains,No losses,40,Non-US,>50K
48, Self-emp-not-inc,95000, HS-grad,9,Couple, Farming-fishing, Husband, White, Male,No gains,No losses,50,US,<=50K
33, Private,160000, Assoc-voc,11,Single, Tech-support, Not-in-family, White, Female,No gains,No losses,38,US,<=50K
20, Private,75000, 11th,7,Single, Other-service, Own-child, Black, Male,No gains,No losses,20,US,<=50K
29, Local-gov,190000, Bachelors,13,Single, Adm-clerical, Not-in-family, White, Female,No gains,No losses,40,US,<=50K
55, Private,280000, Masters,14,Couple, Exec-managerial, Husband, White, Male,No gains,Had losses,48,US,>50K
26, Private,120000, Some-college,10,Single, Machine-op-inspct, Unmarried, White, Male,No gains,No losses,40,US,<=50K
37, Private,240000, Prof-school,15,Couple, Prof-specialty, Wife, White, Female,Had gains,No losses,45,US,>50K
38, State-gov,210000, HS-grad,9,Couple, Adm-clerical, Husband, Black, Male,No gains,No losses,40,US,<=50K
31, Private,88000, 12th,8,Single, Transport-moving, Not-in-family, White, Male,No gains,No losses,42,US,<=50K
51, Self-emp-inc,330000, Doctorate,16,Couple, Exec-managerial, Husband, Asian-Pac-Islander, Male,Had gains,No losses,55,Non-US,>50K
40, Local-gov,175000, Assoc-acdm,12,Single, Protective-serv, Unmarried, White, Female,No gains,No losses,40,US,<=50K
44, Federal-gov,205000, Bachelors,13,Couple, Prof-specialty, Husband, White, Male,No gains,No losses,40,US,>50K
22, Private,100000, HS-grad,9,Single, Handlers-cleaners, Own-child, Black, Male,No gains,No losses,30,US,<=50K
54, Private,130000, 7th-8th,4,Couple, Craft-repair, Husband, White, Male,No gains,No losses,40,Non-US,<=50K
34, Private,150000, Some-college,10,Single, Sales, Not-in-family, White, Female,No gains,No losses,35,US,<=50K
35, Private,254789, Bachelors,13,Couple, Exec-managerial, Husband, White, Male,No gains,No losses,45,US,>50K
43, Private,182345, HS-grad,9,Couple, Craft-repair, Husband, White, Male,No gains,No losses,40,US,<=50K
29, Private,321456, Some-college,10,Single, Sales, Not-in-family, Black, Female,No gains,No losses,38,US,<=50K
45, Private,168922, Masters,14,Single, Prof-specialty, Not-in-family, Asian-Pac-Islander, Male,Had gains,No losses,50,Non-US,>50K
34, State-gov,210567, Assoc-voc,11,Couple, Tech-support, Wife, White, Female,No gains,No losses,40,US,<=50K
22, Private,178934, 11th,7,Single, Handlers-cleaners, Own-child, White, Male,No gains,No losses,30,US,<=50K
52, Federal-gov,145678, Doctorate,16,Couple, Prof-specialty, Husband, White, Male,No gains,No losses,40,US,>50K
49, Local-gov,198765, HS-grad,9,Couple, Protective-serv, Husband, Black, Male,No gains,No losses,40,US,<=50K
37, Self-emp-not-inc,287654, Some-college,10,Single, Exec-managerial, Not-in-family, White, Female,No gains,No losses,50,US,<=50K
31, Private,245123, Bachelors,13,Single, Adm-clerical, Unmarried, White, Male,No gains,No losses,40,US,<=50K
41, Private,132567, Prof-school,15,Couple, Prof-specialty, Wife, White, Female,No gains,No losses,45,US,>50K
60, Private,110234, 7th-8th,4,Couple, Other-service, Husband, Black, Male,No gains,No losses,35,Non-US,<=50K
38, Local-gov,205678, Assoc-acdm,12,Single, Tech-support, Not-in-family, Amer-Indian-Eskimo, Male,No gains,No losses,40,US,<=50K
25, Private,305678, HS-grad,9,Single, Machine-op-inspct, Own-child, White, Male,No gains,No losses,40,US,<=50K
44, Self-emp-inc,154321, Masters,14,Couple, Exec-managerial, Husband, White, Male,Had gains,No losses,55,US,>50K
33, Private,267890, 12th,8,Single, Adm-clerical, Unmarried, White, Female,No gains,No losses,40,US,<=50K
56, Federal-gov,189012, Some-college,10,Couple, Exec-managerial, Wife, White, Female,No gains,Had losses,40,US,>50K
27, Private,289345, Bachelors,13,Single, Sales, Not-in-family, White, Male,No gains,No losses,50,US,<=50K
47, Private,123456, Doctorate,16,Single, Prof-specialty, Not-in-family, Asian-Pac-Islander, Female,No gains,No losses,40,Non-US,>50K
62, Self-emp-not-inc,98765, HS-grad,9,Couple, Craft-repair, Husband, White, Male,No gains,No losses,30,US,<=50K
34, Private,187654, HS-grad,9,Couple, Craft-repair, Husband, White, Male,No gains,No losses,40,US,<=50K
30, Private,245001, Bachelors,13,Single, Prof-specialty, Not-in-family, Asian-Pac-Islander, Female,No gains,No losses,45,US,<=50K
22, Private,295432, Some-college,10,Single, Sales, Own-child, Black, Male,No gains,No losses,25,US,<=50K
42, State-gov,210987, Masters,14,Couple, Exec-managerial, Husband, White, Male,No gains,No losses,40,US,>50K
19, Private,112233, 11th,7,Single, Handlers-cleaners, Own-child, White, Male,No gains,No losses,20,US,<=50K
35, Local-gov,176543, Assoc-voc,11,Single, Tech-support, Not-in-family, White, Female,No gains,No losses,38,US,<=50K
45, Private,155432, Doctorate,16,Couple, Prof-specialty, Wife, Asian-Pac-Islander, Female,Had gains,No losses,50,Non-US,>50K
47, Private,210000, HS-grad,9,Single, Machine-op-inspct, Not-in-family, Black, Male,No gains,No losses,40,US,<=50K
29, Private,289765, Bachelors,13,Single, Adm-clerical, Unmarried, White, Female,No gains,No losses,35,US,<=50K
55, Self-emp-inc,180321, Some-college,10,Couple, Exec-managerial, Husband, White, Male,No gains,No losses,55,US,>50K
60, Private,142000, 7th-8th,4,Couple, Craft-repair, Husband, White, Male,No gains,Had losses,40,US,<=50K
25, Private,265432, Some-college,10,Single, Other-service, Not-in-family, Black, Female,No gains,No losses,30,Non-US,<=50K
37, Private,195678, Masters,14,Couple, Prof-specialty, Wife, White, Female,No gains,No losses,45,US,>50K
52, Local-gov,220111, HS-grad,9,Couple, Protective-serv, Husband, White, Male,No gains,No losses,40,US,>50K
33, Private,158900, Assoc-acdm,12,Single, Sales, Unmarried, Amer-Indian-Eskimo, Male,No gains,No losses,40,US,<=50K
23, Federal-gov,312456, 12th,8,Single, Adm-clerical, Own-child, White, Female,No gains,No losses,35,US,<=50K
49, Self-emp-not-inc,205678, Bachelors,13,Couple, Exec-managerial, Husband, White, Male,Had gains,No losses,50,US,>50K
41, Private,223456, Prof-school,15,Couple, Prof-specialty, Husband, White, Male,No gains,No losses,60,US,>50K
28, Private,189012, Some-college,10,Single, Transport-moving, Not-in-family, Black, Male,No gains,No losses,40,US,<=50K
63, Self-emp-not-inc,147890, HS-grad,9,Couple, Farming-fishing, Husband, White, Male,No gains,No losses,45,US,<=50K
34, Private,189542, Masters,14,Couple, Exec-managerial, Husband, White, Male,No gains,No losses,45,US,>50K
45, Private,210533, HS-grad,9,Single, Craft-repair, Not-in-family, White, Male,No gains,No losses,38,US,<=50K
29, Private,285432, Some-college,10,Single, Sales, Own-child, White, Female,No gains,No losses,32,US,<=50K
42, State-gov,154782, Bachelors,13,Couple, Prof-specialty, Husband, White, Male,No gains,No losses,40,US,>50K
22, Private,189003, 11th,7,Single, Other-service, Not-in-family, Black, Male,No gains,No losses,25,US,<=50K
55, Private,138954, Doctorate,16,Couple, Prof-specialty, Husband, White, Male,Had gains,No losses,50,Non-US,>50K
33, Private,226738, Assoc-voc,11,Couple, Tech-support, Wife, White, Female,No gains,No losses,40,US,<=50K
60, Federal-gov,176342, HS-grad,9,Couple, Adm-clerical, Husband, Black, Male,No gains,No losses,40,US,<=50K
41, Self-emp-inc,245891, Some-college,10,Couple, Exec-managerial, Husband, White, Male,Had gains,No losses,55,US,>50K
24, Private,312567, Assoc-acdm,12,Single, Sales, Own-child, Asian-Pac-Islander, Female,No gains,No losses,20,Non-US,<=50K
47, Private,168224, 12th,8,Single, Handlers-cleaners, Not-in-family, White, Male,No gains,No losses,40,US,<=50K
30, Private,195478, Masters,14,Single, Prof-specialty, Not-in-family, White, Female,No gains,No losses,38,US,<=50K
48, Private,124567, Bachelors,13,Couple, Exec-managerial, Husband, White, Male,No gains,Had losses,45,US,>50K
52, Private,201450, 7th-8th,4,Couple, Craft-repair, Husband, White, Male,No gains,No losses,42,US,<=50K
35, Local-gov,190234, Some-college,10,Couple, Protective-serv, Husband, White, Male,No gains,No losses,40,US,>50K
19, Private,345623, HS-grad,9,Single, Other-service, Own-child, Black, Female,No gains,No losses,15,US,<=50K
44, Private,162890, Prof-school,15,Couple, Prof-specialty, Wife, White, Female,No gains,No losses,50,US,>50K
38, Self-emp-not-inc,134567, Bachelors,13,Single, Sales, Not-in-family, Asian-Pac-Islander, Male,No gains,No losses,48,Non-US,<=50K
37, State-gov,218976, HS-grad,9,Couple, Adm-clerical, Husband, White, Male,No gains,No losses,40,US,<=50K
57, Private,147321, Doctorate,16,Couple, Exec-managerial, Husband, White, Male,Had gains,No losses,55,US,>50K
35, Private,205419, HS-grad,9,Couple, Craft-repair, Husband, White, Male,No gains,No losses,42,US,<=50K
44, Private,248515, Masters,14,Couple, Prof-specialty, Wife, White, Female,No gains,No losses,40,US,>50K
30, Private,189724, Bachelors,13,Single, Sales, Not-in-family, White, Male,No gains,No losses,50,Non-US,<=50K
22, Private,312008, Some-college,10,Single, Other-service, Own-child, Black, Female,No gains,No losses,20,US,<=50K
52, Federal-gov,132874, Doctorate,16,Couple, Prof-specialty, Husband, Asian-Pac-Islander, Male,Had gains,No losses,45,US,>50K
29, Local-gov,276431, Assoc-voc,11,Single, Tech-support, Not-in-family, White, Male,No gains,No losses,40,US,<=50K
61, Self-emp-not-inc,109357, HS-grad,9,Couple, Exec-managerial, Husband, White, Male,No gains,Had losses,30,Non-US,<=50K
42, Private,165442, Some-college,10,Couple, Machine-op-inspct, Husband, Black, Male,No gains,No losses,48,US,<=50K
34, Private,221098, Bachelors,13,Single, Adm-clerical, Not-in-family, Amer-Indian-Eskimo, Female,No gains,No losses,38,US,<=50K
47, Private,182673, Masters,14,Couple, Exec-managerial, Wife, White, Female,Had gains,No losses,50,US,>50K
19, Private,341205, 11th,7,Single, Handlers-cleaners, Own-child, White, Male,No gains,No losses,25,US,<=50K
40, Private,154772, Prof-school,15,Couple, Prof-specialty, Husband, White, Male,No gains,No losses,55,US,>50K
38, Private,241583, HS-grad,9,Single, Sales, Not-in-family, Black, Male,No gains,No losses,40,US,<=50K
55, State-gov,198324, Some-college,10,Couple, Protective-serv, Husband, White, Male,No gains,No losses,40,US,>50K
27, Private,283990, Assoc-acdm,12,Single, Adm-clerical, Unmarried, White, Female,No gains,No losses,35,US,<=50K
49, Self-emp-inc,123456, Bachelors,13,Couple, Exec-managerial, Husband, White, Male,Had gains,No losses,60,Non-US,>50K
65, Self-emp-not-inc,87542, 7th-8th,4,Couple, Craft-repair, Husband, White, Male,No gains,No losses,20,US,<=50K
33, Private,209876, HS-grad,9,Single, Transport-moving, Unmarried, Black, Male,No gains,No losses,40,US,<=50K
37, Private,167890, Doctorate,16,Single, Prof-specialty, Not-in-family, Asian-Pac-Islander, Female,No gains,No losses,45,Non-US,<=50K
25, Private,345678, Some-college,10,Single, Handlers-cleaners, Own-child, White, Female,No gains,No losses,30,US,<=50K
34, Private,205831, HS-grad,9,Couple, Craft-repair, Husband, White, Male,No gains,No losses,40,US,<=50K
47, Private,310245, Some-college,10,Single, Exec-managerial, Not-in-family, White, Male,No gains,No losses,50,US,>50K
29, Private,184402, Bachelors,13,Single, Prof-specialty, Not-in-family, Asian-Pac-Islander, Female,No gains,No losses,40,US,<=50K
44, Private,239876, Masters,14,Couple, Prof-specialty, Wife, White, Female,No gains,No losses,45,US,>50K
19, Private,112543, 11th,7,Single, Handlers-cleaners, Own-child, Black, Male,No gains,No losses,20,US,<=50K
38, Local-gov,157982, Assoc-voc,11,Couple, Tech-support, Husband, White, Male,No gains,No losses,40,US,<=50K
56, Self-emp-inc,138462, Doctorate,16,Couple, Prof-specialty, Husband, White, Male,Had gains,No losses,55,Non-US,>50K
60, Federal-gov,95421, HS-grad,9,Couple, Adm-clerical, Wife, Black, Female,No gains,No losses,40,US,<=50K
25, Private,278433, Some-college,10,Single, Sales, Not-in-family, White, Male,No gains,No losses,30,US,<=50K
41, Private,215639, Bachelors,13,Single, Exec-managerial, Not-in-family, White, Female,No gains,No losses,50,US,>50K
52, Private,142871, 7th-8th,4,Couple, Other-service, Husband, Amer-Indian-Eskimo, Male,No gains,No losses,38,Non-US,<=50K
35, Private,178654, Prof-school,15,Single, Prof-specialty, Not-in-family, White, Male,No gains,Had losses,40,US,>50K
33, Self-emp-not-inc,264120, HS-grad,9,Single, Craft-repair, Unmarried, White, Male,No gains,No losses,44,US,<=50K
30, State-gov,198732, Assoc-acdm,12,Couple, Protective-serv, Husband, White, Male,No gains,No losses,40,US,<=50K
22, Private,312987, Some-college,10,Single, Sales, Own-child, White, Female,No gains,No losses,25,US,<=50K
49, Private,168421, Masters,14,Couple, Exec-managerial, Wife, White, Female,Had gains,No losses,45,US,>50K
27, Private,145306, 12th,8,Single, Machine-op-inspct, Unmarried, Black, Male,No gains,No losses,40,US,<=50K
54, Local-gov,221543, Bachelors,13,Couple, Tech-support, Husband, Asian-Pac-Islander, Male,No gains,No losses,40,Non-US,>50K
45, Private,189264, HS-grad,9,Couple, Transport-moving, Husband, White, Male,No gains,No losses,48,US,<=50K
37, Private,256789, Some-college,10,Single, Adm-clerical, Not-in-family, White, Female,No gains,No losses,38,US,<=50K
34, Private,205419, HS-grad,9,Couple, Craft-repair, Husband, White, Male,No gains,No losses,40,US,<=50K
29, Private,312450, Some-college,10,Single, Sales, Not-in-family, White, Female,No gains,No losses,38,US,<=50K
42, Private,189022, Bachelors,13,Couple, Exec-managerial, Husband, White, Male,No gains,No losses,50,US,>50K
19, Private,152880, 11th,7,Single, Other-service, Own-child, Black, Male,No gains,No losses,20,US,<=50K
45, State-gov,220134, Masters,14,Single, Prof-specialty, Not-in-family, Asian-Pac-Islander, Female,No gains,No losses,40,Non-US,>50K
37, Local-gov,175642, Assoc-voc,11,Couple, Tech-support, Wife, White, Female,No gains,No losses,35,US,<=50K
58, Self-emp-not-inc,98754, HS-grad,9,Couple, Craft-repair, Husband, White, Male,No gains,Had losses,45,US,<=50K
52, Private,168321, Doctorate,16,Couple, Prof-specialty, Husband, White, Male,Had gains,No losses,40,US,>50K
24, Private,280123, Some-college,10,Single, Adm-clerical, Unmarried, White, Female,No gains,No losses,40,US,<=50K
33, Private,195312, 12th,8,Single, Machine-op-inspct, Not-in-family, Black, Male,No gains,No losses,40,US,<=50K
49, Self-emp-inc,112450, Bachelors,13,Couple, Exec-managerial, Husband, White, Male,Had gains,No losses,55,US,>50K
62, Private,145987, 7th-8th,4,Couple, Handlers-cleaners, Husband, White, Male,No gains,No losses,30,US,<=50K
35, Private,201567, Masters,14,Single, Prof-specialty, Not-in-family, Asian-Pac-Islander, Male,No gains,No losses,45,US,>50K
41, Local-gov,234890, Assoc-acdm,12,Couple, Protective-serv, Husband, White, Male,No gains,No losses,40,US,<=50K
22, Private,302000, Some-college,10,Single, Sales, Own-child, White, Female,No gains,No losses,25,US,<=50K
47, Private,155432, Prof-school,15,Couple, Prof-specialty, Wife, White, Female,No gains,No losses,50,Non-US,>50K
54, Federal-gov,178654, HS-grad,9,Single, Adm-clerical, Not-in-family, Black, Female,No gains,No losses,40,US,<=50K
38, Private,240001, Bachelors,13,Single, Exec-managerial, Not-in-family, White, Male,No gains,No losses,60,US,>50K
18, Private,112233, 11th,7,Single, Other-service, Own-child, Amer-Indian-Eskimo, Male,No gains,No losses,16,US,<=50K
60, Federal-gov,198765, Doctorate,16,Couple, Prof-specialty, Husband, White, Male,Had gains,No losses,40,Non-US,>50K
34, Private,185432, HS-grad,9,Couple, Craft-repair, Husband, White, Male,No gains,No losses,40,US,<=50K
29, Private,256789, Some-college,10,Single, Sales, Not-in-family, Black, Female,No gains,No losses,38,US,<=50K
42, Private,310045, Bachelors,13,Couple, Exec-managerial, Husband, White, Male,No gains,No losses,50,US,>50K
22, Private,145678, 11th,7,Single, Handlers-cleaners, Own-child, White, Male,No gains,No losses,20,US,<=50K
45, State-gov,220987, Masters,14,Couple, Prof-specialty, Wife, White, Female,No gains,No losses,40,US,>50K
60, Self-emp-not-inc,95000, HS-grad,9,Single, Sales, Not-in-family, White, Male,No gains,No losses,35,US,<=50K
33, Local-gov,285432, Assoc-voc,11,Single, Tech-support, Unmarried, Black, Female,No gains,No losses,40,US,<=50K
55, Private,178321, Doctorate,16,Couple, Prof-specialty, Husband, Asian-Pac-Islander, Male,Had gains,No losses,45,Non-US,>50K
47, Private,199876, Some-college,10,Single, Other-service, Unmarried, White, Male,No gains,Had losses,30,US,<=50K
63, Private,120543, 7th-8th,4,Couple, Machine-op-inspct, Husband, White, Male,No gains,No losses,40,US,<=50K
30, Private,345678, Bachelors,13,Single, Adm-clerical, Not-in-family, Black, Female,No gains,No losses,40,US,<=50K
41, Federal-gov,265432, Prof-school,15,Couple, Prof-specialty, Wife, White, Female,No gains,No losses,40,US,>50K
56, Local-gov,160000, HS-grad,9,Couple, Protective-serv, Husband, White, Male,No gains,No losses,40,US,>50K
25, Private,210987, Assoc-acdm,12,Single, Craft-repair, Own-child, Amer-Indian-Eskimo, Male,No gains,No losses,42,US,<=50K
39, Self-emp-inc,275000, Some-college,10,Couple, Exec-managerial, Husband, White, Male,Had gains,No losses,55,US,>50K
24, Private,190123, 12th,8,Single, Sales, Not-in-family, White, Male,No gains,No losses,25,Non-US,<=50K
52, Private,188654, Masters,14,Single, Prof-specialty, Not-in-family, White, Male,No gains,No losses,50,US,>50K
37, Private,320000, HS-grad,9,Single, Transport-moving, Not-in-family, Black, Female,No gains,No losses,40,US,<=50K
49, Federal-gov,240567, Bachelors,13,Couple, Exec-managerial, Husband, Asian-Pac-Islander, Male,No gains,No losses,40,Non-US,>50K
19, Private,175432, 10th,6,Single, Other-service, Own-child, White, Female,No gains,No losses,15,US,<=50K
34, Private,189765, HS-grad,9,Couple, Craft-repair, Husband, White, Male,No gains,No losses,40,US,<=50K
45, Private,215432, Bachelors,13,Couple, Exec-managerial, Husband, White, Male,No gains,No losses,55,US,>50K
29, Private,154320, Some-college,10,Single, Sales, Not-in-family, Black, Female,No gains,No losses,38,US,<=50K
41, State-gov,278900, Masters,14,Couple, Prof-specialty, Wife, White, Female,No gains,No losses,40,US,>50K
22, Private,112450, 11th,7,Single, Handlers-cleaners, Own-child, White, Male,No gains,No losses,25,US,<=50K
52, Private,168700, Doctorate,16,Couple, Prof-specialty, Husband, Asian-Pac-Islander, Male,Had gains,No losses,50,Non-US,>50K
35, Local-gov,195600, Assoc-voc,11,Single, Tech-support, Not-in-family, Black, Male,No gains,No losses,40,US,<=50K
60, Self-emp-not-inc,132800, HS-grad,9,Couple, Craft-repair, Husband, White, Male,No gains,No losses,30,US,<=50K
27, Private,305400, Some-college,10,Single, Adm-clerical, Unmarried, White, Female,No gains,No losses,40,US,<=50K
38, Federal-gov,210050, Bachelors,13,Single, Exec-managerial, Not-in-family, Amer-Indian-Eskimo, Male,No gains,No losses,45,US,>50K
48, Private,89000, 7th-8th,4,Couple, Other-service, Husband, White, Male,No gains,No losses,35,US,<=50K
44, Self-emp-inc,245670, Prof-school,15,Couple, Prof-specialty, Husband, White, Male,Had gains,No losses,60,US,>50K
31, Private,178900, HS-grad,9,Single, Machine-op-inspct, Unmarried, Black, Female,No gains,No losses,40,Non-US,<=50K
33, Local-gov,187430, Assoc-acdm,12,Couple, Protective-serv, Wife, White, Female,No gains,No losses,40,US,<=50K
50, Private,221100, Some-college,10,Couple, Sales, Husband, White, Male,No gains,Had losses,48,US,<=50K
37, Private,199850, Masters,14,Single, Prof-specialty, Not-in-family, Asian-Pac-Islander, Male,No gains,No losses,42,Non-US,>50K
19, Private,145000, 12th,8,Single, Handlers-cleaners, Own-child, White, Male,No gains,No losses,20,US,<=50K
56, Self-emp-not-inc,120500, HS-grad,9,Couple, Exec-managerial, Husband, White, Male,No gains,No losses,50,US,>50K
25, Private,260340, Bachelors,13,Single, Sales, Not-in-family, Black, Female,No gains,No losses,35,US,<=50K
43, Federal-gov,235000, Some-college,10,Couple, Adm-clerical, Wife, White, Female,No gains,No losses,40,US,<=50K
34, Private,187234, HS-grad,9,Couple, Craft-repair, Husband, White, Male,No gains,No losses,45,US,<=50K
42, Private,245001, Bachelors,13,Couple, Exec-managerial, Husband, White, Male,No gains,No losses,50,US,>50K
25, Private,310567, Some-college,10,Single, Sales, Own-child, Black, Female,No gains,No losses,30,US,<=50K
47, Private,159876, Masters,14,Couple, Prof-specialty, Wife, White, Female,No gains,No losses,40,US,>50K
19, Private,280432, 11th,7,Single, Other-service, Own-child, White, Male,No gains,No losses,20,US,<=50K
55, State-gov,138901, Doctorate,16,Couple, Prof-specialty, Husband, White, Male,Had gains,No losses,40,US,>50K
62, Local-gov,215678, HS-grad,9,Couple, Adm-clerical, Husband, White, Male,No gains,No losses,35,US,<=50K
29, Private,195432, Assoc-acdm,12,Single, Tech-support, Not-in-family, Asian-Pac-Islander, Male,No gains,No losses,40,Non-US,<=50K
33, Private,340987, Some-college,10,Single, Handlers-cleaners, Not-in-family, Black, Male,No gains,No losses,44,US,<=50K
38, Self-emp-inc,123456, Bachelors,13,Couple, Exec-managerial, Husband, White, Male,Had gains,No losses,55,US,>50K
48, Self-emp-not-inc,290112, 7th-8th,4,Couple, Craft-repair, Husband, White, Male,No gains,No losses,40,US,<=50K
30, Private,178900, Masters,14,Single, Prof-specialty, Not-in-family, White, Female,No gains,No losses,38,Non-US,<=50K
41, Federal-gov,265432, HS-grad,9,Single, Protective-serv, Not-in-family, Black, Male,No gains,No losses,40,US,<=50K
35, Private,205678, Assoc-voc,11,Couple, Machine-op-inspct, Husband, White, Male,No gains,No losses,42,US,<=50K
44, Private,150234, Prof-school,15,Couple, Prof-specialty, Husband, White, Male,No gains,No losses,45,US,>50K
23, Private,225890, HS-grad,9,Single, Sales, Own-child, White, Female,No gains,No losses,25,US,<=50K
28, Private,315000, 12th,8,Single, Handlers-cleaners, Not-in-family, Black, Male,No gains,No losses,40,US,<=50K
52, Local-gov,189777, Bachelors,13,Couple, Exec-managerial, Husband, White, Male,Had gains,No losses,40,US,>50K
45, Private,170543, Some-college,10,Single, Adm-clerical, Unmarried, White, Female,No gains,Had losses,38,US,<=50K
57, Private,132100, HS-grad,9,Couple, Transport-moving, Husband, White, Male,No gains,No losses,48,US,<=50K
34, Private,245789, HS-grad,9,Couple, Craft-repair, Husband, White, Male,No gains,No losses,40,US,<=50K
45, Private,182340, Bachelors,13,Couple, Exec-managerial, Husband, White, Male,No gains,No losses,50,US,>50K
22, Private,305001, Some-college,10,Single, Sales, Own-child, White, Female,No gains,No losses,25,US,<=50K
41, Private,160452, Masters,14,Single, Prof-specialty, Not-in-family, Asian-Pac-Islander, Female,No gains,No losses,40,US,>50K
48, Local-gov,128975, HS-grad,9,Single, Protective-serv, Not-in-family, Black, Male,No gains,No losses,40,US,<=50K
55, Self-emp-inc,207654, Doctorate,16,Couple, Prof-specialty, Husband, White, Male,Had gains,No losses,55,Non-US,>50K
19, Private,412356, 11th,7,Single, Handlers-cleaners, Own-child, White, Male,No gains,No losses,20,US,<=50K
29, Federal-gov,289110, Assoc-voc,11,Single, Tech-support, Not-in-family, Black, Female,No gains,No losses,40,US,<=50K
33, State-gov,197543, Some-college,10,Couple, Adm-clerical, Wife, White, Female,No gains,No losses,38,US,<=50K
52, Private,134562, Bachelors,13,Couple, Exec-managerial, Husband, White, Male,No gains,Had losses,45,US,>50K
25, Private,324887, HS-grad,9,Single, Transport-moving, Unmarried, Black, Male,No gains,No losses,40,US,<=50K
37, Private,172295, Masters,14,Single, Prof-specialty, Not-in-family, White, Female,No gains,No losses,35,US,<=50K
30, Local-gov,287654, 12th,8,Single, Other-service, Not-in-family, Amer-Indian-Eskimo, Female,No gains,No losses,30,US,<=50K
60, Self-emp-not-inc,156789, Some-college,10,Couple, Craft-repair, Husband, White, Male,No gains,No losses,40,US,<=50K
44, Private,210983, Prof-school,15,Couple, Prof-specialty, Husband, White, Male,Had gains,No losses,50,US,>50K
42, Private,110234, HS-grad,9,Couple, Machine-op-inspct, Husband, White, Male,No gains,No losses,40,Non-US,<=50K
35, Private,234567, Assoc-acdm,12,Single, Sales, Not-in-family, White, Male,No gains,No losses,45,US,<=50K
56, Private,145678, Bachelors,13,Couple, Exec-managerial, Husband, White, Male,No gains,No losses,50,US,>50K
63, Private,98765, 7th-8th,4,Couple, Craft-repair, Husband, White, Male,No gains,No losses,35,US,<=50K
27, Private,278912, Some-college,10,Single, Other-service, Unmarried, Black, Female,No gains,No losses,20,US,<=50K
