age,workclass,fnlwgt,education,education-num,marital-status,occupation,relationship,race,sex,capital-gain,capital-loss,hours-per-week,country,salary
34, Private,189765, HS-grad,9,Couple, Craft-repair, Husband, White, Male,No gains,No losses,40,US,>50K
29, Private,345210, Bachelors,13,Single, Exec-managerial, Not-in-family, White, Female,No gains,No losses,50,US,>50K
42, Private,215678, Some-college,10,Couple, Sales, Husband, White, Male,No gains,No losses,45,US,>50K
38, Private,287654, Masters,14,Single, Prof-specialty, Not-in-family, Black, Male,Had gains,No losses,55,US,>50K
52, Self-emp-inc,195432, Assoc-acdm,12,Couple, Exec-managerial, Husband, White, Male,Had gains,No losses,50,US,>50K
48, Private,221345, HS-grad,9,Couple, Transport-moving, Husband, White, Male,No gains,No losses,40,US,<=50K
25, Private,98765, 10th,6,Single, Machine-op-inspct, Own-child, White, Male,No gains,No losses,38,US,<=50K
31, Private,154321, Some-college,10,Single, Other-service, Not-in-family, Black, Female,No gains,No losses,35,US,<=50K
55, Local-gov,187654, HS-grad,9,Couple, Adm-clerical, Wife, White, Female,No gains,No losses,40,US,<=50K
22, Private,112233, 11th,7,Single, Sales, Other-relative, Amer-Indian-Eskimo, Male,No gains,Had losses,30,US,<=50K
26, Private,334422, Bachelors,13,Single, Tech-support, Not-in-family, White, Female,No gains,No losses,40,Non-US,<=50K
40, Private,256789, Assoc-voc,11,Single, Craft-repair, Unmarried, Black, Male,No gains,No losses,44,US,<=50K
19, Private,76543, Some-college,10,Single, Other-service, Own-child, White, Male,No gains,No losses,20,US,<=50K
62, Self-emp-not-inc,143210, 7th-8th,4,Couple, Farming-fishing, Husband, White, Male,No gains,No losses,50,US,<=50K
35, Federal-gov,309876, Masters,14,Couple, Prof-specialty, Wife, White, Female,Had gains,No losses,45,US,>50K
44, Private,265432, Prof-school,15,Couple, Prof-specialty, Husband, White, Male,No gains,No losses,60,US,>50K
39, Private,178901, HS-grad,9,Single, Machine-op-inspct, Unmarried, Black, Female,No gains,No losses,40,US,<=50K
33, Private,205678, Some-college,10,Single, Adm-clerical, Not-in-family, White, Male,No gains,Had losses,40,US,<=50K
50, Self-emp-not-inc,245678, Bachelors,13,Couple, Exec-managerial, Husband, White, Male,No gains,No losses,48,US,>50K
28, State-gov,167890, HS-grad,9,Single, Tech-support, Not-in-family, White, Female,No gains,No losses,40,US,<=50K
34, Private,201824, HS-grad,9,Couple, Craft-repair, Husband, White, Male,No gains,No losses,45,US,<=50K
52, Private,167482, Masters,14,Couple, Prof-specialty, Husband, White, Male,No gains,No losses,50,US,>50K
29, Private,145892, Some-college,10,Single, Sales, Not-in-family, Black, Female,No gains,No losses,38,US,<=50K
39, State-gov,210348, Bachelors,13,Single, Exec-managerial, Not-in-family, White, Female,No gains,No losses,40,US,>50K
22, Private,98233, 11th,7,Single, Other-service, Own-child, White, Male,No gains,No losses,25,US,<=50K
41, Private,291345, Assoc-acdm,12,Couple, Tech-support, Wife, White, Female,No gains,No losses,40,US,>50K
48, Self-emp-not-inc,178563, HS-grad,9,Couple, Farming-fishing, Husband, White, Male,No gains,Had losses,50,US,<=50K
56, Private,123456, 7th-8th,4,Couple, Transport-moving, Husband, White, Male,No gains,No losses,40,Non-US,<=50K
44, Private,312478, Prof-school,15,Couple, Prof-specialty, Husband, White, Male,Had gains,No losses,55,US,>50K
25, Private,102547, Some-college,10,Single, Adm-clerical, Unmarried, Black, Female,No gains,No losses,35,US,<=50K
33, Private,256789, Bachelors,13,Single, Exec-managerial, Not-in-family, Amer-Indian-Eskimo, Male,No gains,No losses,45,US,>50K
38, Local-gov,185632, Assoc-voc,11,Couple, Tech-support, Wife, White, Female,No gains,No losses,40,US,<=50K
62, Self-emp-inc,340001, HS-grad,9,Couple, Sales, Husband, White, Male,Had gains,No losses,40,US,>50K
30, Private,98765, 10th,6,Single, Machine-op-inspct, Unmarried, Black, Male,No gains,No losses,40,US,<=50K
50, Federal-gov,225478, Masters,14,Single, Prof-specialty, Not-in-family, White, Female,No gains,No losses,40,Non-US,>50K
21, Private,115234, Some-college,10,Single, Other-service, Own-child, White, Female,No gains,No losses,20,US,<=50K
27, Private,178900, Bachelors,13,Single, Adm-clerical, Not-in-family, White, Male,No gains,Had losses,40,US,<=50K
53, Private,154321, HS-grad,9,Couple, Craft-repair, Husband, White, Male,No gains,No losses,48,US,<=50K
36, Private,234567, Assoc-acdm,12,Single, Exec-managerial, Unmarried, Black, Male,No gains,No losses,50,US,>50K
47, Private,192345, Some-college,10,Couple, Sales, Husband, White, Male,No gains,No losses,35,US,<=50K
38, Private,189200, HS-grad,9,Couple, Craft-repair, Husband, White, Male,No gains,No losses,40,US,<=50K
52, Private,305120, Masters,14,Couple, Prof-specialty, Husband, White, Male,Had gains,No losses,50,US,>50K
25, Private,142500, Some-college,10,Single, Other-service, Not-in-family, Black, Female,No gains,No losses,35,US,<=50K
34, State-gov,221450, Bachelors,13,Single, Exec-managerial, Not-in-family, White, Male,No gains,No losses,45,US,>50K
48, Private,167800, 11th,7,Couple, Transport-moving, Husband, White, Male,No gains,No losses,55,US,<=50K
29, Private,193700, Assoc-voc,11,Single, Tech-support, Unmarried, White, Female,No gains,No losses,40,US,<=50K
42, Self-emp-inc,275600, Some-college,10,Couple, Sales, Wife, White, Female,Had gains,No losses,60,US,>50K
22, Private,98500, HS-grad,9,Single, Machine-op-inspct, Own-child, Amer-Indian-Eskimo, Male,No gains,No losses,40,US,<=50K
56, Private,415000, Prof-school,15,Couple, Prof-specialty, Husband, White, Male,Had gains,Had losses,50,US,>50K
62, Self-emp-not-inc,123400, 7th-8th,4,Couple, Farming-fishing, Husband, White, Male,No gains,No losses,35,US,<=50K
41, Federal-gov,310800, Bachelors,13,Single, Exec-managerial, Not-in-family, Black, Female,No gains,No losses,40,US,>50K
33, Private,156200, HS-grad,9,Single, Adm-clerical, Unmarried, Black, Female,No gains,No losses,38,US,<=50K
39, Private,248900, Masters,14,Single, Prof-specialty, Not-in-family, White, Male,No gains,No losses,45,Non-US,>50K
27, Private,110300, 10th,6,Single, Other-service, Other-relative, White, Male,No gains,No losses,40,US,<=50K
47, Local-gov,184500, Assoc-acdm,12,Couple, Tech-support, Husband, White, Male,No gains,Had losses,40,US,<=50K
55, Self-emp-not-inc,202100, Some-college,10,Couple, Craft-repair, Husband, White, Male,No gains,No losses,48,US,<=50K
30, Private,133600, HS-grad,9,Single, Sales, Not-in-family, White, Female,No gains,No losses,25,US,<=50K
50, Private,335400, Bachelors,13,Couple, Exec-managerial, Wife, White, Female,Had gains,No losses,55,US,>50K
19, Private,72000, 11th,7,Single, Machine-op-inspct, Own-child, White, Male,No gains,No losses,40,US,<=50K
44, Private,218700, Assoc-acdm,12,Single, Adm-clerical, Unmarried, Black, Female,No gains,No losses,40,US,<=50K
52, Private,198341, Masters,14,Couple, Exec-managerial, Husband, White, Male,Had gains,No losses,50,US,>50K
29, Private,145823, HS-grad,9,Single, Sales, Not-in-family, White, Female,No gains,No losses,38,US,<=50K
40, Self-emp-not-inc,257890, Some-college,10,Couple, Craft-repair, Husband, White, Male,No gains,No losses,45,US,<=50K
34, Private,312456, Assoc-acdm,12,Single, Tech-support, Unmarried, Black, Male,No gains,Had losses,40,US,<=50K
48, Federal-gov,186543, Bachelors,13,Couple, Prof-specialty, Husband, White, Male,No gains,No losses,40,US,>50K
55, Private,115678, 10th,6,Couple, Farming-fishing, Husband, White, Male,No gains,No losses,35,US,<=50K
39, Self-emp-inc,78901, Prof-school,15,Couple, Prof-specialty, Wife, White, Female,Had gains,No losses,55,US,>50K
22, Private,87654, HS-grad,9,Single, Other-service, Own-child, Amer-Indian-Eskimo, Male,No gains,No losses,25,US,<=50K
62, Private,220345, Some-college,10,Single, Adm-clerical, Not-in-family, Black, Female,No gains,No losses,30,US,<=50K
30, Private,445678, Bachelors,13,Single, Exec-managerial, Not-in-family, White, Male,No gains,No losses,48,Non-US,>50K
41, Local-gov,195432, HS-grad,9,Couple, Transport-moving, Husband, White, Male,No gains,Had losses,40,US,<=50K
33, Private,234567, Masters,14,Single, Prof-specialty, Unmarried, Black, Female,No gains,No losses,40,US,>50K
18, Private,64321, 11th,7,Single, Other-service, Own-child, White, Female,No gains,No losses,20,US,<=50K
47, State-gov,178901, Assoc-voc,11,Couple, Tech-support, Wife, White, Female,No gains,No losses,40,US,<=50K
25, Private,298765, Some-college,10,Single, Machine-op-inspct, Not-in-family, White, Male,No gains,No losses,40,US,<=50K
26, Private,345678, Bachelors,13,Single, Sales, Not-in-family, White, Male,Had gains,No losses,60,US,>50K
65, Private,98765, 7th-8th,4,Couple, Craft-repair, Husband, White, Male,No gains,No losses,40,US,<=50K
38, Private,154321, HS-grad,9,Single, Machine-op-inspct, Unmarried, Black, Female,No gains,No losses,40,US,<=50K
56, Self-emp-inc,123456, Some-college,10,Couple, Exec-managerial, Husband, White, Male,Had gains,No losses,50,US,>50K
27, Private,267890, Assoc-acdm,12,Single, Adm-clerical, Not-in-family, White, Female,No gains,Had losses,35,US,<=50K
52, Private,234567, Masters,14,Couple, Exec-managerial, Husband, White, Male,Had gains,No losses,60,US,>50K
28, Private,123456, 11th,7,Single, Other-service, Not-in-family, Black, Female,No gains,No losses,35,US,<=50K
62, Self-emp-not-inc,89567, 7th-8th,4,Couple, Craft-repair, Husband, White, Male,No gains,No losses,40,US,<=50K
39, Private,198765, Prof-school,15,Single, Prof-specialty, Not-in-family, White, Female,No gains,No losses,50,US,>50K
41, Private,305432, Some-college,10,Couple, Sales, Wife, White, Female,No gains,Had losses,45,US,>50K
34, Federal-gov,178901, Bachelors,13,Single, Tech-support, Unmarried, Black, Male,No gains,No losses,40,US,>50K
22, Private,97543, HS-grad,9,Single, Machine-op-inspct, Own-child, White, Male,No gains,No losses,40,US,<=50K
55, Local-gov,215678, 10th,6,Couple, Transport-moving, Husband, White, Male,No gains,No losses,40,US,<=50K
47, Private,142345, Assoc-voc,11,Single, Craft-repair, Unmarried, White, Male,No gains,No losses,55,Non-US,>50K
29, Private,112234, Some-college,10,Single, Adm-clerical, Not-in-family, Amer-Indian-Eskimo, Female,No gains,No losses,38,US,<=50K
38, Self-emp-inc,456789, Bachelors,13,Couple, Exec-managerial, Wife, White, Female,Had gains,No losses,50,US,>50K
19, Private,65432, HS-grad,9,Single, Other-service, Other-relative, Black, Male,No gains,No losses,20,US,<=50K
42, Private,267890, Assoc-acdm,12,Single, Tech-support, Not-in-family, White, Male,No gains,Had losses,40,US,<=50K
57, State-gov,189012, Masters,14,Couple, Prof-specialty, Husband, Black, Male,No gains,No losses,40,US,>50K
67, Self-emp-not-inc,78901, 7th-8th,4,Couple, Farming-fishing, Husband, White, Male,No gains,No losses,60,US,<=50K
25, Private,135790, 11th,7,Single, Sales, Not-in-family, White, Female,No gains,No losses,30,Non-US,<=50K
32, Private,345678, Bachelors,13,Single, Adm-clerical, Unmarried, White, Female,No gains,No losses,45,US,<=50K
23, Private,246801, Assoc-acdm,12,Single, Other-service, Own-child, White, Male,No gains,No losses,25,US,<=50K
48, Private,167890, Some-college,10,Couple, Craft-repair, Husband, White, Male,No gains,No losses,40,US,<=50K
50, Self-emp-inc,567890, Prof-school,15,Couple, Prof-specialty, Husband, White, Male,Had gains,No losses,70,US,>50K
42, Private,245891, Masters,14,Couple, Prof-specialty, Husband, White, Male,No gains,No losses,50,US,>50K
25, Private,152380, HS-grad,9,Single, Sales, Not-in-family, White, Female,No gains,No losses,38,US,<=50K
29, Private,198745, Some-college,10,Single, Other-service, Unmarried, Black, Male,No gains,No losses,35,US,<=50K
52, Self-emp-inc,310244, Bachelors,13,Couple, Exec-managerial, Husband, White, Male,Had gains,No losses,55,US,>50K
38, Private,112546, 11th,7,Single, Machine-op-inspct, Not-in-family, White, Male,No gains,No losses,40,Non-US,<=50K
34, Local-gov,128900, Assoc-voc,11,Couple, Tech-support, Wife, White, Female,No gains,No losses,40,US,>50K
47, Private,187654, Prof-school,15,Single, Prof-specialty, Not-in-family, Asian-Pac-Islander, Female,Had gains,No losses,45,US,>50K
55, Private,191234, 10th,6,Couple, Craft-repair, Husband, White, Male,No gains,Had losses,40,US,<=50K
23, Private,76543, Some-college,10,Single, Sales, Own-child, White, Female,No gains,No losses,30,US,<=50K
63, Self-emp-not-inc,215432, HS-grad,9,Couple, Farming-fishing, Husband, White, Male,No gains,No losses,50,US,<=50K
39, Federal-gov,158900, Bachelors,13,Couple, Exec-managerial, Husband, Black, Male,No gains,No losses,40,US,>50K
48, Private,132100, 7th-8th,4,Couple, Transport-moving, Husband, White, Male,No gains,No losses,42,US,<=50K
41, State-gov,189077, Assoc-acdm,12,Single, Adm-clerical, Not-in-family, White, Female,No gains,No losses,38,US,<=50K
31, Private,220567, HS-grad,9,Single, Craft-repair, Unmarried, White, Male,No gains,Had losses,40,US,<=50K
53, Private,178543, Some-college,10,Couple, Prof-specialty, Wife, White, Female,Had gains,No losses,40,US,>50K
35, Self-emp-inc,295432, Masters,14,Single, Prof-specialty, Not-in-family, Black, Female,No gains,No losses,48,US,>50K
22, Private,98567, 11th,7,Single, Other-service, Own-child, Amer-Indian-Eskimo, Male,No gains,No losses,25,Non-US,<=50K
44, Private,160234, HS-grad,9,Couple, Machine-op-inspct, Husband, White, Male,No gains,No losses,40,US,<=50K
30, Private,350123, Bachelors,13,Single, Sales, Not-in-family, White, Female,No gains,No losses,40,US,<=50K
57, Private,145678, Some-college,10,Couple, Craft-repair, Husband, White, Male,No gains,No losses,20,US,<=50K
44, Private,245000, Masters,14,Couple, Prof-specialty, Husband, White, Male,No gains,No losses,50,US,>50K
28, Private,150000, Some-college,10,Single, Sales, Not-in-family, White, Female,No gains,No losses,35,US,<=50K
52, Private,180000, HS-grad,9,Couple, Craft-repair, Husband, White, Male,No gains,No losses,40,US,<=50K
34, Private,210000, Bachelors,13,Couple, Exec-managerial, Wife, White, Female,Had gains,No losses,45,US,>50K
39, Private,110000, 10th,6,Single, Machine-op-inspct, Unmarried, Black, Male,No gains,No losses,40,US,<=50K
47, Local-gov,195000, Assoc-acdm,12,Single, Tech-support, Not-in-family, White, Male,No gains,No losses,40,US,>50K
22, Private,85000, 11th,7,Single, Other-service, Own-child, White, Female,No gains,No losses,25,US,<=50K
50, Self-emp-inc,320000, Prof-school,15,Couple, Prof-specialty, Husband, White, Male,Had gains,No losses,60,US,>50K
31, Private,165000, HS-grad,9,Single, Adm-clerical, Not-in-family, Black, Female,No gains,Had losses,40,US,<=50K
55, Private,210000, Some-college,10,Couple, Transport-moving, Husband, White, Male,No gains,No losses,48,US,>50K
26, Private,190000, Bachelors,13,Single, Sales, Unmarried, White, Male,No gains,No losses,40,Non-US,<=50K
40, Private,175000, Assoc-voc,11,Couple, Craft-repair, Husband, White, Male,No gains,No losses,40,US,>50K
48, Private,130000, 7th-8th,4,Couple, Farming-fishing, Husband, Amer-Indian-Eskimo, Male,No gains,No losses,50,US,<=50K
20, Private,70000, HS-grad,9,Single, Machine-op-inspct, Other-relative, White, Male,No gains,No losses,40,US,<=50K
38, Federal-gov,280000, Masters,14,Single, Prof-specialty, Not-in-family, Black, Female,No gains,No losses,40,US,>50K
33, Private,155000, Some-college,10,Single, Other-service, Not-in-family, White, Female,No gains,No losses,30,US,<=50K
41, State-gov,220000, Bachelors,13,Couple, Exec-managerial, Husband, White, Male,No gains,Had losses,45,US,>50K
18, Private,60000, 11th,7,Single, Other-service, Own-child, White, Male,No gains,No losses,20,US,<=50K
59, Self-emp-not-inc,160000, HS-grad,9,Couple, Craft-repair, Husband, White, Male,No gains,No losses,40,US,<=50K
29, Private,140000, Some-college,10,Single, Adm-clerical, Unmarried, Black, Female,No gains,No losses,35,US,<=50K
52, Private,290432, Masters,14,Couple, Exec-managerial, Husband, White, Male,No gains,No losses,50,US,>50K
29, Private,184375, Some-college,10,Single, Sales, Not-in-family, White, Female,No gains,No losses,38,US,<=50K
41, Private,125879, HS-grad,9,Couple, Craft-repair, Husband, White, Male,No gains,No losses,40,US,<=50K
35, Private,205643, Bachelors,13,Single, Prof-specialty, Not-in-family, Black, Female,No gains,No losses,45,US,>50K
22, Private,98765, 11th,7,Single, Other-service, Own-child, White, Male,No gains,No losses,30,US,<=50K
48, State-gov,310450, Assoc-acdm,12,Couple, Adm-clerical, Wife, White, Female,No gains,No losses,40,US,<=50K
39, Self-emp-inc,175000, Bachelors,13,Couple, Exec-managerial, Husband, White, Male,Had gains,No losses,55,US,>50K
56, Private,220000, Prof-school,15,Couple, Prof-specialty, Husband, White, Male,No gains,No losses,60,US,>50K
38, Private,145000, 10th,6,Single, Machine-op-inspct, Unmarried, Black, Male,No gains,Had losses,40,US,<=50K
63, Local-gov,195432, HS-grad,9,Couple, Transport-moving, Husband, White, Male,No gains,No losses,35,US,<=50K
27, Private,112345, Some-college,10,Single, Tech-support, Not-in-family, White, Female,No gains,No losses,40,Non-US,<=50K
33, Private,265000, Masters,14,Single, Prof-specialty, Not-in-family, White, Male,No gains,No losses,50,US,>50K
50, Private,180000, HS-grad,9,Single, Other-service, Unmarried, Black, Female,No gains,No losses,40,US,<=50K
60, Private,85000, 7th-8th,4,Couple, Farming-fishing, Husband, White, Male,No gains,No losses,48,US,<=50K
42, Private,235000, Assoc-voc,11,Couple, Craft-repair, Husband, White, Male,No gains,No losses,40,US,>50K
20, Private,75000, Some-college,10,Single, Other-service, Own-child, Amer-Indian-Eskimo, Male,No gains,No losses,25,US,<=50K
30, Private,195000, Bachelors,13,Single, Sales, Not-in-family, White, Female,Had gains,No losses,45,US,>50K
34, Private,160000, HS-grad,9,Couple, Machine-op-inspct, Wife, White, Female,No gains,No losses,40,US,<=50K
55, Federal-gov,320000, Bachelors,13,Couple, Exec-managerial, Husband, White, Male,No gains,No losses,40,US,>50K
46, Self-emp-not-inc,140000, 10th,6,Single, Craft-repair, Unmarried, Black, Male,No gains,Had losses,40,US,<=50K
34, Private,185342, HS-grad,9,Couple, Craft-repair, Husband, White, Male,No gains,No losses,40,US,<=50K
29, Private,210944, Bachelors,13,Single, Prof-specialty, Not-in-family, White, Male,No gains,No losses,45,US,>50K
41, Private,156789, Some-college,10,Single, Sales, Unmarried, Black, Female,No gains,No losses,38,US,<=50K
52, Self-emp-inc,295001, Masters,14,Couple, Exec-managerial, Husband, White, Male,Had gains,No losses,50,US,>50K
48, Private,102354, 10th,6,Single, Transport-moving, Not-in-family, White, Male,No gains,Had losses,40,US,<=50K
25, Private,131254, Some-college,10,Single, Other-service, Own-child, Amer-Indian-Eskimo, Female,No gains,No losses,35,US,<=50K
38, Private,220789, Assoc-acdm,12,Couple, Tech-support, Wife, White, Female,No gains,No losses,40,US,>50K
57, Local-gov,175432, HS-grad,9,Couple, Transport-moving, Husband, White, Male,No gains,No losses,40,US,<=50K
46, Private,435678, Prof-school,15,Single, Prof-specialty, Not-in-family, White, Male,No gains,No losses,55,US,>50K
33, Private,198765, Bachelors,13,Single, Exec-managerial, Unmarried, Black, Female,Had gains,No losses,50,US,>50K
22, Private,98765, 11th,7,Single, Machine-op-inspct, Own-child, White, Male,No gains,No losses,40,US,<=50K
40, Federal-gov,312456, Masters,14,Couple, Prof-specialty, Husband, White, Male,No gains,No losses,40,US,>50K
62, Private,145678, HS-grad,9,Single, Farming-fishing, Not-in-family, White, Male,No gains,No losses,45,US,<=50K
39, Private,187654, Assoc-voc,11,Single, Adm-clerical, Unmarried, Black, Female,No gains,Had losses,38,US,<=50K
30, Private,134567, Some-college,10,Single, Machine-op-inspct, Not-in-family, White, Female,No gains,No losses,40,Non-US,<=50K
50, Private,256789, Bachelors,13,Couple, Sales, Husband, White, Male,No gains,No losses,44,US,>50K
55, Private,112233, 7th-8th,4,Couple, Craft-repair, Husband, White, Male,No gains,No losses,40,US,<=50K
28, Private,145321, Some-college,10,Single, Other-service, Unmarried, Black, Male,No gains,No losses,30,US,<=50K
44, Private,223456, Assoc-acdm,12,Couple, Exec-managerial, Wife, White, Female,Had gains,No losses,48,US,>50K
36, Private,167890, HS-grad,9,Single, Adm-clerical, Not-in-family, White, Female,No gains,No losses,35,US,<=50K
38, Private,245000, Bachelors,13,Couple, Exec-managerial, Husband, White, Male,No gains,No losses,50,US,>50K
50, Private,180000, HS-grad,9,Single, Machine-op-inspct, Not-in-family, Black, Male,No gains,No losses,40,US,<=50K
29, Private,320000, Some-college,10,Single, Sales, Unmarried, White, Female,No gains,No losses,38,US,<=50K
45, State-gov,150000, Masters,14,Couple, Prof-specialty, Wife, White, Female,Had gains,No losses,45,US,>50K
22, Private,90000, 11th,7,Single, Other-service, Own-child, Amer-Indian-Eskimo, Male,No gains,No losses,20,US,<=50K
33, Private,210000, Assoc-acdm,12,Single, Tech-support, Not-in-family, White, Male,No gains,No losses,40,US,<=50K
52, Self-emp-inc,400000, Prof-school,15,Couple, Prof-specialty, Husband, White, Male,Had gains,No losses,60,US,>50K
41, Local-gov,125000, Some-college,10,Couple, Craft-repair, Husband, Black, Male,No gains,Had losses,40,US,<=50K
55, Private,175000, HS-grad,9,Single, Adm-clerical, Unmarried, White, Female,No gains,No losses,35,US,<=50K
35, Private,290000, Bachelors,13,Single, Exec-managerial, Not-in-family, White, Female,No gains,No losses,45,Non-US,>50K
62, Private,110000, 7th-8th,4,Couple, Farming-fishing, Husband, White, Male,No gains,No losses,48,US,<=50K
27, Private,200000, Assoc-voc,11,Single, Craft-repair, Not-in-family, Black, Male,No gains,No losses,40,US,<=50K
48, Self-emp-not-inc,340000, Bachelors,13,Couple, Prof-specialty, Wife, White, Female,No gains,No losses,35,US,>50K
39, Private,155000, 10th,6,Single, Transport-moving, Unmarried, White, Male,No gains,Had losses,50,US,<=50K
30, Private,260000, HS-grad,9,Couple, Sales, Husband, White, Male,No gains,No losses,40,US,<=50K
42, Private,310000, Masters,14,Single, Exec-managerial, Not-in-family, Black, Female,Had gains,No losses,50,US,>50K
19, Private,80000, Some-college,10,Single, Other-service, Own-child, White, Female,No gains,No losses,25,US,<=50K
58, Federal-gov,195000, HS-grad,9,Couple, Adm-clerical, Wife, White, Female,No gains,No losses,40,US,<=50K
25, Private,230000, Assoc-acdm,12,Single, Sales, Unmarried, White, Male,No gains,No losses,40,Non-US,<=50K
53, Self-emp-inc,500000, Bachelors,13,Couple, Exec-managerial, Husband, White, Male,Had gains,Had losses,55,US,>50K
42, Private,205324, HS-grad,9,Couple, Craft-repair, Husband, White, Male,No gains,No losses,40,US,<=50K
29, Private,157890, Some-college,10,Single, Sales, Not-in-family, Black, Male,No gains,No losses,38,US,<=50K
38, Private,295432, Bachelors,13,Couple, Exec-managerial, Husband, White, Male,Had gains,No losses,50,US,>50K
50, Self-emp-inc,180123, Masters,14,Couple, Prof-specialty, Husband, White, Male,Had gains,No losses,45,US,>50K
24, Private,112345, 11th,7,Single, Other-service, Own-child, White, Female,No gains,No losses,35,US,<=50K
47, Local-gov,230456, Assoc-acdm,12,Couple, Tech-support, Wife, Black, Female,No gains,No losses,40,US,<=50K
34, Private,189765, Some-college,10,Single, Machine-op-inspct, Unmarried, White, Male,No gains,Had losses,42,US,<=50K
26, Private,345678, Bachelors,13,Single, Adm-clerical, Not-in-family, White, Female,No gains,No losses,40,Non-US,<=50K
55, Private,156789, HS-grad,9,Couple, Transport-moving, Husband, White, Male,No gains,No losses,40,US,<=50K
52, Private,210987, Prof-school,15,Couple, Prof-specialty, Husband, White, Male,Had gains,No losses,55,US,>50K
62, Private,98765, 7th-8th,4,Couple, Farming-fishing, Husband, White, Male,No gains,No losses,48,US,<=50K
31, Federal-gov,175432, Some-college,10,Single, Exec-managerial, Not-in-family, Black, Female,No gains,No losses,40,US,>50K
39, Private,220000, Assoc-voc,11,Single, Craft-repair, Unmarried, White, Male,No gains,Had losses,44,US,<=50K
41, Self-emp-not-inc,250000, Bachelors,13,Couple, Sales, Wife, White, Female,No gains,No losses,50,US,>50K
22, Private,135000, 10th,6,Single, Machine-op-inspct, Other-relative, White, Male,No gains,No losses,40,US,<=50K
33, Private,310000, Masters,14,Single, Prof-specialty, Not-in-family, White, Female,No gains,No losses,45,US,>50K
48, Private,190000, HS-grad,9,Couple, Other-service, Husband, Black, Male,No gains,No losses,40,US,<=50K
19, Private,85000, Some-college,10,Single, Other-service, Own-child, Amer-Indian-Eskimo, Female,No gains,No losses,20,US,<=50K
36, Private,265000, Assoc-acdm,12,Single, Tech-support, Unmarried, White, Male,No gains,No losses,40,US,<=50K
56, State-gov,245000, Bachelors,13,Couple, Exec-managerial, Husband, White, Male,Had gains,No losses,40,US,>50K
34, Private,192345, HS-grad,9,Couple, Craft-repair, Husband, White, Male,No gains,No losses,40,US,<=50K
38, Private,256789, Bachelors,13,Couple, Exec-managerial, Husband, White, Male,Had gains,No losses,50,US,>50K
25, Private,110987, Some-college,10,Single, Sales, Not-in-family, Black, Female,No gains,No losses,35,US,<=50K
42, Private,305678, Masters,14,Couple, Prof-specialty, Wife, White, Female,No gains,No losses,45,US,>50K
29, State-gov,145123, Assoc-acdm,12,Single, Tech-support, Unmarried, White, Male,No gains,No losses,40,US,<=50K
22, Private,87654, 11th,7,Single, Other-service, Own-child, White, Male,No gains,No losses,30,US,<=50K
50, Self-emp-inc,215432, Prof-school,15,Couple, Prof-specialty, Husband, White, Male,Had gains,No losses,55,US,>50K
48, Private,198765, HS-grad,9,Couple, Transport-moving, Husband, White, Male,No gains,Had losses,40,US,<=50K
33, Private,167890, Some-college,10,Single, Machine-op-inspct, Not-in-family, Black, Male,No gains,No losses,40,US,<=50K
32, Private,220456, Bachelors,13,Single, Adm-clerical, Not-in-family, White, Female,No gains,No losses,38,US,<=50K
41, Private,178901, Assoc-voc,11,Couple, Craft-repair, Husband, White, Male,No gains,No losses,42,US,>50K
55, Private,123456, 10th,6,Couple, Farming-fishing, Husband, White, Male,No gains,No losses,48,US,<=50K
36, Private,287654, Masters,14,Single, Exec-managerial, Not-in-family, White, Female,No gains,No losses,45,US,>50K
39, Private,165432, HS-grad,9,Single, Sales, Unmarried, Black, Female,No gains,No losses,35,US,<=50K
47, Local-gov,190123, Some-college,10,Couple, Tech-support, Wife, White, Female,No gains,No losses,40,US,<=50K
60, Self-emp-not-inc,112233, 7th-8th,4,Couple, Craft-repair, Husband, White, Male,No gains,No losses,40,US,<=50K
44, Federal-gov,245678, Bachelors,13,Couple, Exec-managerial, Husband, White, Male,Had gains,No losses,45,US,>50K
28, Private,143567, HS-grad,9,Single, Other-service, Unmarried, Amer-Indian-Eskimo, Male,No gains,No losses,35,Non-US,<=50K
26, Private,131234, Some-college,10,Single, Machine-op-inspct, Own-child, White, Male,No gains,No losses,40,US,<=50K
37, Private,200987, Assoc-acdm,12,Single, Adm-clerical, Not-in-family, Black, Female,No gains,Had losses,40,US,<=50K
52, Private,245832, Masters,14,Couple, Exec-managerial, Husband, White, Male,Had gains,No losses,50,US,>50K
34, State-gov,189765, Bachelors,13,Single, Prof-specialty, Not-in-family, White, Female,No gains,No losses,40,US,>50K
61, Self-emp-inc,312456, HS-grad,9,Couple, Sales, Husband, White, Male,Had gains,No losses,45,US,>50K
42, Private,156789, Prof-school,15,Couple, Prof-specialty, Wife, White, Female,No gains,No losses,60,US,>50K
39, Private,287654, Some-college,10,Single, Tech-support, Unmarried, Black, Male,No gains,No losses,40,US,<=50K
29, Private,123456, Assoc-acdm,12,Single, Adm-clerical, Not-in-family, White, Female,No gains,No losses,35,US,<=50K
23, Private,98765, 11th,7,Single, Other-service, Own-child, Amer-Indian-Eskimo, Male,No gains,No losses,25,US,<=50K
48, Private,178901, 7th-8th,4,Couple, Craft-repair, Husband, White, Male,No gains,Had losses,50,US,<=50K
22, Private,205678, Bachelors,13,Single, Other-service, Not-in-family, Black, Female,No gains,No losses,20,Non-US,<=50K
55, Local-gov,345678, HS-grad,9,Couple, Transport-moving, Wife, White, Female,No gains,No losses,40,US,<=50K
41, Self-emp-not-inc,267890, Some-college,10,Single, Sales, Unmarried, White, Male,No gains,No losses,48,US,<=50K
37, Private,154321, Assoc-voc,11,Couple, Craft-repair, Husband, White, Male,No gains,No losses,42,US,>50K
30, Federal-gov,198765, Bachelors,13,Single, Prof-specialty, Not-in-family, Black, Male,Had gains,No losses,40,US,>50K
47, Private,134567, 10th,6,Couple, Machine-op-inspct, Husband, White, Male,No gains,Had losses,40,US,<=50K
25, Private,112233, HS-grad,9,Single, Farming-fishing, Other-relative, White, Male,No gains,No losses,35,Non-US,<=50K
56, Private,221345, Masters,14,Couple, Exec-managerial, Wife, White, Female,No gains,No losses,55,US,>50K
33, Private,256789, Some-college,10,Single, Machine-op-inspct, Not-in-family, Black, Female,No gains,No losses,38,US,<=50K
62, Self-emp-not-inc,332211, HS-grad,9,Couple, Farming-fishing, Husband, White, Male,No gains,No losses,30,US,<=50K
38, Private,176543, Assoc-acdm,12,Single, Tech-support, Unmarried, White, Male,No gains,No losses,40,US,>50K
28, Private,143210, 11th,7,Single, Other-service, Own-child, White, Female,No gains,No losses,40,US,<=50K
34, Private,185432, HS-grad,9,Single, Craft-repair, Not-in-family, White, Male,No gains,No losses,40,US,<=50K
42, Private,210844, Bachelors,13,Couple, Exec-managerial, Husband, White, Male,No gains,No losses,50,US,>50K
28, Private,145723, Some-college,10,Single, Sales, Own-child, White, Female,No gains,No losses,35,US,<=50K
51, Self-emp-inc,320567, Masters,14,Couple, Prof-specialty, Husband, White, Male,Had gains,No losses,45,US,>50K
22, Private,98765, 11th,7,Single, Other-service, Not-in-family, Black, Male,No gains,No losses,30,US,<=50K
38, State-gov,175000, Assoc-acdm,12,Single, Adm-clerical, Unmarried, White, Female,No gains,No losses,40,US,<=50K
58, Local-gov,210000, 10th,6,Couple, Transport-moving, Husband, White, Male,No gains,Had losses,40,US,<=50K
46, Private,150432, Prof-school,15,Couple, Prof-specialty, Wife, White, Female,Had gains,No losses,50,US,>50K
55, Private,195432, HS-grad,9,Single, Machine-op-inspct, Not-in-family, Black, Female,No gains,No losses,40,US,<=50K
30, Private,340000, Bachelors,13,Single, Tech-support, Unmarried, White, Male,No gains,No losses,40,US,<=50K
25, Private,110000, Some-college,10,Single, Sales, Own-child, Amer-Indian-Eskimo, Male,No gains,No losses,20,US,<=50K
39, Federal-gov,180000, Masters,14,Couple, Exec-managerial, Husband, Black, Male,No gains,No losses,40,US,>50K
33, Private,225000, Assoc-voc,11,Single, Craft-repair, Not-in-family, White, Male,No gains,Had losses,45,US,<=50K
48, Private,130000, 7th-8th,4,Couple, Farming-fishing, Husband, White, Male,No gains,No losses,55,Non-US,<=50K
29, Self-emp-not-inc,280000, Bachelors,13,Single, Craft-repair, Not-in-family, White, Female,No gains,No losses,40,US,<=50K
61, Private,160000, HS-grad,9,Couple, Other-service, Wife, White, Female,No gains,No losses,30,US,<=50K
36, Private,220000, Some-college,10,Single, Machine-op-inspct, Unmarried, Black, Male,No gains,No losses,38,US,<=50K
44, Private,400000, Bachelors,13,Couple, Exec-managerial, Husband, White, Male,Had gains,No losses,60,US,>50K
41, Private,190000, HS-grad,9,Couple, Sales, Husband, White, Male,No gains,No losses,45,US,<=50K
53, Self-emp-inc,250000, Masters,14,Couple, Prof-specialty, Wife, White, Female,No gains,No losses,50,US,>50K
38, Private,189432, HS-grad,9,Couple, Craft-repair, Husband, White, Male,No gains,No losses,40,US,<=50K
52, Self-emp-inc,245678, Bachelors,13,Couple, Exec-managerial, Husband, White, Male,Had gains,No losses,55,US,>50K
25, Private,112345, Some-college,10,Single, Sales, Not-in-family, Black, Female,No gains,No losses,38,US,<=50K
48, Private,310987, Masters,14,Couple, Prof-specialty, Wife, White, Female,No gains,No losses,50,US,>50K
22, Private,87654, 11th,7,Single, Other-service, Own-child, White, Male,No gains,No losses,35,US,<=50K
34, Private,224560, Assoc-acdm,12,Single, Tech-support, Unmarried, White, Male,No gains,Had losses,40,US,<=50K
41, Local-gov,168790, 10th,6,Couple, Transport-moving, Husband, Black, Male,No gains,No losses,40,US,<=50K
55, Private,198765, Prof-school,15,Couple, Prof-specialty, Husband, White, Male,Had gains,No losses,60,US,>50K
29, Private,145321, Some-college,10,Single, Adm-clerical, Not-in-family, White, Female,No gains,No losses,40,US,<=50K
47, Federal-gov,278901, HS-grad,9,Single, Machine-op-inspct, Unmarried, White, Male,No gains,No losses,42,US,<=50K
33, Private,334567, Bachelors,13,Couple, Sales, Husband, White, Male,No gains,No losses,50,US,>50K
58, Self-emp-not-inc,195432, 7th-8th,4,Couple, Farming-fishing, Husband, White, Male,No gains,No losses,45,US,<=50K
39, Private,256789, Assoc-voc,11,Single, Craft-repair, Not-in-family, White, Female,No gains,Had losses,40,Non-US,<=50K
42, Private,289001, Masters,14,Single, Exec-managerial, Not-in-family, Black, Female,Had gains,No losses,48,US,>50K
31, Private,156432, HS-grad,9,Single, Other-service, Own-child, White, Male,No gains,No losses,35,US,<=50K
50, Self-emp-not-inc,178654, Some-college,10,Couple, Sales, Husband, White, Male,No gains,No losses,40,US,<=50K
26, Private,423109, Bachelors,13,Single, Prof-specialty, Not-in-family, Amer-Indian-Eskimo, Male,No gains,No losses,45,US,>50K
62, Private,98765, 10th,6,Single, Machine-op-inspct, Other-relative, Black, Female,No gains,No losses,30,US,<=50K
45, State-gov,212345, Some-college,10,Couple, Adm-clerical, Wife, White, Female,No gains,No losses,40,US,<=50K
36, Private,301234, HS-grad,9,Couple, Craft-repair, Husband, White, Male,No gains,No losses,44,US,<=50K
52, Private,192845, Masters,14,Couple, Exec-managerial, Husband, White, Male,Had gains,No losses,50,US,>50K
38, Private,245678, Bachelors,13,Single, Prof-specialty, Not-in-family, Asian-Pac-Islander, Female,No gains,No losses,45,US,>50K
29, Private,154321, Some-college,10,Single, Sales, Own-child, White, Male,No gains,No losses,38,US,<=50K
48, Private,310987, HS-grad,9,Couple, Craft-repair, Husband, White, Male,No gains,Had losses,40,US,<=50K
41, Local-gov,178234, Assoc-acdm,12,Single, Tech-support, Unmarried, Black, Female,No gains,No losses,35,US,<=50K
55, Self-emp-inc,98765, Prof-school,15,Couple, Prof-specialty, Husband, White, Male,Had gains,No losses,55,US,>50K
22, Private,112233, Some-college,10,Single, Other-service, Own-child, Amer-Indian-Eskimo, Female,No gains,No losses,20,US,<=50K
34, Private,289456, 11th,7,Single, Machine-op-inspct, Not-in-family, Black, Male,No gains,No losses,40,US,<=50K
33, Private,315000, Bachelors,13,Couple, Exec-managerial, Wife, White, Female,No gains,No losses,42,US,>50K
60, Private,87654, 10th,6,Couple, Farming-fishing, Husband, White, Male,No gains,Had losses,48,Non-US,<=50K
47, Federal-gov,204567, Masters,14,Single, Prof-specialty, Not-in-family, White, Male,No gains,No losses,40,US,>50K
65, Private,135790, 7th-8th,4,Couple, Craft-repair, Husband, White, Male,No gains,No losses,25,US,<=50K
39, Private,188345, Assoc-voc,11,Single, Adm-clerical, Unmarried, White, Female,No gains,No losses,40,US,<=50K
25, Private,220000, HS-grad,9,Single, Transport-moving, Not-in-family, Black, Male,No gains,Had losses,50,US,<=50K
42, Self-emp-not-inc,156789, Some-college,10,Couple, Sales, Husband, White, Male,Had gains,No losses,60,US,>50K
30, Private,289123, Bachelors,13,Single, Exec-managerial, Not-in-family, White, Female,No gains,No losses,40,Non-US,>50K
50, State-gov,198765, HS-grad,9,Couple, Adm-clerical, Husband, White, Male,No gains,No losses,40,US,<=50K
17, Private,56789, 10th,6,Single, Other-service, Own-child, White, Male,No gains,No losses,20,US,<=50K
36, Private,165432, Masters,14,Single, Tech-support, Unmarried, Asian-Pac-Islander, Female,No gains,No losses,35,US,<=50K
53, Self-emp-inc,123456, Some-college,10,Couple, Exec-managerial, Wife, White, Female,Had gains,No losses,48,US,>50K
38, Private,189032, HS-grad,9,Couple, Craft-repair, Husband, White, Male,No gains,No losses,40,US,<=50K
34, Private,245893, Bachelors,13,Single, Exec-managerial, Not-in-family, White, Male,No gains,No losses,50,US,>50K
29, Private,152467, Some-college,10,Single, Sales, Unmarried, Black, Female,No gains,No losses,38,US,<=50K
48, Self-emp-inc,320566, Masters,14,Couple, Prof-specialty, Husband, White, Male,Had gains,No losses,45,US,>50K
42, Private,98765, 10th,6,Single, Machine-op-inspct, Not-in-family, White, Male,No gains,No losses,40,US,<=50K
40, Local-gov,213478, Assoc-acdm,12,Couple, Tech-support, Wife, White, Female,No gains,No losses,36,US,<=50K
52, Private,410932, Prof-school,15,Couple, Prof-specialty, Husband, White, Male,Had gains,No losses,55,US,>50K
25, Private,178231, HS-grad,9,Single, Other-service, Own-child, Amer-Indian-Eskimo, Female,No gains,Had losses,30,US,<=50K
55, Self-emp-not-inc,287654, Some-college,10,Couple, Farming-fishing, Husband, White, Male,No gains,No losses,48,US,<=50K
30, Private,302100, Bachelors,13,Single, Adm-clerical, Not-in-family, Black, Female,No gains,No losses,40,US,<=50K
33, Private,165432, Assoc-voc,11,Couple, Craft-repair, Husband, White, Male,No gains,No losses,42,US,<=50K
21, Private,115678, 11th,7,Single, Other-service, Own-child, White, Male,No gains,No losses,25,Non-US,<=50K
46, Federal-gov,256789, Masters,14,Single, Exec-managerial, Not-in-family, Black, Female,No gains,No losses,40,US,>50K
62, Private,134567, HS-grad,9,Couple, Transport-moving, Husband, White, Male,No gains,No losses,35,US,<=50K
39, Private,198765, Some-college,10,Single, Sales, Unmarried, White, Male,No gains,Had losses,45,US,<=50K
28, Private,345678, Bachelors,13,Couple, Prof-specialty, Wife, White, Female,No gains,No losses,40,Non-US,<=50K
50, Private,145890, 7th-8th,4,Couple, Machine-op-inspct, Husband, Black, Male,No gains,No losses,40,US,<=50K
41, State-gov,212345, Assoc-acdm,12,Single, Adm-clerical, Not-in-family, White, Female,No gains,No losses,38,US,<=50K
23, Private,123456, Some-college,10,Single, Other-service, Other-relative, White, Male,No gains,No losses,20,US,<=50K
53, Self-emp-inc,501234, Bachelors,13,Couple, Exec-managerial, Husband, White, Male,Had gains,No losses,60,US,>50K
52, Private,245678, Masters,14,Couple, Prof-specialty, Husband, White, Male,No gains,No losses,50,US,>50K
29, Private,189345, Some-college,10,Single, Sales, Not-in-family, White, Male,No gains,No losses,40,US,<=50K
48, Private,310482, HS-grad,9,Couple, Craft-repair, Husband, White, Male,No gains,No losses,40,US,<=50K
34, State-gov,154782, Bachelors,13,Single, Prof-specialty, Not-in-family, Black, Female,No gains,No losses,40,US,>50K
22, Private,88523, 11th,7,Single, Other-service, Own-child, White, Female,No gains,No losses,20,US,<=50K
40, Private,220011, Assoc-acdm,12,Couple, Tech-support, Wife, White, Female,No gains,Had losses,38,US,<=50K
55, Self-emp-inc,128500, Prof-school,15,Couple, Prof-specialty, Husband, White, Male,Had gains,No losses,60,US,>50K
38, Private,167890, 10th,6,Single, Machine-op-inspct, Unmarried, Black, Male,No gains,No losses,40,US,<=50K
46, Private,295678, Masters,14,Couple, Exec-managerial, Husband, White, Male,Had gains,No losses,45,US,>50K
62, Self-emp-not-inc,140235, HS-grad,9,Couple, Farming-fishing, Husband, White, Male,No gains,No losses,50,US,<=50K
30, Private,250100, Some-college,10,Single, Adm-clerical, Not-in-family, White, Female,No gains,No losses,35,Non-US,<=50K
33, Local-gov,175000, Assoc-voc,11,Couple, Tech-support, Wife, White, Female,No gains,No losses,40,US,<=50K
25, Private,125450, 7th-8th,4,Single, Other-service, Unmarried, Amer-Indian-Eskimo, Male,No gains,No losses,40,US,<=50K
41, Private,320450, Bachelors,13,Single, Sales, Not-in-family, Black, Male,No gains,No losses,45,US,>50K
56, Federal-gov,198765, HS-grad,9,Couple, Adm-clerical, Husband, White, Male,No gains,Had losses,40,US,<=50K
39, Private,112340, Some-college,10,Single, Craft-repair, Unmarried, White, Male,No gains,No losses,50,US,<=50K
47, Private,280500, Masters,14,Single, Prof-specialty, Not-in-family, White, Female,Had gains,No losses,55,US,>50K
22, Private,95400, HS-grad,9,Single, Machine-op-inspct, Own-child, White, Male,No gains,No losses,40,US,<=50K
58, Self-emp-inc,410200, Bachelors,13,Couple, Exec-managerial, Husband, White, Male,Had gains,No losses,48,US,>50K
27, Private,143550, Some-college,10,Single, Other-service, Not-in-family, Black, Female,No gains,No losses,30,US,<=50K
38, Private,198765, HS-grad,9,Couple, Craft-repair, Husband, White, Male,No gains,No losses,40,US,<=50K
52, Self-emp-inc,225340, Bachelors,13,Couple, Exec-managerial, Husband, White, Male,Had gains,No losses,50,US,>50K
29, Private,152340, Some-college,10,Single, Sales, Not-in-family, Black, Female,No gains,No losses,38,US,<=50K
34, Private,310982, Masters,14,Single, Prof-specialty, Not-in-family, White, Female,No gains,No losses,45,US,>50K
25, Private,98776, 11th,7,Single, Other-service, Own-child, Amer-Indian-Eskimo, Male,No gains,No losses,35,US,<=50K
41, Local-gov,175432, Assoc-acdm,12,Couple, Tech-support, Husband, White, Male,No gains,No losses,40,US,<=50K
47, Private,265432, Prof-school,15,Couple, Prof-specialty, Husband, White, Male,Had gains,No losses,55,US,>50K
55, Private,145234, HS-grad,9,Single, Machine-op-inspct, Unmarried, Black, Female,No gains,Had losses,40,US,<=50K
33, Private,189234, Some-college,10,Single, Adm-clerical, Not-in-family, White, Female,No gains,No losses,40,US,<=50K
29, Private,456789, Bachelors,13,Single, Exec-managerial, Not-in-family, White, Male,No gains,No losses,50,Non-US,<=50K
62, Self-emp-not-inc,120987, 7th-8th,4,Couple, Farming-fishing, Husband, White, Male,No gains,No losses,30,US,<=50K
39, Private,205432, Assoc-voc,11,Couple, Craft-repair, Husband, White, Male,No gains,No losses,42,US,<=50K
44, State-gov,178654, Masters,14,Single, Prof-specialty, Unmarried, Black, Female,No gains,No losses,40,US,>50K
23, Private,110234, HS-grad,9,Single, Other-service, Own-child, White, Male,No gains,No losses,20,US,<=50K
48, Private,290123, Some-college,10,Single, Tech-support, Unmarried, White, Female,No gains,Had losses,40,US,<=50K
36, Private,165432, 10th,6,Couple, Transport-moving, Husband, White, Male,No gains,No losses,45,US,<=50K
40, Private,345678, Bachelors,13,Couple, Sales, Wife, White, Female,No gains,No losses,48,US,>50K
27, Private,213456, Assoc-acdm,12,Single, Adm-clerical, Not-in-family, Black, Male,No gains,No losses,38,US,<=50K
57, Federal-gov,234567, HS-grad,9,Couple, Exec-managerial, Husband, White, Male,No gains,No losses,40,US,>50K
22, Private,87654, Some-college,10,Single, Machine-op-inspct, Own-child, White, Female,No gains,No losses,40,US,<=50K
55, Private,245872, Masters,14,Couple, Exec-managerial, Husband, White, Male,Had gains,No losses,50,US,>50K
22, Private,110234, 11th,7,Single, Sales, Own-child, White, Female,No gains,No losses,30,US,<=50K
38, State-gov,156789, Some-college,10,Couple, Adm-clerical, Wife, White, Female,No gains,No losses,40,US,<=50K
62, Self-emp-not-inc,89032, 7th-8th,4,Couple, Farming-fishing, Husband, White, Male,No gains,No losses,35,US,<=50K
29, Private,312456, Bachelors,13,Single, Prof-specialty, Not-in-family, Black, Male,No gains,No losses,45,US,>50K
48, Private,278934, HS-grad,9,Single, Craft-repair, Unmarried, White, Male,No gains,Had losses,40,US,<=50K
41, Private,198765, Assoc-acdm,12,Couple, Tech-support, Husband, White, Male,No gains,No losses,40,US,>50K
34, Private,167542, Some-college,10,Single, Other-service, Unmarried, Black, Female,No gains,No losses,38,US,<=50K
53, Self-emp-inc,135678, Prof-school,15,Couple, Prof-specialty, Husband, White, Male,Had gains,No losses,60,US,>50K
17, Private,45001, 10th,6,Single, Other-service, Own-child, Amer-Indian-Eskimo, Female,No gains,No losses,20,US,<=50K
39, Private,421098, Bachelors,13,Single, Exec-managerial, Not-in-family, White, Female,No gains,No losses,50,US,>50K
25, Private,201345, HS-grad,9,Single, Machine-op-inspct, Not-in-family, White, Male,No gains,No losses,40,Non-US,<=50K
47, Federal-gov,254321, Masters,14,Couple, Exec-managerial, Wife, Black, Female,No gains,No losses,45,US,>50K
33, Private,189456, Assoc-voc,11,Single, Craft-repair, Unmarried, White, Male,No gains,Had losses,40,US,<=50K
58, Local-gov,312098, Some-college,10,Couple, Transport-moving, Husband, White, Male,No gains,No losses,40,US,<=50K
52, Private,145987, HS-grad,9,Couple, Sales, Husband, White, Male,No gains,No losses,35,US,<=50K
23, Private,654321, Bachelors,13,Single, Other-service, Not-in-family, White, Female,No gains,No losses,40,US,<=50K
67, Self-emp-not-inc,98765, Some-college,10,Couple, Farming-fishing, Husband, White, Male,No gains,No losses,30,US,<=50K
42, Private,223456, Assoc-acdm,12,Single, Tech-support, Unmarried, Black, Female,Had gains,No losses,40,US,>50K
19, Private,54321, 11th,7,Single, Machine-op-inspct, Other-relative, White, Male,No gains,No losses,40,US,<=50K
52, Private,245678, Masters,14,Couple, Prof-specialty, Husband, White, Male,No gains,No losses,50,US,>50K
38, Private,190234, HS-grad,9,Single, Sales, Not-in-family, Black, Male,No gains,No losses,40,US,<=50K
29, Private,155432, Some-college,10,Single, Adm-clerical, Own-child, White, Female,No gains,No losses,38,US,<=50K
41, State-gov,320987, Bachelors,13,Couple, Exec-managerial, Wife, White, Female,Had gains,No losses,45,US,>50K
22, Private,98076, 11th,7,Single, Other-service, Unmarried, Amer-Indian-Eskimo, Male,No gains,No losses,25,US,<=50K
48, Self-emp-inc,289654, Assoc-acdm,12,Couple, Craft-repair, Husband, White, Male,Had gains,No losses,55,US,>50K
55, Local-gov,210543, HS-grad,9,Couple, Transport-moving, Husband, Black, Male,No gains,Had losses,40,US,<=50K
39, Private,178901, Prof-school,15,Single, Prof-specialty, Not-in-family, White, Female,No gains,No losses,48,US,>50K
34, Private,134567, 10th,6,Single, Machine-op-inspct, Unmarried, White, Male,No gains,No losses,40,Non-US,<=50K
33, Private,405678, Bachelors,13,Couple, Exec-managerial, Husband, White, Male,No gains,No losses,50,US,>50K
62, Self-emp-not-inc,150234, 7th-8th,4,Couple, Farming-fishing, Husband, White, Male,No gains,No losses,35,US,<=50K
27, Private,132456, Some-college,10,Single, Tech-support, Not-in-family, Black, Female,No gains,Had losses,40,US,<=50K
42, Private,278901, Assoc-voc,11,Single, Craft-repair, Unmarried, White, Male,No gains,No losses,44,US,<=50K
50, Federal-gov,345678, HS-grad,9,Couple, Adm-clerical, Wife, White, Female,No gains,No losses,40,US,<=50K
25, Private,189012, Bachelors,13,Single, Sales, Not-in-family, White, Male,Had gains,No losses,60,US,>50K
40, Private,220345, Some-college,10,Couple, Machine-op-inspct, Husband, Black, Male,No gains,No losses,48,US,<=50K
47, Private,298765, Masters,14,Single, Prof-specialty, Not-in-family, White, Female,No gains,No losses,42,Non-US,>50K
19, Private,65432, HS-grad,9,Single, Other-service, Own-child, White, Male,No gains,No losses,30,US,<=50K
36, Private,176543, Some-college,10,Single, Other-service, Unmarried, Amer-Indian-Eskimo, Female,No gains,Had losses,35,US,<=50K
44, Self-emp-not-inc,256789, Bachelors,13,Couple, Exec-managerial, Husband, White, Male,No gains,No losses,50,US,>50K
48, Private,248935, HS-grad,9,Couple, Craft-repair, Husband, White, Male,No gains,No losses,40,US,<=50K
38, Private,185432, Masters,14,Couple, Prof-specialty, Wife, White, Female,No gains,No losses,45,US,>50K
25, Private,395820, Some-college,10,Single, Sales, Not-in-family, Black, Male,No gains,No losses,35,US,<=50K
52, Self-emp-not-inc,125000, Assoc-voc,11,Couple, Craft-repair, Husband, White, Male,No gains,Had losses,50,US,<=50K
41, State-gov,310000, Bachelors,13,Couple, Exec-managerial, Husband, White, Male,No gains,No losses,40,US,>50K
22, Private,110482, 11th,7,Single, Other-service, Own-child, Amer-Indian-Eskimo, Female,No gains,No losses,25,US,<=50K
55, Self-emp-inc,220000, Prof-school,15,Couple, Prof-specialty, Husband, White, Male,Had gains,No losses,60,US,>50K
62, Local-gov,180000, HS-grad,9,Single, Adm-clerical, Not-in-family, Black, Female,No gains,No losses,35,US,<=50K
33, Private,205000, Some-college,10,Single, Tech-support, Unmarried, White, Male,No gains,No losses,40,US,<=50K
29, Private,450000, Bachelors,13,Single, Sales, Not-in-family, White, Female,No gains,No losses,50,Non-US,<=50K
58, Private,90000, 7th-8th,4,Couple, Farming-fishing, Husband, White, Male,No gains,No losses,48,US,<=50K
39, Private,255000, Assoc-acdm,12,Single, Exec-managerial, Not-in-family, Black, Female,Had gains,No losses,45,US,>50K
36, Private,175000, HS-grad,9,Single, Machine-op-inspct, Unmarried, White, Male,No gains,No losses,40,US,<=50K
44, Private,300000, Masters,14,Couple, Prof-specialty, Wife, White, Female,No gains,No losses,40,US,>50K
30, Private,160000, 10th,6,Single, Other-service, Unmarried, White, Female,No gains,Had losses,38,US,<=50K
50, Federal-gov,280000, Bachelors,13,Couple, Exec-managerial, Husband, Black, Male,No gains,No losses,40,US,>50K
19, Private,85000, Some-college,10,Single, Sales, Own-child, White, Male,No gains,No losses,20,US,<=50K
42, Self-emp-not-inc,195000, Assoc-acdm,12,Couple, Farming-fishing, Husband, White, Male,No gains,No losses,55,US,<=50K
27, Private,130000, HS-grad,9,Single, Transport-moving, Not-in-family, White, Male,No gains,No losses,40,US,<=50K
47, Private,350000, Prof-school,15,Single, Prof-specialty, Not-in-family, White, Male,Had gains,No losses,50,Non-US,>50K
37, Private,214567, HS-grad,9,Couple, Craft-repair, Husband, White, Male,No gains,No losses,42,US,<=50K
29, Private,167890, Some-college,10,Single, Sales, Not-in-family, White, Female,No gains,No losses,38,US,<=50K
48, Private,310456, Bachelors,13,Couple, Exec-managerial, Husband, White, Male,Had gains,No losses,50,US,>50K
34, Private,195432, Masters,14,Single, Prof-specialty, Not-in-family, Black, Female,No gains,No losses,40,US,>50K
22, Private,98765, 11th,7,Single, Other-service, Own-child, Amer-Indian-Eskimo, Male,No gains,No losses,35,US,<=50K
52, Local-gov,245789, Assoc-acdm,12,Couple, Tech-support, Husband, White, Male,No gains,No losses,40,US,<=50K
58, Self-emp-not-inc,180123, 7th-8th,4,Couple, Farming-fishing, Husband, White, Male,No gains,No losses,48,US,<=50K
41, Private,220567, Some-college,10,Single, Adm-clerical, Unmarried, Black, Female,No gains,Had losses,40,US,<=50K
26, Private,145678, Bachelors,13,Single, Machine-op-inspct, Not-in-family, White, Male,No gains,No losses,40,Non-US,<=50K
55, Private,289012, HS-grad,9,Couple, Transport-moving, Husband, White, Male,No gains,No losses,55,US,<=50K
44, Self-emp-inc,350678, Prof-school,15,Couple, Prof-specialty, Husband, White, Male,Had gains,No losses,60,US,>50K
39, Private,134567, 10th,6,Single, Craft-repair, Unmarried, White, Male,No gains,No losses,45,US,<=50K
32, Federal-gov,260123, Masters,14,Single, Prof-specialty, Not-in-family, Black, Female,No gains,No losses,40,US,>50K
47, Private,198765, Assoc-voc,11,Couple, Craft-repair, Husband, White, Male,No gains,Had losses,40,US,<=50K
62, Self-emp-not-inc,175432, HS-grad,9,Couple, Sales, Husband, White, Male,No gains,No losses,35,US,<=50K
30, Private,235678, Bachelors,13,Single, Exec-managerial, Not-in-family, White, Female,Had gains,No losses,55,US,>50K
63, Private,320987, Some-college,10,Single, Other-service, Unmarried, Black, Male,No gains,No losses,20,US,<=50K
18, Private,65432, 11th,7,Single, Other-service, Own-child, White, Female,No gains,No losses,25,US,<=50K
50, State-gov,225678, HS-grad,9,Couple, Adm-clerical, Wife, White, Female,No gains,No losses,40,US,<=50K
38, Private,155432, Some-college,10,Couple, Sales, Husband, White, Male,No gains,No losses,45,US,<=50K
42, Private,215423, HS-grad,9,Single, Machine-op-inspct, Not-in-family, White, Male,No gains,No losses,40,US,<=50K
38, Private,310245, Bachelors,13,Couple, Prof-specialty, Husband, White, Male,Had gains,No losses,50,US,>50K
29, Private,178954, Some-college,10,Single, Sales, Own-child, Black, Female,No gains,No losses,35,US,<=50K
52, Self-emp-inc,189320, Masters,14,Couple, Exec-managerial, Husband, White, Male,Had gains,No losses,60,US,>50K
22, Private,98000, 11th,7,Single, Other-service, Not-in-family, White, Female,No gains,No losses,20,US,<=50K
34, Local-gov,260000, Assoc-acdm,12,Single, Tech-support, Unmarried, White, Male,No gains,No losses,40,US,>50K
55, Private,195000, HS-grad,9,Couple, Transport-moving, Husband, Black, Male,No gains,Had losses,48,US,<=50K
47, Private,145000, Prof-school,15,Single, Prof-specialty, Not-in-family, White, Female,No gains,No losses,45,US,>50K
39, Private,220500, Some-college,10,Couple, Craft-repair, Husband, White, Male,No gains,No losses,40,Non-US,<=50K
41, Private,130000, 10th,6,Single, Machine-op-inspct, Unmarried, Amer-Indian-Eskimo, Male,No gains,No losses,40,US,<=50K
33, Private,330000, Bachelors,13,Couple, Exec-managerial, Wife, White, Female,Had gains,No losses,55,US,>50K
63, Self-emp-not-inc,90000, 7th-8th,4,Couple, Farming-fishing, Husband, White, Male,No gains,No losses,30,US,<=50K
28, Private,250000, Assoc-voc,11,Single, Tech-support, Not-in-family, Black, Female,No gains,Had losses,40,US,<=50K
48, Private,175000, HS-grad,9,Single, Sales, Not-in-family, White, Male,No gains,No losses,45,US,<=50K
30, Federal-gov,180000, Masters,14,Single, Prof-specialty, Unmarried, Black, Female,No gains,No losses,40,US,>50K
25, Private,115000, Some-college,10,Single, Adm-clerical, Own-child, White, Female,No gains,No losses,25,US,<=50K
56, Self-emp-inc,205000, Bachelors,13,Couple, Exec-managerial, Husband, White, Male,Had gains,No losses,50,US,>50K
36, State-gov,140000, HS-grad,9,Couple, Adm-clerical, Wife, White, Female,No gains,No losses,35,US,<=50K
44, Self-emp-not-inc,300000, Some-college,10,Couple, Craft-repair, Husband, White, Male,No gains,No losses,60,US,>50K
19, Private,65000, 11th,7,Single, Other-service, Own-child, White, Male,No gains,No losses,20,US,<=50K
38, Private,214567, HS-grad,9,Single, Craft-repair, Not-in-family, White, Male,No gains,No losses,40,US,<=50K
29, Private,195432, Some-college,10,Single, Sales, Own-child, White, Female,No gains,No losses,38,US,<=50K
42, Private,301289, Bachelors,13,Couple, Exec-managerial, Husband, White, Male,No gains,No losses,45,US,>50K
50, Private,158902, Masters,14,Single, Prof-specialty, Not-in-family, Black, Female,No gains,No losses,50,US,>50K
48, Self-emp-not-inc,98234, 10th,6,Couple, Farming-fishing, Husband, White, Male,No gains,Had losses,40,US,<=50K
34, Private,241678, Assoc-acdm,12,Single, Tech-support, Unmarried, White, Male,No gains,No losses,40,US,<=50K
22, Private,145876, 11th,7,Single, Other-service, Own-child, Amer-Indian-Eskimo, Male,No gains,No losses,30,US,<=50K
55, Local-gov,187654, Some-college,10,Couple, Adm-clerical, Wife, White, Female,No gains,No losses,35,US,<=50K
47, Self-emp-inc,112345, Prof-school,15,Couple, Prof-specialty, Husband, White, Male,Had gains,No losses,60,US,>50K
33, Private,321789, HS-grad,9,Single, Machine-op-inspct, Unmarried, Black, Female,No gains,No losses,40,US,<=50K
26, Private,456123, Bachelors,13,Single, Sales, Not-in-family, White, Male,No gains,No losses,42,US,<=50K
39, Federal-gov,234567, Masters,14,Single, Exec-managerial, Not-in-family, Black, Male,No gains,No losses,45,US,>50K
62, Private,76543, 7th-8th,4,Couple, Transport-moving, Husband, White, Male,No gains,No losses,40,Non-US,<=50K
44, Private,189000, Some-college,10,Couple, Craft-repair, Husband, White, Male,No gains,Had losses,55,US,<=50K
41, Private,345678, Assoc-voc,11,Single, Machine-op-inspct, Unmarried, White, Female,No gains,No losses,40,US,<=50K
32, Self-emp-not-inc,289012, Bachelors,13,Couple, Exec-managerial, Wife, White, Female,Had gains,No losses,50,US,>50K
25, Private,189765, HS-grad,9,Single, Other-service, Other-relative, Black, Female,No gains,No losses,35,US,<=50K
36, State-gov,210345, Some-college,10,Couple, Adm-clerical, Husband, White, Male,No gains,No losses,40,US,<=50K
19, Private,87004, 11th,7,Single, Other-service, Own-child, White, Male,No gains,No losses,20,US,<=50K
53, Private,178543, Masters,14,Couple, Prof-specialty, Husband, White, Male,No gains,No losses,40,US,>50K
34, Private,195478, HS-grad,9,Couple, Craft-repair, Husband, White, Male,No gains,No losses,40,US,<=50K
42, Private,231045, Some-college,10,Couple, Exec-managerial, Husband, White, Male,No gains,No losses,50,US,>50K
29, Private,312678, Bachelors,13,Single, Prof-specialty, Not-in-family, White, Female,No gains,No losses,45,US,>50K
38, Private,168920, Assoc-acdm,12,Single, Tech-support, Unmarried, Black, Male,No gains,No losses,40,US,<=50K
50, Self-emp-inc,287564, Masters,14,Couple, Exec-managerial, Husband, White, Male,Had gains,No losses,55,US,>50K
22, Private,123456, HS-grad,9,Single, Other-service, Own-child, Amer-Indian-Eskimo, Male,No gains,No losses,35,US,<=50K
47, Private,145321, 10th,6,Couple, Transport-moving, Husband, White, Male,No gains,Had losses,40,US,<=50K
26, Private,198743, Some-college,10,Single, Adm-clerical, Not-in-family, Black, Female,No gains,No losses,38,US,<=50K
52, Private,405678, Prof-school,15,Couple, Prof-specialty, Wife, White, Female,Had gains,No losses,50,US,>50K
33, Local-gov,189345, Assoc-voc,11,Single, Machine-op-inspct, Unmarried, White, Male,No gains,No losses,40,US,<=50K
18, Private,87654, 11th,7,Single, Other-service, Own-child, White, Female,No gains,No losses,20,US,<=50K
39, Federal-gov,265432, Bachelors,13,Single, Exec-managerial, Not-in-family, Black, Male,No gains,No losses,45,US,>50K
56, Self-emp-not-inc,215678, HS-grad,9,Couple, Farming-fishing, Husband, White, Male,No gains,No losses,48,US,<=50K
41, Private,154321, Some-college,10,Couple, Sales, Husband, White, Male,No gains,Had losses,50,US,>50K
62, Private,112233, 7th-8th,4,Couple, Craft-repair, Husband, White, Male,No gains,No losses,40,Non-US,<=50K
35, Private,345678, Masters,14,Single, Prof-specialty, Not-in-family, White, Female,No gains,No losses,40,US,>50K
24, Private,98765, HS-grad,9,Single, Machine-op-inspct, Unmarried, Black, Female,No gains,No losses,40,US,<=50K
44, State-gov,176543, Some-college,10,Couple, Adm-clerical, Wife, White, Female,No gains,No losses,35,US,<=50K
48, Self-emp-not-inc,256789, Bachelors,13,Couple, Sales, Husband, White, Male,No gains,No losses,50,US,>50K
30, Private,134567, 10th,6,Single, Other-service, Not-in-family, White, Male,No gains,No losses,40,Non-US,<=50K
38, Private,245678, HS-grad,9,Couple, Craft-repair, Husband, White, Male,No gains,No losses,40,US,<=50K
42, Private,189432, Masters,14,Couple, Prof-specialty, Husband, White, Male,No gains,No losses,50,US,>50K
29, Private,320154, Some-college,10,Single, Sales, Not-in-family, White, Female,No gains,No losses,38,US,<=50K
34, Self-emp-inc,150987, Bachelors,13,Couple, Exec-managerial, Wife, White, Female,Had gains,No losses,55,US,>50K
22, Private,87654, 11th,7,Single, Other-service, Own-child, Black, Male,No gains,No losses,20,US,<=50K
48, Local-gov,210345, Assoc-acdm,12,Couple, Tech-support, Husband, White, Male,No gains,No losses,40,US,>50K
56, Private,145678, HS-grad,9,Single, Machine-op-inspct, Unmarried, Black, Female,No gains,Had losses,40,US,<=50K
52, Private,112233, Prof-school,15,Couple, Prof-specialty, Husband, White, Male,Had gains,No losses,60,US,>50K
41, Federal-gov,275432, Some-college,10,Single, Adm-clerical, Not-in-family, White, Female,No gains,No losses,35,US,<=50K
27, Private,400123, Bachelors,13,Single, Exec-managerial, Not-in-family, White, Male,No gains,No losses,45,Non-US,>50K
62, Self-emp-not-inc,98000, 10th,6,Couple, Farming-fishing, Husband, White, Male,No gains,No losses,48,US,<=50K
33, Private,305000, Assoc-voc,11,Single, Craft-repair, Unmarried, White, Male,No gains,No losses,40,US,<=50K
39, Private,167890, HS-grad,9,Couple, Transport-moving, Husband, Black, Male,No gains,No losses,50,US,<=50K
30, Private,220567, Masters,14,Single, Prof-specialty, Not-in-family, White, Female,No gains,No losses,40,US,>50K
25, Private,110000, Some-college,10,Single, Other-service, Own-child, Amer-Indian-Eskimo, Female,No gains,No losses,35,US,<=50K
46, State-gov,190000, Bachelors,13,Couple, Exec-managerial, Wife, White, Female,Had gains,No losses,40,US,>50K
55, Private,134567, 7th-8th,4,Couple, Machine-op-inspct, Husband, White, Male,No gains,No losses,40,US,<=50K
20, Private,55000, HS-grad,9,Single, Sales, Other-relative, White, Male,No gains,No losses,30,US,<=50K
58, Self-emp-inc,85000, Prof-school,15,Couple, Prof-specialty, Husband, White, Male,Had gains,Had losses,50,US,>50K
44, Private,235678, Some-college,10,Single, Tech-support, Not-in-family, Black, Male,No gains,No losses,40,US,<=50K
34, Private,184520, HS-grad,9,Couple, Craft-repair, Husband, White, Male,No gains,No losses,40,US,<=50K
29, Private,245001, Bachelors,13,Single, Prof-specialty, Not-in-family, White, Female,No gains,No losses,45,US,>50K
41, Private,156789, Some-college,10,Single, Sales, Unmarried, Black, Male,No gains,No losses,38,US,<=50K
52, Self-emp-inc,310876, Masters,14,Couple, Exec-managerial, Husband, White, Male,Had gains,No losses,50,US,>50K
25, Private,98765, 11th,7,Single, Machine-op-inspct, Own-child, White, Male,No gains,No losses,40,US,<=50K
48, Federal-gov,221345, Assoc-acdm,12,Couple, Tech-support, Wife, Black, Female,No gains,Had losses,40,US,>50K
55, Private,145678, 7th-8th,4,Couple, Farming-fishing, Husband, White, Male,No gains,No losses,48,Non-US,<=50K
38, State-gov,178900, Bachelors,13,Single, Adm-clerical, Not-in-family, White, Female,No gains,No losses,35,US,<=50K
44, Private,265432, Prof-school,15,Single, Prof-specialty, Not-in-family, White, Male,Had gains,No losses,60,US,>50K
23, Private,112233, Some-college,10,Single, Other-service, Own-child, Amer-Indian-Eskimo, Female,No gains,No losses,20,US,<=50K
42, Self-emp-not-inc,195432, HS-grad,9,Couple, Craft-repair, Husband, White, Male,No gains,No losses,55,US,<=50K
33, Private,210987, Assoc-voc,11,Single, Tech-support, Unmarried, Black, Male,No gains,Had losses,40,US,<=50K
39, Private,289456, Masters,14,Couple, Exec-managerial, Wife, White, Female,No gains,No losses,45,US,>50K
30, Private,134567, 10th,6,Single, Transport-moving, Unmarried, White, Male,No gains,No losses,40,US,<=50K
50, Local-gov,198765, Bachelors,13,Couple, Prof-specialty, Husband, White, Male,No gains,No losses,40,US,>50K
47, Private,165432, Some-college,10,Couple, Sales, Husband, Black, Male,Had gains,No losses,50,US,>50K
28, Private,143210, HS-grad,9,Single, Adm-clerical, Not-in-family, White, Female,No gains,No losses,30,Non-US,<=50K
61, Private,112890, 7th-8th,4,Couple, Craft-repair, Husband, White, Male,No gains,Had losses,40,US,<=50K
26, Private,234567, Assoc-acdm,12,Single, Machine-op-inspct, Other-relative, White, Male,No gains,No losses,40,US,<=50K
36, Private,312456, Masters,14,Single, Exec-managerial, Not-in-family, White, Male,No gains,No losses,55,US,>50K
34, Private,215498, HS-grad,9,Couple, Craft-repair, Husband, White, Male,No gains,No losses,40,US,<=50K
28, Private,182345, Some-college,10,Single, Sales, Unmarried, White, Male,No gains,No losses,45,US,<=50K
48, Self-emp-inc,350120, Bachelors,13,Couple, Exec-managerial, Husband, White, Male,Had gains,No losses,50,US,>50K
39, Private,240567, Assoc-acdm,12,Single, Tech-support, Not-in-family, Black, Female,No gains,No losses,40,US,>50K
52, Private,425000, Masters,14,Couple, Prof-specialty, Wife, White, Female,No gains,No losses,38,US,>50K
41, Private,135789, 10th,6,Couple, Transport-moving, Husband, White, Male,No gains,Had losses,48,US,<=50K
55, Local-gov,189432, HS-grad,9,Couple, Adm-clerical, Husband, White, Male,No gains,No losses,40,US,<=50K
23, Private,98765, Some-college,10,Single, Other-service, Own-child, Amer-Indian-Eskimo, Male,No gains,No losses,35,US,<=50K
44, Private,310500, Prof-school,15,Single, Prof-specialty, Not-in-family, White, Female,Had gains,No losses,55,Non-US,>50K
33, Private,220345, Assoc-voc,11,Single, Craft-repair, Not-in-family, Black, Male,No gains,No losses,40,US,<=50K
30, Private,265432, Bachelors,13,Single, Exec-managerial, Unmarried, White, Male,No gains,No losses,60,US,>50K
62, Self-emp-not-inc,145678, HS-grad,9,Couple, Farming-fishing, Husband, White, Male,No gains,No losses,30,US,<=50K
37, Federal-gov,280123, Some-college,10,Couple, Machine-op-inspct, Wife, White, Female,No gains,Had losses,40,US,<=50K
21, Private,112000, 11th,7,Single, Other-service, Other-relative, Black, Female,No gains,No losses,25,US,<=50K
56, State-gov,375000, Masters,14,Couple, Prof-specialty, Husband, White, Male,Had gains,No losses,45,US,>50K
50, Private,165432, 7th-8th,4,Single, Machine-op-inspct, Not-in-family, White, Male,No gains,No losses,40,US,<=50K
26, Private,195678, Bachelors,13,Single, Sales, Unmarried, White, Female,No gains,No losses,40,Non-US,<=50K
46, Private,205000, HS-grad,9,Couple, Craft-repair, Husband, White, Male,No gains,No losses,50,US,<=50K
29, Private,158900, Assoc-acdm,12,Single, Adm-clerical, Not-in-family, Black, Female,No gains,No losses,38,US,<=50K
42, Private,300456, Some-college,10,Couple, Exec-managerial, Husband, White, Male,Had gains,No losses,45,US,>50K
52, Private,245321, Masters,14,Couple, Exec-managerial, Husband, White, Male,Had gains,No losses,50,US,>50K
29, Private,154987, Some-college,10,Single, Sales, Not-in-family, White, Male,No gains,No losses,35,US,<=50K
22, Private,89234, 11th,7,Single, Other-service, Own-child, Black, Female,No gains,No losses,25,US,<=50K
38, State-gov,198765, Bachelors,13,Couple, Prof-specialty, Wife, White, Female,No gains,No losses,40,US,>50K
48, Self-emp-not-inc,310543, HS-grad,9,Couple, Craft-repair, Husband, White, Male,No gains,Had losses,45,US,<=50K
34, Private,234567, Assoc-acdm,12,Single, Tech-support, Unmarried, Black, Male,No gains,No losses,40,US,>50K
55, Private,123456, 7th-8th,4,Couple, Farming-fishing, Husband, Amer-Indian-Eskimo, Male,No gains,No losses,50,Non-US,<=50K
41, Private,456789, Bachelors,13,Couple, Exec-managerial, Husband, White, Male,Had gains,No losses,55,US,>50K
61, Local-gov,187654, HS-grad,9,Single, Transport-moving, Not-in-family, White, Female,No gains,No losses,30,US,<=50K
47, Self-emp-inc,345678, Prof-school,15,Couple, Prof-specialty, Husband, White, Male,Had gains,Had losses,60,US,>50K
25, Private,112233, Some-college,10,Single, Machine-op-inspct, Own-child, White, Male,No gains,No losses,40,US,<=50K
39, Private,278901, HS-grad,9,Single, Adm-clerical, Other-relative, Black, Female,No gains,No losses,38,US,<=50K
33, Private,165432, Assoc-voc,11,Single, Craft-repair, Unmarried, White, Male,No gains,No losses,45,US,<=50K
30, Federal-gov,321654, Masters,14,Single, Prof-specialty, Not-in-family, White, Female,No gains,No losses,40,US,>50K
42, Private,145678, 10th,6,Couple, Other-service, Wife, White, Female,No gains,No losses,35,Non-US,<=50K
57, Private,401234, Bachelors,13,Couple, Sales, Husband, White, Male,No gains,No losses,50,US,>50K
20, Private,98987, Some-college,10,Single, Craft-repair, Own-child, White, Male,No gains,No losses,20,US,<=50K
50, Self-emp-inc,223344, HS-grad,9,Couple, Exec-managerial, Husband, Black, Male,Had gains,No losses,48,US,>50K
26, Private,187654, Assoc-acdm,12,Single, Adm-clerical, Not-in-family, White, Female,No gains,Had losses,40,US,<=50K
63, Private,110987, 11th,7,Couple, Machine-op-inspct, Husband, Amer-Indian-Eskimo, Male,No gains,No losses,40,US,<=50K
52, Private,195845, Masters,14,Couple, Exec-managerial, Husband, White, Male,No gains,No losses,50,US,>50K
28, Private,150920, Some-college,10,Single, Sales, Not-in-family, White, Male,No gains,No losses,38,US,<=50K
61, Self-emp-not-inc,120005, HS-grad,9,Couple, Craft-repair, Husband, White, Male,No gains,No losses,48,US,<=50K
37, Private,345000, Bachelors,13,Single, Prof-specialty, Not-in-family, Black, Female,Had gains,No losses,45,US,>50K
42, Local-gov,189333, Assoc-voc,11,Couple, Tech-support, Wife, White, Female,No gains,No losses,40,US,<=50K
22, Private,80000, 11th,7,Single, Other-service, Own-child, Amer-Indian-Eskimo, Male,No gains,No losses,20,US,<=50K
48, Private,220100, Masters,14,Couple, Exec-managerial, Wife, White, Female,No gains,Had losses,40,US,>50K
34, Private,275000, HS-grad,9,Single, Adm-clerical, Unmarried, Black, Female,No gains,No losses,35,US,<=50K
55, Self-emp-inc,150000, Prof-school,15,Couple, Prof-specialty, Husband, White, Male,Had gains,No losses,60,US,>50K
29, Private,175400, Some-college,10,Single, Sales, Not-in-family, White, Male,No gains,No losses,45,Non-US,<=50K
39, Private,90000, 10th,6,Single, Machine-op-inspct, Other-relative, White, Male,No gains,No losses,40,US,<=50K
26, Federal-gov,210000, Bachelors,13,Single, Tech-support, Not-in-family, Black, Female,No gains,No losses,40,US,<=50K
50, Private,110000, 7th-8th,4,Couple, Farming-fishing, Husband, White, Male,No gains,No losses,50,US,<=50K
41, State-gov,280000, Some-college,10,Couple, Adm-clerical, Husband, White, Male,No gains,Had losses,40,US,<=50K
33, Private,165000, Assoc-acdm,12,Single, Prof-specialty, Unmarried, White, Female,No gains,No losses,38,US,<=50K
57, Self-emp-inc,195000, HS-grad,9,Couple, Exec-managerial, Husband, White, Male,Had gains,No losses,55,US,>50K
18, Private,65000, 11th,7,Single, Other-service, Own-child, Black, Male,No gains,No losses,25,US,<=50K
44, Private,310500, Bachelors,13,Couple, Sales, Wife, White, Female,No gains,No losses,42,US,>50K
25, Private,130000, HS-grad,9,Single, Transport-moving, Not-in-family, White, Male,No gains,No losses,40,US,<=50K
46, Private,220000, Some-college,10,Couple, Craft-repair, Husband, White, Male,No gains,Had losses,40,US,<=50K
42, Private,192345, HS-grad,9,Couple, Craft-repair, Husband, White, Male,No gains,No losses,40,US,<=50K
51, Private,287654, Masters,14,Couple, Prof-specialty, Husband, White, Male,No gains,No losses,50,US,>50K
29, Private,154321, Some-college,10,Single, Sales, Not-in-family, White, Female,No gains,No losses,38,US,<=50K
38, State-gov,218990, Bachelors,13,Single, Exec-managerial, Not-in-family, Black, Male,No gains,No losses,45,US,>50K
22, Private,98765, 11th,7,Single, Other-service, Own-child, White, Female,No gains,No losses,25,US,<=50K
48, Private,310567, Assoc-acdm,12,Couple, Tech-support, Wife, White, Female,No gains,Had losses,40,US,>50K
55, Self-emp-not-inc,145678, HS-grad,9,Couple, Farming-fishing, Husband, White, Male,No gains,No losses,60,US,<=50K
34, Private,234567, Some-college,10,Single, Machine-op-inspct, Unmarried, Black, Male,No gains,No losses,40,US,<=50K
47, Private,198765, Prof-school,15,Couple, Prof-specialty, Wife, White, Female,Had gains,No losses,55,US,>50K
39, Private,123456, 10th,6,Single, Transport-moving, Not-in-family, White, Male,No gains,No losses,48,US,<=50K
26, Private,345678, Bachelors,13,Single, Adm-clerical, Not-in-family, White, Female,No gains,No losses,40,Non-US,<=50K
61, Local-gov,176543, HS-grad,9,Couple, Exec-managerial, Husband, White, Male,No gains,No losses,40,US,<=50K
33, Federal-gov,265432, Masters,14,Single, Prof-specialty, Not-in-family, Black, Male,No gains,No losses,40,US,>50K
58, Private,112233, 7th-8th,4,Couple, Craft-repair, Husband, White, Male,No gains,No losses,40,US,<=50K
41, Self-emp-inc,254321, Assoc-voc,11,Single, Craft-repair, Unmarried, White, Male,Had gains,No losses,50,US,>50K
18, Private,65432, Some-college,10,Single, Other-service, Own-child, Amer-Indian-Eskimo, Female,No gains,No losses,20,US,<=50K
37, Private,189012, HS-grad,9,Couple, Sales, Husband, White, Male,No gains,Had losses,45,US,<=50K
44, Private,298765, Bachelors,13,Couple, Exec-managerial, Wife, White, Female,No gains,No losses,50,US,>50K
53, Private,167890, Some-college,10,Single, Adm-clerical, Other-relative, Black, Female,No gains,No losses,35,US,<=50K
31, Private,221345, HS-grad,9,Single, Machine-op-inspct, Not-in-family, White, Male,No gains,No losses,40,US,<=50K
38, Private,245632, Bachelors,13,Couple, Exec-managerial, Husband, White, Male,No gains,No losses,50,US,>50K
52, Private,189543, HS-grad,9,Couple, Craft-repair, Husband, White, Male,No gains,No losses,40,US,<=50K
42, Private,312045, Masters,14,Single, Prof-specialty, Not-in-family, White, Female,Had gains,No losses,45,US,>50K
29, Private,152789, Some-college,10,Single, Sales, Unmarried, Black, Male,No gains,No losses,38,US,<=50K
34, State-gov,178920, Assoc-acdm,12,Couple, Tech-support, Wife, White, Female,No gains,No losses,40,US,<=50K
48, Private,98765, 10th,6,Single, Machine-op-inspct, Not-in-family, White, Male,No gains,Had losses,40,Non-US,<=50K
55, Self-emp-inc,410203, Prof-school,15,Couple, Prof-specialty, Husband, White, Male,Had gains,No losses,55,US,>50K
22, Private,62000, HS-grad,9,Single, Other-service, Own-child, Black, Female,No gains,No losses,35,US,<=50K
40, Local-gov,220510, Some-college,10,Couple, Adm-clerical, Wife, White, Female,No gains,No losses,40,US,<=50K
26, Private,198340, Bachelors,13,Single, Prof-specialty, Not-in-family, White, Male,No gains,No losses,40,US,>50K
18, Private,45000, 11th,7,Single, Other-service, Own-child, Amer-Indian-Eskimo, Male,No gains,No losses,20,US,<=50K
33, Private,275433, Masters,14,Single, Exec-managerial, Not-in-family, Black, Female,No gains,No losses,45,US,>50K
60, Self-emp-not-inc,134500, HS-grad,9,Couple, Farming-fishing, Husband, White, Male,No gains,No losses,50,US,<=50K
30, Private,165890, Assoc-voc,11,Single, Craft-repair, Unmarried, White, Male,No gains,Had losses,40,US,<=50K
65, Private,78900, 7th-8th,4,Couple, Other-service, Husband, White, Male,No gains,No losses,30,Non-US,<=50K
44, Federal-gov,290123, Bachelors,13,Couple, Exec-managerial, Husband, Black, Male,No gains,No losses,40,US,>50K
25, Private,110450, Some-college,10,Single, Sales, Not-in-family, White, Female,No gains,No losses,35,US,<=50K
39, Local-gov,205600, HS-grad,9,Couple, Transport-moving, Husband, White, Male,No gains,No losses,40,US,<=50K
47, Private,350000, Prof-school,15,Couple, Prof-specialty, Wife, White, Female,Had gains,No losses,50,US,>50K
36, Private,175432, Some-college,10,Single, Machine-op-inspct, Unmarried, Black, Female,No gains,No losses,40,US,<=50K
34, Private,180000, HS-grad,9,Couple, Craft-repair, Husband, White, Male,No gains,No losses,40,US,<=50K
29, Private,250000, Bachelors,13,Single, Prof-specialty, Not-in-family, White, Female,No gains,No losses,45,US,<=50K
41, Private,150000, Some-college,10,Single, Sales, Not-in-family, Black, Male,No gains,No losses,50,US,<=50K
52, Private,300000, Masters,14,Couple, Exec-managerial, Husband, White, Male,Had gains,No losses,55,US,>50K
38, Self-emp-not-inc,220000, Assoc-acdm,12,Couple, Craft-repair, Husband, White, Male,No gains,No losses,40,US,<=50K
22, Private,90000, 10th,6,Single, Other-service, Own-child, White, Female,No gains,No losses,30,US,<=50K
47, Private,350000, Prof-school,15,Single, Prof-specialty, Not-in-family, White, Male,No gains,No losses,60,US,>50K
55, Local-gov,190000, HS-grad,9,Couple, Transport-moving, Husband, White, Male,No gains,No losses,40,US,<=50K
33, Private,260000, Bachelors,13,Single, Tech-support, Unmarried, Black, Female,No gains,Had losses,40,US,<=50K
39, Private,170000, Some-college,10,Couple, Exec-managerial, Wife, White, Female,No gains,No losses,45,US,>50K
18, Private,60000, 11th,7,Single, Other-service, Own-child, White, Male,No gains,No losses,20,US,<=50K
44, Private,210000, Assoc-voc,11,Single, Machine-op-inspct, Not-in-family, White, Male,No gains,No losses,40,US,<=50K
50, Self-emp-inc,400000, Bachelors,13,Couple, Exec-managerial, Husband, White, Male,Had gains,No losses,50,US,>50K
26, Private,130000, HS-grad,9,Single, Adm-clerical, Not-in-family, Black, Female,No gains,No losses,35,US,<=50K
42, Federal-gov,280000, Masters,14,Single, Prof-specialty, Unmarried, White, Female,No gains,No losses,40,US,>50K
63, Private,100000, 7th-8th,4,Couple, Farming-fishing, Husband, Amer-Indian-Eskimo, Male,No gains,No losses,48,US,<=50K
31, Private,160000, Some-college,10,Single, Sales, Unmarried, White, Male,No gains,Had losses,40,Non-US,<=50K
37, Private,200000, HS-grad,9,Couple, Machine-op-inspct, Husband, White, Male,No gains,No losses,40,US,<=50K
25, Private,230000, Bachelors,13,Single, Adm-clerical, Not-in-family, White, Female,No gains,No losses,40,US,<=50K
48, Private,320000, Masters,14,Couple, Prof-specialty, Wife, White, Female,No gains,No losses,35,US,>50K
42, Private,201234, HS-grad,9,Couple, Craft-repair, Husband, White, Male,No gains,No losses,40,US,<=50K
29, Private,312458, Bachelors,13,Single, Prof-specialty, Not-in-family, White, Female,No gains,No losses,50,US,>50K
39, Private,154321, Some-college,10,Single, Sales, Other-relative, Black, Male,No gains,No losses,38,US,<=50K
51, Self-emp-inc,189765, Masters,14,Couple, Exec-managerial, Husband, White, Male,Had gains,No losses,55,US,>50K
22, Private,98765, 10th,6,Single, Other-service, Own-child, Amer-Indian-Eskimo, Female,No gains,No losses,25,US,<=50K
37, Private,275432, Assoc-acdm,12,Single, Tech-support, Not-in-family, White, Male,No gains,No losses,40,US,<=50K
58, Local-gov,222111, HS-grad,9,Couple, Transport-moving, Husband, White, Male,No gains,Had losses,40,US,<=50K
46, Private,145678, Prof-school,15,Single, Prof-specialty, Not-in-family, Asian-Pac-Islander, Female,Had gains,No losses,50,Non-US,>50K
34, Private,320987, Some-college,10,Couple, Machine-op-inspct, Wife, White, Female,No gains,No losses,40,US,<=50K
18, Private,65432, 11th,7,Single, Other-service, Own-child, White, Male,No gains,No losses,20,US,<=50K
33, Private,198765, Bachelors,13,Single, Exec-managerial, Not-in-family, Black, Male,No gains,No losses,45,US,>50K
48, Federal-gov,201345, Assoc-voc,11,Couple, Tech-support, Husband, White, Male,No gains,Had losses,40,US,>50K
63, Private,110987, 7th-8th,4,Couple, Craft-repair, Husband, White, Male,No gains,No losses,40,US,<=50K
25, Private,287654, HS-grad,9,Single, Adm-clerical, Unmarried, White, Female,No gains,No losses,35,US,<=50K
55, Self-emp-not-inc,167890, Masters,14,Couple, Prof-specialty, Wife, White, Female,No gains,No losses,50,US,>50K
41, Private,178901, Some-college,10,Single, Sales, Not-in-family, Black, Male,Had gains,No losses,60,US,>50K
30, Private,145678, HS-grad,9,Single, Machine-op-inspct, Unmarried, White, Female,No gains,No losses,40,Non-US,<=50K
26, Private,456789, Bachelors,13,Single, Adm-clerical, Not-in-family, White, Male,No gains,No losses,40,US,<=50K
52, State-gov,187654, Some-college,10,Couple, Exec-managerial, Husband, White, Male,No gains,No losses,40,US,>50K
47, Private,134567, 10th,6,Single, Farming-fishing, Not-in-family, Amer-Indian-Eskimo, Male,No gains,No losses,48,US,<=50K
52, Private,245000, Masters,14,Couple, Exec-managerial, Husband, White, Male,Had gains,No losses,50,US,>50K
29, Private,150000, Some-college,10,Single, Sales, Not-in-family, White, Female,No gains,No losses,38,US,<=50K
48, Self-emp-not-inc,180000, HS-grad,9,Couple, Craft-repair, Husband, White, Male,No gains,No losses,40,US,<=50K
34, State-gov,200000, Bachelors,13,Single, Prof-specialty, Not-in-family, Black, Female,No gains,No losses,40,US,>50K
22, Private,80000, 11th,7,Single, Other-service, Own-child, White, Male,No gains,No losses,25,US,<=50K
40, Private,220000, Assoc-acdm,12,Couple, Tech-support, Wife, White, Female,No gains,Had losses,42,US,>50K
60, Private,120000, 7th-8th,4,Couple, Transport-moving, Husband, Black, Male,No gains,No losses,40,US,<=50K
45, Self-emp-inc,300000, Prof-school,15,Single, Prof-specialty, Not-in-family, White, Male,Had gains,No losses,55,US,>50K
33, Private,175000, Some-college,10,Single, Machine-op-inspct, Unmarried, White, Female,No gains,No losses,40,US,<=50K
55, Local-gov,190000, HS-grad,9,Couple, Exec-managerial, Husband, White, Male,No gains,No losses,45,US,<=50K
25, Private,250000, Bachelors,13,Single, Adm-clerical, Not-in-family, White, Female,No gains,No losses,35,Non-US,<=50K
38, Private,130000, 10th,6,Couple, Farming-fishing, Husband, Amer-Indian-Eskimo, Male,No gains,No losses,48,US,<=50K
41, Federal-gov,210000, Assoc-voc,11,Single, Tech-support, Unmarried, Black, Female,No gains,No losses,40,US,>50K
39, Private,280000, Masters,14,Couple, Prof-specialty, Wife, White, Female,Had gains,No losses,50,US,>50K
62, Self-emp-not-inc,140000, HS-grad,9,Couple, Craft-repair, Husband, White, Male,No gains,Had losses,30,US,<=50K
19, Private,60000, Some-college,10,Single, Other-service, Own-child, Black, Male,No gains,No losses,20,US,<=50K
50, Private,230000, Bachelors,13,Single, Sales, Not-in-family, White, Male,No gains,No losses,45,US,>50K
28, Private,95000, 11th,7,Single, Machine-op-inspct, Unmarried, White, Female,No gains,No losses,40,US,<=50K
36, Private,170000, HS-grad,9,Couple, Transport-moving, Husband, White, Male,No gains,No losses,40,Non-US,<=50K
47, Private,185000, Some-college,10,Couple, Exec-managerial, Husband, White, Male,Had gains,No losses,60,US,>50K
52, Private,245183, Masters,14,Couple, Exec-managerial, Husband, White, Male,Had gains,No losses,50,US,>50K
38, State-gov,162847, Bachelors,13,Single, Prof-specialty, Not-in-family, White, Female,No gains,No losses,40,US,>50K
29, Private,198745, Some-college,10,Single, Sales, Unmarried, Black, Male,No gains,No losses,38,US,<=50K
48, Self-emp-not-inc,305129, HS-grad,9,Couple, Farming-fishing, Husband, White, Male,No gains,No losses,45,US,<=50K
34, Private,220456, Assoc-acdm,12,Couple, Tech-support, Wife, White, Female,No gains,No losses,40,US,>50K
42, Private,144321, 10th,6,Single, Machine-op-inspct, Not-in-family, White, Male,No gains,Had losses,40,US,<=50K
56, Self-emp-inc,189432, Prof-school,15,Couple, Prof-specialty, Husband, White, Male,Had gains,No losses,55,US,>50K
23, Private,98765, HS-grad,9,Single, Other-service, Own-child, Amer-Indian-Eskimo, Female,No gains,No losses,35,US,<=50K
41, Private,410987, Bachelors,13,Couple, Exec-managerial, Wife, White, Female,No gains,No losses,48,US,>50K
18, Private,51234, 11th,7,Single, Other-service, Own-child, Black, Male,No gains,No losses,20,US,<=50K
39, Federal-gov,275432, Assoc-voc,11,Single, Tech-support, Unmarried, White, Male,No gains,No losses,40,US,>50K
33, Private,167890, Some-college,10,Single, Adm-clerical, Not-in-family, White, Female,No gains,No losses,40,Non-US,<=50K
61, Private,123456, 7th-8th,4,Couple, Craft-repair, Husband, White, Male,No gains,No losses,40,US,<=50K
30, Private,298765, Masters,14,Single, Prof-specialty, Not-in-family, Asian-Pac-Islander, Female,No gains,No losses,45,US,>50K
55, Local-gov,189003, HS-grad,9,Couple, Transport-moving, Husband, White, Male,No gains,No losses,40,US,<=50K
25, Private,154321, Some-college,10,Single, Sales, Not-in-family, Black, Male,No gains,Had losses,35,US,<=50K
47, Self-emp-inc,221098, Bachelors,13,Couple, Exec-managerial, Husband, White, Male,Had gains,No losses,60,US,>50K
36, Private,276543, Assoc-acdm,12,Couple, Exec-managerial, Husband, White, Male,No gains,No losses,44,US,>50K
65, Private,112233, HS-grad,9,Couple, Craft-repair, Husband, White, Male,No gains,No losses,30,US,<=50K
28, Private,134567, Some-college,10,Single, Craft-repair, Other-relative, White, Male,No gains,No losses,40,Non-US,<=50K
52, Private,245789, Masters,14,Couple, Prof-specialty, Husband, White, Male,Had gains,No losses,50,US,>50K
38, Private,152345, HS-grad,9,Couple, Craft-repair, Husband, White, Male,No gains,No losses,40,US,<=50K
29, Private,189654, Some-college,10,Single, Sales, Not-in-family, Black, Female,No gains,No losses,38,US,<=50K
34, Private,312456, Bachelors,13,Single, Exec-managerial, Unmarried, White, Male,No gains,No losses,45,US,>50K
22, Private,98765, 11th,7,Single, Other-service, Own-child, White, Male,No gains,No losses,20,US,<=50K
41, Local-gov,221345, Assoc-acdm,12,Couple, Tech-support, Husband, White, Male,No gains,No losses,40,US,<=50K
48, Self-emp-inc,178900, Prof-school,15,Couple, Prof-specialty, Husband, White, Male,Had gains,No losses,55,US,>50K
56, Private,265432, HS-grad,9,Couple, Machine-op-inspct, Husband, Black, Male,No gains,No losses,40,US,<=50K
27, Private,401234, Bachelors,13,Single, Adm-clerical, Not-in-family, White, Female,No gains,No losses,40,Non-US,<=50K
45, Self-emp-not-inc,155678, Some-college,10,Couple, Farming-fishing, Husband, White, Male,No gains,No losses,50,US,<=50K
63, Private,112233, 7th-8th,4,Couple, Transport-moving, Husband, White, Male,No gains,Had losses,35,US,<=50K
39, Private,287654, Masters,14,Single, Exec-managerial, Not-in-family, White, Female,No gains,No losses,45,US,>50K
33, Private,188901, HS-grad,9,Single, Other-service, Unmarried, Amer-Indian-Eskimo, Female,No gains,No losses,30,US,<=50K
50, Federal-gov,210987, Assoc-voc,11,Couple, Tech-support, Wife, Black, Female,No gains,No losses,40,US,>50K
42, Private,134567, 10th,6,Single, Craft-repair, Not-in-family, White, Male,No gains,No losses,40,US,<=50K
31, Private,175432, Some-college,10,Couple, Machine-op-inspct, Husband, White, Male,No gains,Had losses,48,US,<=50K
25, Private,345678, Bachelors,13,Single, Sales, Not-in-family, White, Female,No gains,No losses,35,US,<=50K
60, Self-emp-not-inc,198765, HS-grad,9,Couple, Craft-repair, Husband, White, Male,No gains,No losses,40,US,<=50K
37, Private,223456, Some-college,10,Single, Adm-clerical, Unmarried, Black, Female,No gains,No losses,40,US,<=50K
47, Private,276543, Masters,14,Couple, Exec-managerial, Wife, White, Female,Had gains,No losses,50,US,>50K
52, State-gov,189653, Masters,14,Couple, Prof-specialty, Husband, White, Male,No gains,No losses,50,US,>50K
28, Private,226540, Some-college,10,Single, Sales, Not-in-family, White, Male,No gains,No losses,40,US,<=50K
38, Private,145982, HS-grad,9,Couple, Craft-repair, Husband, White, Male,No gains,No losses,40,US,<=50K
47, Self-emp-inc,215489, Prof-school,15,Couple, Exec-managerial, Husband, White, Male,Had gains,No losses,60,US,>50K
62, Self-emp-not-inc,112358, 10th,6,Single, Farming-fishing, Unmarried, White, Male,No gains,No losses,35,US,<=50K
34, Private,352876, Bachelors,13,Single, Tech-support, Not-in-family, Black, Female,No gains,No losses,40,US,>50K
29, Private,298761, Assoc-acdm,12,Single, Adm-clerical, Not-in-family, White, Female,No gains,No losses,38,US,<=50K
22, Private,95674, 11th,7,Single, Other-service, Own-child, White, Male,No gains,No losses,20,US,<=50K
55, Local-gov,210347, HS-grad,9,Couple, Transport-moving, Husband, Black, Male,No gains,No losses,40,US,<=50K
41, Private,182315, Some-college,10,Couple, Machine-op-inspct, Husband, White, Male,No gains,Had losses,45,US,<=50K
39, Private,410023, Bachelors,13,Single, Exec-managerial, Not-in-family, White, Female,Had gains,No losses,50,US,>50K
26, Private,172888, Masters,14,Single, Prof-specialty, Unmarried, Amer-Indian-Eskimo, Female,No gains,No losses,40,US,>50K
48, Private,134567, 7th-8th,4,Couple, Craft-repair, Husband, White, Male,No gains,No losses,40,Non-US,<=50K
33, Private,284200, HS-grad,9,Single, Sales, Not-in-family, White, Male,No gains,No losses,45,US,<=50K
42, Federal-gov,198453, Assoc-voc,11,Couple, Tech-support, Wife, Black, Female,No gains,No losses,40,US,>50K
19, Private,78901, Some-college,10,Single, Other-service, Own-child, White, Female,No gains,No losses,25,US,<=50K
57, Self-emp-not-inc,147329, Bachelors,13,Couple, Exec-managerial, Husband, White, Male,No gains,Had losses,50,US,>50K
24, Private,315678, HS-grad,9,Single, Adm-clerical, Not-in-family, White, Female,No gains,No losses,35,US,<=50K
51, Private,164214, Some-college,10,Single, Machine-op-inspct, Unmarried, Black, Male,No gains,No losses,40,US,<=50K
44, Private,245789, Masters,14,Couple, Prof-specialty, Wife, White, Female,Had gains,No losses,45,US,>50K
38, Private,180500, HS-grad,9,Couple, Craft-repair, Husband, White, Male,No gains,No losses,40,US,<=50K
52, Self-emp-inc,150000, Bachelors,13,Couple, Prof-specialty, Husband, White, Male,Had gains,No losses,50,US,>50K
29, Private,220000, Some-college,10,Single, Sales, Not-in-family, Black, Female,No gains,No losses,35,US,<=50K
45, Private,280000, Masters,14,Single, Exec-managerial, Not-in-family, White, Male,No gains,No losses,45,US,>50K
22, Private,95000, 10th,6,Single, Other-service, Own-child, White, Male,No gains,No losses,30,US,<=50K
34, State-gov,160000, Assoc-acdm,12,Single, Tech-support, Unmarried, Black, Female,No gains,No losses,40,US,<=50K
55, Private,320000, Prof-school,15,Couple, Prof-specialty, Wife, White, Female,Had gains,No losses,60,US,>50K
48, Local-gov,200000, HS-grad,9,Couple, Transport-moving, Husband, White, Male,No gains,Had losses,40,US,<=50K
25, Private,130000, Some-college,10,Single, Machine-op-inspct, Not-in-family, Amer-Indian-Eskimo, Female,No gains,No losses,40,US,<=50K
41, Private,240000, Bachelors,13,Couple, Exec-managerial, Husband, White, Male,No gains,No losses,42,US,>50K
35, Private,110000, 11th,7,Single, Other-service, Unmarried, White, Male,No gains,No losses,38,Non-US,<=50K
39, Private,190000, Assoc-voc,11,Couple, Craft-repair, Husband, White, Male,No gains,No losses,44,US,<=50K
33, Private,300000, Masters,14,Single, Prof-specialty, Not-in-family, Black, Female,Had gains,No losses,55,US,>50K
62, Self-emp-not-inc,170000, HS-grad,9,Couple, Farming-fishing, Husband, White, Male,No gains,No losses,50,US,<=50K
27, Private,140000, Some-college,10,Single, Adm-clerical, Other-relative, White, Female,No gains,Had losses,35,US,<=50K
50, Federal-gov,210000, Bachelors,13,Single, Exec-managerial, Not-in-family, Black, Male,No gains,No losses,40,US,>50K
18, Private,60000, 7th-8th,4,Single, Other-service, Own-child, White, Male,No gains,No losses,20,US,<=50K
56, Private,250000, HS-grad,9,Couple, Sales, Wife, White, Female,No gains,No losses,40,US,<=50K
30, Private,155000, Some-college,10,Single, Tech-support, Unmarried, White, Male,No gains,No losses,40,US,<=50K
44, Self-emp-inc,260000, Bachelors,13,Couple, Exec-managerial, Husband, White, Male,Had gains,No losses,48,US,>50K
38, Private,184275, HS-grad,9,Couple, Craft-repair, Husband, White, Male,No gains,No losses,40,US,<=50K
52, Private,205000, Bachelors,13,Couple, Exec-managerial, Husband, White, Male,Had gains,No losses,50,US,>50K
29, Private,150000, Some-college,10,Single, Sales, Not-in-family, White, Female,No gains,No losses,35,US,<=50K
45, Private,300000, Masters,14,Single, Prof-specialty, Not-in-family, White, Female,No gains,No losses,45,US,>50K
62, Self-emp-not-inc,120000, 10th,6,Couple, Farming-fishing, Husband, White, Male,No gains,No losses,50,US,<=50K
34, Local-gov,180000, Assoc-acdm,12,Couple, Tech-support, Wife, White, Female,No gains,No losses,40,US,<=50K
48, Private,210000, HS-grad,9,Single, Machine-op-inspct, Unmarried, Black, Male,No gains,Had losses,40,US,<=50K
40, Self-emp-inc,220000, Prof-school,15,Couple, Prof-specialty, Husband, White, Male,Had gains,No losses,55,US,>50K
22, Private,95000, Some-college,10,Single, Other-service, Own-child, White, Male,No gains,No losses,20,US,<=50K
33, Federal-gov,160000, Bachelors,13,Single, Exec-managerial, Not-in-family, Black, Male,No gains,No losses,40,US,>50K
53, Private,190000, 11th,7,Couple, Transport-moving, Husband, White, Male,No gains,No losses,45,US,<=50K
41, Private,240000, Some-college,10,Couple, Adm-clerical, Wife, White, Female,No gains,No losses,38,US,<=50K
55, Private,280000, Masters,14,Couple, Exec-managerial, Husband, White, Male,Had gains,No losses,48,US,>50K
67, Self-emp-not-inc,85000, 7th-8th,4,Couple, Farming-fishing, Husband, White, Male,No gains,No losses,60,Non-US,<=50K
25, Private,135000, HS-grad,9,Single, Craft-repair, Not-in-family, Black, Male,No gains,No losses,40,US,<=50K
39, Private,320000, Bachelors,13,Single, Prof-specialty, Not-in-family, White, Female,No gains,No losses,50,US,>50K
30, Private,175000, Assoc-voc,11,Single, Tech-support, Unmarried, White, Female,No gains,Had losses,40,US,<=50K
44, Private,200000, HS-grad,9,Single, Sales, Not-in-family, White, Female,No gains,No losses,30,US,<=50K
27, Private,110000, Some-college,10,Single, Other-service, Own-child, Amer-Indian-Eskimo, Male,No gains,No losses,40,US,<=50K
36, State-gov,145000, HS-grad,9,Couple, Adm-clerical, Husband, White, Male,No gains,No losses,40,US,<=50K
38, Private,189543, HS-grad,9,Couple, Craft-repair, Husband, White, Male,No gains,No losses,40,US,<=50K
25, Private,234567, Some-college,10,Single, Sales, Not-in-family, White, Female,No gains,No losses,35,US,<=50K
52, Private,312890, Masters,14,Couple, Prof-specialty, Husband, White, Male,Had gains,No losses,50,US,>50K
29, Private,145632, 11th,7,Single, Machine-op-inspct, Unmarried, Black, Male,No gains,No losses,40,US,<=50K
34, Self-emp-not-inc,198765, Bachelors,13,Single, Exec-managerial, Not-in-family, White, Female,No gains,No losses,45,US,>50K
41, Local-gov,167432, Assoc-voc,11,Couple, Tech-support, Wife, White, Female,No gains,No losses,38,US,<=50K
48, Private,112345, 10th,6,Couple, Transport-moving, Husband, White, Male,No gains,Had losses,48,US,<=50K
22, Private,87654, Some-college,10,Single, Other-service, Own-child, Amer-Indian-Eskimo, Male,No gains,No losses,25,US,<=50K
47, Private,287654, Prof-school,15,Couple, Prof-specialty, Husband, White, Male,Had gains,No losses,55,US,>50K
56, Private,254321, HS-grad,9,Couple, Sales, Husband, Black, Male,No gains,No losses,40,US,>50K
39, Federal-gov,176543, Assoc-acdm,12,Single, Adm-clerical, Not-in-family, White, Female,No gains,No losses,40,US,<=50K
62, Self-emp-not-inc,109876, 7th-8th,4,Couple, Farming-fishing, Husband, White, Male,No gains,No losses,30,Non-US,<=50K
30, Private,345678, Bachelors,13,Single, Exec-managerial, Not-in-family, White, Male,No gains,No losses,42,US,>50K
35, Private,198765, HS-grad,9,Single, Machine-op-inspct, Unmarried, Black, Female,No gains,Had losses,40,US,<=50K
44, Private,223456, Masters,14,Couple, Prof-specialty, Wife, White, Female,Had gains,No losses,48,US,>50K
27, Private,154321, Some-college,10,Single, Other-service, Unmarried, White, Male,No gains,No losses,35,US,<=50K
55, Self-emp-inc,456789, Bachelors,13,Couple, Exec-managerial, Husband, White, Male,Had gains,No losses,60,US,>50K
42, Private,132109, HS-grad,9,Couple, Craft-repair, Husband, White, Male,No gains,No losses,40,US,<=50K
33, Private,289012, Assoc-acdm,12,Single, Tech-support, Not-in-family, Black, Male,No gains,No losses,40,US,>50K
20, Private,98987, Some-college,10,Single, Sales, Own-child, White, Female,No gains,No losses,20,US,<=50K
34, Private,201490, HS-grad,9,Couple, Craft-repair, Husband, White, Male,No gains,No losses,40,US,<=50K
41, Private,182536, Bachelors,13,Single, Exec-managerial, Not-in-family, White, Female,No gains,No losses,50,US,>50K
25, Private,119872, Some-college,10,Single, Sales, Own-child, White, Male,No gains,No losses,35,US,<=50K
48, Self-emp-inc,320145, Masters,14,Couple, Prof-specialty, Husband, White, Male,Had gains,No losses,55,US,>50K
38, Private,145632, 10th,6,Single, Machine-op-inspct, Unmarried, Black, Male,No gains,No losses,40,US,<=50K
29, Private,198743, Assoc-acdm,12,Single, Tech-support, Not-in-family, White, Female,No gains,No losses,40,US,<=50K
22, Private,88910, 11th,7,Single, Other-service, Own-child, Amer-Indian-Eskimo, Male,No gains,No losses,20,US,<=50K
52, Federal-gov,245000, Bachelors,13,Couple, Exec-managerial, Husband, White, Male,No gains,Had losses,40,US,>50K
39, State-gov,154320, HS-grad,9,Couple, Adm-clerical, Wife, White, Female,No gains,No losses,38,US,<=50K
47, Self-emp-not-inc,287654, Some-college,10,Couple, Farming-fishing, Husband, White, Male,No gains,No losses,48,US,<=50K
53, Private,176543, Prof-school,15,Single, Prof-specialty, Not-in-family, Black, Male,Had gains,No losses,60,US,>50K
62, Private,99887, 7th-8th,4,Couple, Transport-moving, Husband, White, Male,No gains,No losses,40,US,<=50K
33, Private,234567, Assoc-voc,11,Single, Craft-repair, Unmarried, White, Female,No gains,Had losses,40,Non-US,<=50K
30, Private,312000, Bachelors,13,Couple, Sales, Husband, White, Male,No gains,No losses,45,US,>50K
28, Private,165432, HS-grad,9,Single, Other-service, Not-in-family, Black, Female,No gains,No losses,25,US,<=50K
56, Local-gov,198000, Some-college,10,Couple, Adm-clerical, Husband, White, Male,No gains,No losses,40,US,<=50K
42, Private,410876, Masters,14,Single, Exec-managerial, Not-in-family, Black, Female,Had gains,No losses,50,US,>50K
19, Private,76543, HS-grad,9,Single, Other-service, Own-child, White, Male,No gains,No losses,15,US,<=50K
44, Private,134567, 11th,7,Single, Machine-op-inspct, Unmarried, White, Female,No gains,No losses,40,US,<=50K
37, Self-emp-not-inc,295432, Bachelors,13,Couple, Craft-repair, Husband, White, Male,No gains,No losses,50,US,>50K
34, Private,198472, HS-grad,9,Couple, Craft-repair, Husband, White, Male,No gains,No losses,40,US,<=50K
42, Private,305721, Bachelors,13,Couple, Exec-managerial, Wife, White, Female,No gains,No losses,45,US,>50K
25, Private,152380, Some-college,10,Single, Sales, Not-in-family, White, Male,No gains,No losses,38,US,<=50K
50, Self-emp-inc,178904, Masters,14,Couple, Prof-specialty, Husband, White, Male,Had gains,No losses,50,US,>50K
39, Private,214567, 10th,6,Single, Machine-op-inspct, Not-in-family, Black, Male,No gains,Had losses,40,US,<=50K
29, Private,288123, Assoc-acdm,12,Single, Tech-support, Unmarried, White, Female,No gains,No losses,40,US,<=50K
55, Local-gov,145623, HS-grad,9,Couple, Transport-moving, Husband, White, Male,No gains,No losses,40,US,<=50K
33, Private,410234, Bachelors,13,Couple, Prof-specialty, Husband, Asian-Pac-Islander, Male,No gains,No losses,55,Non-US,>50K
22, Private,98765, Some-college,10,Single, Other-service, Own-child, White, Female,No gains,No losses,30,US,<=50K
47, Private,256789, Prof-school,15,Single, Exec-managerial, Not-in-family, Black, Female,Had gains,No losses,48,US,>50K
27, Private,175432, HS-grad,9,Single, Adm-clerical, Unmarried, White, Female,No gains,No losses,40,US,<=50K
36, Private,195321, Assoc-voc,11,Couple, Craft-repair, Husband, White, Male,No gains,No losses,42,US,<=50K
41, Federal-gov,332145, Some-college,10,Single, Tech-support, Not-in-family, White, Male,No gains,Had losses,40,US,<=50K
38, Private,215678, Bachelors,13,Couple, Sales, Husband, White, Male,No gains,No losses,50,US,>50K
18, Private,62341, HS-grad,9,Single, Other-service, Own-child, White, Male,No gains,No losses,20,US,<=50K
48, Self-emp-not-inc,278901, Masters,14,Couple, Prof-specialty, Wife, White, Female,Had gains,No losses,45,US,>50K
30, Private,145890, 11th,7,Single, Machine-op-inspct, Not-in-family, Black, Male,No gains,No losses,35,US,<=50K
26, Private,189345, Bachelors,13,Single, Prof-specialty, Not-in-family, White, Female,No gains,No losses,40,Non-US,<=50K
52, Private,167890, HS-grad,9,Couple, Farming-fishing, Husband, White, Male,No gains,No losses,48,US,<=50K
44, Private,254321, Some-college,10,Couple, Exec-managerial, Husband, White, Male,No gains,No losses,55,US,>50K
38, Private,198765, HS-grad,9,Couple, Craft-repair, Husband, White, Male,No gains,No losses,40,US,<=50K
52, Private,256340, Bachelors,13,Couple, Exec-managerial, Husband, White, Male,No gains,No losses,50,US,>50K
25, Private,145000, Some-college,10,Single, Sales, Not-in-family, White, Female,No gains,No losses,35,US,<=50K
45, Private,312000, Masters,14,Single, Prof-specialty, Not-in-family, Black, Female,No gains,No losses,42,US,>50K
29, Private,110350, 11th,7,Single, Other-service, Own-child, White, Male,No gains,No losses,38,US,<=50K
34, Private,205000, Assoc-acdm,12,Couple, Tech-support, Husband, White, Male,No gains,No losses,40,US,<=50K
55, Private,278900, HS-grad,9,Couple, Transport-moving, Husband, White, Male,No gains,Had losses,45,US,<=50K
30, Self-emp-not-inc,234567, Bachelors,13,Single, Exec-managerial, Not-in-family, White, Female,No gains,No losses,48,US,>50K
41, Private,176543, Some-college,10,Couple, Machine-op-inspct, Husband, Black, Male,No gains,No losses,40,US,<=50K
48, Private,400000, Prof-school,15,Couple, Prof-specialty, Wife, White, Female,Had gains,No losses,55,US,>50K
22, Private,98000, 10th,6,Single, Other-service, Unmarried, Amer-Indian-Eskimo, Male,No gains,No losses,30,US,<=50K
47, Local-gov,190200, HS-grad,9,Single, Adm-clerical, Unmarried, White, Female,No gains,No losses,40,US,<=50K
36, Private,250000, Bachelors,13,Single, Sales, Not-in-family, White, Male,No gains,No losses,40,Non-US,<=50K
33, Private,215000, Assoc-voc,11,Couple, Craft-repair, Husband, White, Male,No gains,Had losses,44,US,<=50K
57, Private,230000, Some-college,10,Single, Farming-fishing, Not-in-family, White, Male,No gains,No losses,50,US,<=50K
29, Federal-gov,320000, Masters,14,Single, Prof-specialty, Not-in-family, Black, Female,No gains,No losses,40,US,>50K
39, Self-emp-not-inc,168000, HS-grad,9,Couple, Craft-repair, Husband, White, Male,No gains,No losses,35,US,<=50K
42, Private,280000, Bachelors,13,Couple, Exec-managerial, Wife, White, Female,Had gains,No losses,50,US,>50K
61, Private,125000, 7th-8th,4,Couple, Transport-moving, Husband, White, Male,No gains,No losses,40,US,<=50K
27, Private,155000, Some-college,10,Single, Machine-op-inspct, Other-relative, Black, Male,No gains,No losses,42,US,<=50K
42, Private,237890, Masters,14,Couple, Prof-specialty, Husband, White, Male,No gains,No losses,45,US,>50K
29, Private,182367, HS-grad,9,Single, Sales, Not-in-family, White, Male,No gains,No losses,38,US,<=50K
34, Local-gov,145678, Some-college,10,Single, Adm-clerical, Unmarried, Black, Female,No gains,No losses,40,US,<=50K
55, Self-emp-inc,312450, Prof-school,15,Couple, Prof-specialty, Husband, White, Male,Had gains,No losses,50,US,>50K
41, Private,98765, 10th,6,Single, Other-service, Not-in-family, White, Female,No gains,No losses,35,Non-US,<=50K
38, Private,201234, Assoc-acdm,12,Couple, Tech-support, Wife, White, Female,No gains,Had losses,40,US,>50K
25, Private,156789, Bachelors,13,Single, Exec-managerial, Not-in-family, Black, Male,No gains,No losses,50,US,>50K
50, Self-emp-not-inc,276543, HS-grad,9,Couple, Craft-repair, Husband, White, Male,No gains,No losses,42,US,<=50K
22, Private,112233, 11th,7,Single, Machine-op-inspct, Own-child, Amer-Indian-Eskimo, Male,No gains,No losses,40,US,<=50K
48, Federal-gov,198765, Some-college,10,Couple, Exec-managerial, Husband, White, Male,Had gains,No losses,40,US,>50K
33, Private,165432, Assoc-voc,11,Single, Craft-repair, Unmarried, Black, Female,No gains,No losses,38,US,<=50K
30, Private,321098, Bachelors,13,Single, Prof-specialty, Not-in-family, White, Female,No gains,Had losses,45,Non-US,<=50K
58, Private,123987, 7th-8th,4,Couple, Farming-fishing, Husband, White, Male,No gains,No losses,50,Non-US,<=50K
39, Private,245678, Masters,14,Couple, Exec-managerial, Wife, White, Female,No gains,No losses,42,US,>50K
47, Private,234567, HS-grad,9,Single, Transport-moving, Not-in-family, White, Male,No gains,No losses,40,US,<=50K
19, Private,65432, Some-college,10,Single, Other-service, Own-child, Black, Female,No gains,No losses,20,US,<=50K
52, Private,389012, Prof-school,15,Couple, Prof-specialty, Husband, White, Male,Had gains,No losses,55,US,>50K
56, Local-gov,187654, HS-grad,9,Couple, Transport-moving, Husband, White, Male,No gains,No losses,40,US,<=50K
36, Self-emp-not-inc,143210, Bachelors,13,Single, Sales, Not-in-family, White, Male,No gains,No losses,48,US,>50K
27, Private,132456, Assoc-acdm,12,Single, Adm-clerical, Unmarried, Black, Female,No gains,No losses,35,US,<=50K
55, Private,245789, Masters,14,Couple, Exec-managerial, Husband, White, Male,Had gains,No losses,50,US,>50K
29, Private,190456, Some-college,10,Single, Sales, Not-in-family, White, Female,No gains,No losses,38,US,<=50K
62, Self-emp-not-inc,150123, HS-grad,9,Couple, Farming-fishing, Husband, White, Male,No gains,No losses,45,US,<=50K
34, Private,320001, Bachelors,13,Single, Prof-specialty, Unmarried, Black, Female,No gains,No losses,40,US,>50K
22, Private,85000, 11th,7,Single, Other-service, Own-child, Amer-Indian-Eskimo, Male,No gains,No losses,35,US,<=50K
48, State-gov,210000, Assoc-voc,11,Couple, Tech-support, Wife, White, Female,No gains,No losses,40,US,<=50K
42, Private,198764, Prof-school,15,Couple, Prof-specialty, Husband, White, Male,Had gains,No losses,60,US,>50K
38, Private,123456, 10th,6,Single, Machine-op-inspct, Unmarried, Black, Male,No gains,Had losses,40,US,<=50K
39, Federal-gov,283000, Bachelors,13,Single, Exec-managerial, Not-in-family, White, Male,No gains,No losses,45,US,>50K
25, Private,95000, HS-grad,9,Single, Sales, Not-in-family, White, Female,No gains,No losses,30,Non-US,<=50K
52, Self-emp-inc,175000, Some-college,10,Couple, Craft-repair, Husband, White, Male,Had gains,No losses,55,US,>50K
65, Private,110000, 7th-8th,4,Couple, Transport-moving, Husband, Black, Male,No gains,No losses,20,US,<=50K
47, Private,400000, Masters,14,Couple, Exec-managerial, Wife, White, Female,No gains,No losses,50,US,>50K
31, Private,220000, HS-grad,9,Single, Adm-clerical, Other-relative, White, Female,No gains,No losses,40,US,<=50K
27, Private,165432, Assoc-acdm,12,Single, Machine-op-inspct, Unmarried, White, Male,No gains,No losses,40,US,<=50K
33, Private,300000, Bachelors,13,Couple, Craft-repair, Husband, White, Male,No gains,Had losses,48,US,>50K
41, Local-gov,240000, Some-college,10,Couple, Tech-support, Husband, Black, Male,No gains,No losses,40,US,<=50K
18, Private,60000, 11th,7,Single, Other-service, Own-child, White, Male,No gains,No losses,15,US,<=50K
50, Self-emp-not-inc,195000, Masters,14,Single, Prof-specialty, Not-in-family, White, Female,No gains,No losses,42,Non-US,>50K
56, Private,280000, HS-grad,9,Couple, Exec-managerial, Husband, White, Male,No gains,Had losses,40,US,<=50K
38, Private,220345, HS-grad,9,Couple, Craft-repair, Husband, White, Male,No gains,No losses,40,US,<=50K
52, Self-emp-inc,195678, Bachelors,13,Couple, Exec-managerial, Husband, White, Male,Had gains,No losses,50,US,>50K
29, Private,180432, Some-college,10,Single, Sales, Not-in-family, Black, Female,No gains,No losses,35,US,<=50K
48, Private,210098, Masters,14,Couple, Prof-specialty, Wife, White, Female,No gains,No losses,45,US,>50K
25, Private,145600, HS-grad,9,Single, Machine-op-inspct, Own-child, White, Male,No gains,No losses,40,US,<=50K
41, Local-gov,165432, Assoc-voc,11,Couple, Tech-support, Husband, Black, Male,No gains,Had losses,40,US,<=50K
55, Private,198765, Prof-school,15,Single, Prof-specialty, Not-in-family, White, Male,No gains,No losses,60,US,>50K
34, Private,257890, Some-college,10,Single, Other-service, Unmarried, White, Female,No gains,No losses,38,US,<=50K
42, Private,112345, 10th,6,Couple, Transport-moving, Husband, White, Male,No gains,No losses,48,US,<=50K
33, Federal-gov,178900, Bachelors,13,Single, Exec-managerial, Not-in-family, Amer-Indian-Eskimo, Female,Had gains,No losses,40,US,>50K
21, Private,98765, HS-grad,9,Single, Other-service, Own-child, Black, Male,No gains,No losses,30,Non-US,<=50K
39, Private,210543, Assoc-acdm,12,Couple, Adm-clerical, Wife, White, Female,No gains,No losses,40,US,<=50K
18, Private,65432, 11th,7,Single, Other-service, Own-child, White, Female,No gains,No losses,20,US,<=50K
47, Self-emp-not-inc,320567, Masters,14,Couple, Prof-specialty, Husband, White, Male,No gains,No losses,40,US,>50K
56, Private,189456, HS-grad,9,Couple, Craft-repair, Husband, White, Male,No gains,Had losses,40,US,<=50K
37, Private,154321, Some-college,10,Single, Sales, Unmarried, Black, Male,No gains,No losses,45,US,<=50K
62, Self-emp-inc,245678, Bachelors,13,Couple, Exec-managerial, Husband, White, Male,Had gains,No losses,55,US,>50K
23, Private,135790, Some-college,10,Single, Machine-op-inspct, Not-in-family, White, Female,No gains,No losses,40,Non-US,<=50K
65, Self-emp-not-inc,115432, 7th-8th,4,Couple, Farming-fishing, Husband, White, Male,No gains,No losses,35,US,<=50K
44, Private,200123, HS-grad,9,Single, Adm-clerical, Unmarried, White, Female,No gains,No losses,40,US,<=50K
35, Private,190345, HS-grad,9,Couple, Craft-repair, Husband, White, Male,No gains,No losses,40,US,<=50K
28, Private,220100, Some-college,10,Single, Sales, Not-in-family, White, Female,No gains,No losses,38,US,<=50K
42, Private,310000, Bachelors,13,Couple, Exec-managerial, Husband, White, Male,No gains,No losses,50,US,>50K
50, Self-emp-inc,150000, Masters,14,Single, Prof-specialty, Not-in-family, Black, Male,Had gains,No losses,55,US,>50K
47, Private,130000, 10th,6,Couple, Farming-fishing, Husband, White, Male,No gains,Had losses,45,US,<=50K
33, Local-gov,185000, Assoc-acdm,12,Single, Tech-support, Unmarried, White, Female,No gains,No losses,40,US,<=50K
22, Private,90000, 11th,7,Single, Other-service, Own-child, Amer-Indian-Eskimo, Male,No gains,No losses,35,US,<=50K
55, Private,210000, HS-grad,9,Couple, Machine-op-inspct, Husband, Black, Male,No gains,No losses,40,US,<=50K
39, Private,250000, Some-college,10,Single, Adm-clerical, Not-in-family, White, Female,No gains,No losses,40,US,<=50K
48, Private,220000, Prof-school,15,Couple, Prof-specialty, Wife, White, Female,Had gains,No losses,60,US,>50K
29, Federal-gov,170000, Assoc-voc,11,Single, Tech-support, Unmarried, Black, Male,No gains,No losses,40,Non-US,<=50K
34, Private,300000, Bachelors,13,Single, Exec-managerial, Not-in-family, White, Male,No gains,No losses,45,US,>50K
62, Self-emp-not-inc,100000, 7th-8th,4,Couple, Craft-repair, Husband, White, Male,No gains,No losses,38,US,<=50K
24, Private,140000, HS-grad,9,Single, Sales, Own-child, White, Female,No gains,No losses,25,US,<=50K
41, Private,280000, Some-college,10,Couple, Transport-moving, Husband, White, Male,No gains,Had losses,48,US,<=50K
46, Private,240000, Masters,14,Single, Prof-specialty, Not-in-family, White, Female,No gains,No losses,50,US,>50K
53, Local-gov,200000, HS-grad,9,Couple, Exec-managerial, Wife, Black, Female,No gains,No losses,40,US,<=50K
20, Private,75000, Some-college,10,Single, Other-service, Own-child, White, Male,No gains,No losses,30,US,<=50K
26, Private,350000, Bachelors,13,Single, Adm-clerical, Not-in-family, White, Female,No gains,No losses,40,Non-US,<=50K
68, Self-emp-not-inc,95000, 7th-8th,4,Couple, Farming-fishing, Husband, White, Male,No gains,No losses,50,US,<=50K
52, Private,215432, Masters,14,Couple, Exec-managerial, Husband, White, Male,Had gains,No losses,50,US,>50K
29, Private,189345, Some-college,10,Single, Sales, Not-in-family, White, Female,No gains,No losses,38,US,<=50K
38, Private,142876, HS-grad,9,Couple, Craft-repair, Husband, White, Male,No gains,No losses,40,US,<=50K
34, Private,310987, Bachelors,13,Single, Prof-specialty, Not-in-family, Asian-Pac-Islander, Male,No gains,No losses,45,US,>50K
22, Private,98765, 11th,7,Single, Other-service, Own-child, Black, Male,No gains,No losses,35,US,<=50K
41, Local-gov,254321, Assoc-acdm,12,Couple, Tech-support, Wife, White, Female,No gains,No losses,40,US,>50K
48, Self-emp-not-inc,175432, HS-grad,9,Couple, Farming-fishing, Husband, White, Male,No gains,Had losses,50,US,<=50K
26, Private,123456, Some-college,10,Single, Adm-clerical, Unmarried, Black, Female,No gains,No losses,40,US,<=50K
55, Private,198765, Prof-school,15,Couple, Prof-specialty, Husband, White, Male,Had gains,No losses,60,US,>50K
42, Private,165432, 10th,6,Single, Machine-op-inspct, Not-in-family, White, Male,No gains,No losses,40,US,<=50K
39, Federal-gov,289012, Bachelors,13,Single, Exec-managerial, Not-in-family, Black, Female,No gains,No losses,40,US,>50K
31, Private,134567, HS-grad,9,Couple, Transport-moving, Husband, Amer-Indian-Eskimo, Male,No gains,No losses,45,US,<=50K
50, State-gov,321098, Some-college,10,Couple, Prof-specialty, Wife, White, Female,No gains,No losses,35,US,<=50K
58, Private,98765, 7th-8th,4,Couple, Other-service, Husband, White, Male,No gains,No losses,40,Non-US,<=50K
33, Private,210345, Masters,14,Single, Prof-specialty, Unmarried, White, Male,No gains,No losses,50,US,>50K
37, Private,156789, Assoc-voc,11,Single, Craft-repair, Not-in-family, White, Male,No gains,Had losses,42,US,<=50K
25, Private,112233, HS-grad,9,Single, Sales, Own-child, Black, Female,No gains,No losses,30,US,<=50K
46, Self-emp-inc,245678, Bachelors,13,Couple, Exec-managerial, Husband, White, Male,Had gains,No losses,55,US,>50K
19, Private,65432, Some-college,10,Single, Other-service, Own-child, White, Male,No gains,No losses,20,US,<=50K
44, Private,298765, Masters,14,Couple, Tech-support, Wife, Asian-Pac-Islander, Female,No gains,No losses,40,US,>50K
