age,workclass,fnlwgt,education,education-num,marital-status,occupation,relationship,race,sex,capital-gain,capital-loss,hours-per-week,country,salary
36, Private,285413, HS-grad,9,Single, Craft-repair, Not-in-family, White, Male,No gains,No losses,40,US,<=50K
28, Private,112489, Some-college,10,Single, Adm-clerical, Unmarried, Black, Female,No gains,No losses,35,US,<=50K
44, Private,452197, Bachelors,13,Couple, Exec-managerial, Husband, White, Male,Had gains,No losses,50,US,>50K
22, Private,98564, 10th,6,Single, Handlers-cleaners, Own-child, Amer-Indian-Eskimo, Male,No gains,No losses,30,Non-US,<=50K
39, State-gov,315688, Assoc-voc,11,Single, Tech-support, Not-in-family, White, Female,No gains,No losses,40,US,<=50K
50, Private,201547, Prof-school,15,Couple, Prof-specialty, Husband, Asian-Pac-Islander, Male,Had gains,No losses,45,Non-US,>50K
19, Private,76543, 11th,7,Single, Other-service, Own-child, White, Male,No gains,No losses,20,US,<=50K
55, Self-emp-not-inc,423100, HS-grad,9,Couple, Craft-repair, Husband, White, Male,No gains,Had losses,40,US,>50K
33, Private,187234, Some-college,10,Couple, Sales, Wife, Black, Female,No gains,No losses,38,US,<=50K
38, Private,55089, Doctorate,16,Single, Prof-specialty, Not-in-family, White, Male,No gains,No losses,55,US,>50K
47, Private,298751, 5th-6th,3,Couple, Machine-op-inspct, Husband, Other, Male,No gains,No losses,42,Non-US,<=50K
29, Local-gov,134672, Assoc-acdm,12,Single, Adm-clerical, Not-in-family, White, Female,No gains,No losses,40,US,<=50K
52, Self-emp-inc,389012, Bachelors,13,Couple, Exec-managerial, Husband, White, Male,Had gains,No losses,60,US,>50K
26, Federal-gov,82115, HS-grad,9,Single, Transport-moving, Not-in-family, Black, Male,No gains,No losses,40,US,<=50K
41, Private,246780, Some-college,10,Single, Other-service, Unmarried, White, Female,No gains,No losses,32,US,<=50K
34, Private,175439, Bachelors,13,Couple, Prof-specialty, Husband, White, Male,No gains,No losses,45,US,>50K
21, Private,65432, 12th,8,Single, Handlers-cleaners, Own-child, White, Female,No gains,No losses,35,US,<=50K
48, Private,501234, Assoc-voc,11,Couple, Machine-op-inspct, Husband, White, Male,No gains,Had losses,50,US,>50K
37, State-gov,143289, Some-college,10,Couple, Adm-clerical, Wife, Amer-Indian-Eskimo, Female,No gains,No losses,40,US,<=50K
46, Private,362154, Prof-school,15,Couple, Exec-managerial, Husband, White, Male,Had gains,No losses,50,US,>50K
28, Private,125432, HS-grad,9,Single, Craft-repair, Not-in-family, White, Male,No gains,No losses,40,US,<=50K
35, Private,289045, Bachelors,13,Single, Prof-specialty, Not-in-family, White, Female,No gains,No losses,45,US,>50K
52, State-gov,187654, Some-college,10,Couple, Exec-managerial, Husband, Black, Male,No gains,No losses,50,US,>50K
22, Private,93210, 10th,6,Single, Other-service, Own-child, White, Female,No gains,No losses,20,US,<=50K
38, Private,301234, Assoc-acdm,12,Couple, Tech-support, Husband, White, Male,No gains,Had losses,40,US,<=50K
45, Self-emp-not-inc,154320, HS-grad,9,Couple, Sales, Husband, White, Male,No gains,No losses,55,US,>50K
29, Private,210987, Some-college,10,Single, Adm-clerical, Unmarried, Asian-Pac-Islander, Female,No gains,No losses,35,Non-US,<=50K
33, Private,178900, Bachelors,13,Single, Exec-managerial, Not-in-family, White, Male,Had gains,No losses,60,US,>50K
19, Private,112233, 11th,7,Single, Handlers-cleaners, Own-child, Black, Male,No gains,No losses,25,US,<=50K
40, Local-gov,256789, Assoc-voc,11,Couple, Prof-specialty, Wife, White, Female,No gains,No losses,38,US,>50K
55, Private,198765, HS-grad,9,Couple, Transport-moving, Husband, White, Male,No gains,No losses,50,US,<=50K
26, Private,145678, Some-college,10,Single, Other-service, Not-in-family, White, Female,No gains,No losses,30,US,<=50K
47, Private,175432, Doctorate,16,Couple, Prof-specialty, Husband, White, Male,Had gains,No losses,45,US,>50K
36, Federal-gov,321098, HS-grad,9,Single, Adm-clerical, Not-in-family, Black, Female,No gains,No losses,40,US,<=50K
50, Self-emp-inc,234567, Some-college,10,Couple, Sales, Husband, White, Male,Had gains,No losses,55,US,>50K
60, Private,87654, 5th-6th,3,Couple, Craft-repair, Husband, Amer-Indian-Eskimo, Male,No gains,Had losses,40,US,<=50K
30, Private,165432, Bachelors,13,Couple, Exec-managerial, Wife, White, Female,No gains,No losses,48,US,>50K
24, Private,276543, HS-grad,9,Single, Machine-op-inspct, Not-in-family, White, Male,No gains,No losses,45,US,<=50K
42, Self-emp-not-inc,143210, Prof-school,15,Couple, Prof-specialty, Husband, White, Male,No gains,No losses,35,Non-US,>50K
48, Private,209876, Some-college,10,Single, Sales, Unmarried, White, Female,No gains,No losses,30,US,<=50K
36, Private,152341, Some-college,10,Single, Sales, Not-in-family, White, Male,No gains,No losses,45,US,<=50K
28, Private,289101, HS-grad,9,Single, Handlers-cleaners, Unmarried, White, Male,No gains,No losses,40,US,<=50K
34, State-gov,98234, Bachelors,13,Single, Prof-specialty, Not-in-family, White, Female,No gains,No losses,35,US,<=50K
22, Private,412587, 11th,7,Single, Other-service, Own-child, Black, Male,No gains,No losses,20,US,<=50K
29, Private,175632, Masters,14,Single, Exec-managerial, Not-in-family, White, Male,No gains,No losses,50,US,<=50K
38, Self-emp-not-inc,223456, Some-college,10,Single, Craft-repair, Not-in-family, White, Male,No gains,No losses,40,US,<=50K
27, Private,301245, Assoc-voc,11,Single, Adm-clerical, Own-child, White, Female,No gains,No losses,38,US,<=50K
45, Federal-gov,118975, HS-grad,9,Couple, Adm-clerical, Husband, White, Male,No gains,No losses,40,US,<=50K
33, Private,265432, 10th,6,Single, Other-service, Unmarried, Black, Female,No gains,No losses,32,US,<=50K
50, Private,195764, Some-college,10,Single, Machine-op-inspct, Not-in-family, White, Male,No gains,No losses,48,US,<=50K
46, Private,183210, HS-grad,9,Couple, Craft-repair, Husband, White, Male,No gains,No losses,40,US,>50K
42, Self-emp-inc,87234, Prof-school,15,Couple, Exec-managerial, Husband, White, Male,Had gains,No losses,60,US,>50K
30, Private,145678, Assoc-acdm,12,Couple, Prof-specialty, Wife, White, Female,No gains,No losses,40,US,>50K
38, Private,324567, Bachelors,13,Couple, Tech-support, Husband, White, Male,No gains,No losses,55,US,>50K
36, Private,109832, Doctorate,16,Single, Prof-specialty, Not-in-family, Asian-Pac-Islander, Male,Had gains,No losses,45,Non-US,>50K
47, Self-emp-inc,257891, Some-college,10,Couple, Sales, Husband, White, Male,No gains,Had losses,50,US,>50K
33, State-gov,76543, Bachelors,13,Couple, Exec-managerial, Wife, White, Female,No gains,No losses,40,US,>50K
41, Private,210987, Masters,14,Couple, Exec-managerial, Husband, Black, Male,No gains,No losses,50,US,>50K
44, Private,131456, Some-college,10,Single, Sales, Not-in-family, White, Female,Had gains,No losses,30,US,>50K
53, Private,298765, HS-grad,9,Couple, Craft-repair, Husband, White, Male,No gains,No losses,40,US,>50K
38, Private,152784, Bachelors,13,Couple, Exec-managerial, Husband, White, Male,No gains,No losses,45,US,>50K
28, Private,287456, HS-grad,9,Single, Adm-clerical, Not-in-family, Black, Female,No gains,No losses,40,US,<=50K
55, Self-emp-not-inc,105632, Some-college,10,Couple, Prof-specialty, Husband, White, Male,Had gains,No losses,40,US,>50K
33, Private,310987, Assoc-voc,11,Single, Tech-support, Not-in-family, White, Female,No gains,No losses,38,US,<=50K
45, Private,198723, Doctorate,16,Couple, Prof-specialty, Husband, Asian-Pac-Islander, Male,No gains,No losses,50,Non-US,>50K
22, Private,74215, 11th,7,Single, Handlers-cleaners, Own-child, White, Male,No gains,No losses,35,US,<=50K
48, State-gov,423156, Some-college,10,Couple, Adm-clerical, Wife, White, Female,No gains,No losses,40,US,<=50K
52, Self-emp-inc,178542, Prof-school,15,Couple, Exec-managerial, Husband, White, Male,Had gains,No losses,60,US,>50K
29, Private,93561, Bachelors,13,Single, Sales, Not-in-family, White, Female,No gains,No losses,25,US,<=50K
36, Private,265000, 10th,6,Single, Transport-moving, Not-in-family, Black, Male,No gains,Had losses,48,US,<=50K
41, Private,122348, Assoc-acdm,12,Couple, Craft-repair, Husband, White, Male,No gains,No losses,40,US,>50K
44, Local-gov,345678, HS-grad,9,Couple, Other-service, Wife, Amer-Indian-Eskimo, Female,No gains,No losses,35,US,<=50K
60, Private,85421, 5th-6th,3,Single, Machine-op-inspct, Not-in-family, Other, Male,No gains,No losses,20,Non-US,<=50K
34, Federal-gov,199876, Bachelors,13,Single, Prof-specialty, Not-in-family, White, Male,Had gains,No losses,45,US,>50K
19, Private,59034, Some-college,10,Single, Other-service, Own-child, White, Male,No gains,No losses,15,US,<=50K
49, Private,278123, HS-grad,9,Couple, Craft-repair, Husband, White, Male,No gains,Had losses,40,US,>50K
27, Private,167890, Some-college,10,Single, Sales, Unmarried, Black, Female,No gains,No losses,32,US,<=50K
37, Self-emp-inc,45123, Bachelors,13,Single, Prof-specialty, Not-in-family, White, Female,Had gains,No losses,55,US,>50K
25, Private,312457, Assoc-voc,11,Single, Machine-op-inspct, Own-child, White, Male,No gains,No losses,40,US,<=50K
40, Private,220098, HS-grad,9,Couple, Adm-clerical, Wife, White, Female,No gains,No losses,38,US,<=50K
36, Private,182549, HS-grad,9,Couple, Craft-repair, Husband, White, Male,No gains,No losses,40,US,<=50K
28, Private,295731, Some-college,10,Single, Adm-clerical, Not-in-family, White, Female,No gains,No losses,38,US,<=50K
29, Private,108432, Bachelors,13,Single, Exec-managerial, Not-in-family, White, Male,No gains,No losses,45,US,>50K
22, Private,410523, 11th,7,Single, Handlers-cleaners, Own-child, Black, Male,No gains,No losses,40,US,<=50K
33, State-gov,221689, Assoc-acdm,12,Couple, Prof-specialty, Wife, White, Female,No gains,No losses,35,US,<=50K
47, Self-emp-not-inc,148755, Some-college,10,Couple, Sales, Husband, White, Male,No gains,Had losses,55,US,>50K
55, Private,312488, HS-grad,9,Couple, Transport-moving, Husband, White, Male,No gains,No losses,42,US,<=50K
38, Private,94512, Bachelors,13,Single, Prof-specialty, Not-in-family, White, Female,Had gains,No losses,50,US,>50K
44, Private,273654, 10th,6,Couple, Machine-op-inspct, Husband, Black, Male,No gains,No losses,40,US,<=50K
26, Private,187320, HS-grad,9,Single, Other-service, Unmarried, White, Female,No gains,No losses,30,US,<=50K
42, Private,65421, Doctorate,16,Couple, Prof-specialty, Husband, White, Male,No gains,No losses,45,US,>50K
50, Local-gov,398712, Some-college,10,Single, Adm-clerical, Not-in-family, White, Female,No gains,No losses,40,US,<=50K
39, Private,115849, Assoc-voc,11,Couple, Tech-support, Husband, White, Male,No gains,No losses,40,US,>50K
34, Private,329154, HS-grad,9,Single, Sales, Not-in-family, Amer-Indian-Eskimo, Female,No gains,No losses,25,US,<=50K
46, Self-emp-inc,176543, Bachelors,13,Couple, Exec-managerial, Husband, White, Male,Had gains,No losses,60,US,>50K
23, Private,241087, Some-college,10,Single, Handlers-cleaners, Own-child, White, Male,No gains,No losses,35,Non-US,<=50K
53, Private,138962, Prof-school,15,Couple, Prof-specialty, Husband, White, Male,No gains,Had losses,50,US,>50K
41, Federal-gov,387621, HS-grad,9,Single, Adm-clerical, Not-in-family, Black, Female,No gains,No losses,40,US,<=50K
48, Private,71435, 5th-6th,3,Couple, Machine-op-inspct, Husband, Other, Male,No gains,No losses,40,Non-US,<=50K
30, Private,254893, Some-college,10,Single, Sales, Not-in-family, White, Male,No gains,No losses,48,US,<=50K
38, Private,210456, Bachelors,13,Couple, Exec-managerial, Husband, White, Male,No gains,No losses,45,US,>50K
29, Private,310897, Some-college,10,Single, Adm-clerical, Not-in-family, White, Female,No gains,No losses,40,US,<=50K
55, Self-emp-not-inc,98052, HS-grad,9,Couple, Craft-repair, Husband, White, Male,Had gains,No losses,50,US,>50K
22, Private,152643, 11th,7,Single, Handlers-cleaners, Own-child, Black, Male,No gains,No losses,35,US,<=50K
34, Private,247890, Assoc-acdm,12,Couple, Prof-specialty, Wife, White, Female,No gains,No losses,40,US,>50K
19, Private,64523, 10th,6,Single, Other-service, Unmarried, Amer-Indian-Eskimo, Male,No gains,No losses,20,US,<=50K
44, Federal-gov,401357, Bachelors,13,Couple, Tech-support, Husband, White, Male,No gains,Had losses,40,US,>50K
47, Private,186543, HS-grad,9,Single, Sales, Not-in-family, White, Female,No gains,No losses,30,US,<=50K
33, Private,115432, Some-college,10,Single, Machine-op-inspct, Not-in-family, Black, Male,No gains,No losses,40,US,<=50K
41, Private,294578, Doctorate,16,Couple, Prof-specialty, Husband, White, Male,No gains,No losses,55,US,>50K
27, Private,75981, 5th-6th,3,Single, Handlers-cleaners, Not-in-family, Other, Male,No gains,No losses,60,Non-US,<=50K
39, State-gov,212000, HS-grad,9,Couple, Adm-clerical, Wife, White, Female,No gains,No losses,40,US,<=50K
50, Self-emp-inc,50123, Prof-school,15,Couple, Exec-managerial, Husband, White, Male,Had gains,No losses,60,US,>50K
23, Private,178932, Some-college,10,Single, Other-service, Own-child, White, Female,No gains,No losses,25,US,<=50K
30, Private,86547, Bachelors,13,Single, Prof-specialty, Not-in-family, Asian-Pac-Islander, Female,No gains,No losses,38,Non-US,<=50K
36, Local-gov,321654, Assoc-voc,11,Couple, Craft-repair, Husband, White, Male,No gains,No losses,40,US,<=50K
53, Private,143278, HS-grad,9,Couple, Transport-moving, Husband, White, Male,No gains,No losses,45,US,>50K
28, Private,105432, Some-college,10,Single, Adm-clerical, Unmarried, Black, Female,No gains,No losses,40,US,<=50K
26, Private,245123, Bachelors,13,Single, Sales, Not-in-family, White, Male,No gains,No losses,35,US,<=50K
42, State-gov,370000, Masters,14,Couple, Exec-managerial, Wife, White, Female,Had gains,No losses,50,US,>50K
38, Private,185432, Bachelors,13,Couple, Exec-managerial, Husband, White, Male,No gains,No losses,45,US,>50K
52, Private,320156, HS-grad,9,Couple, Craft-repair, Husband, White, Male,No gains,No losses,40,US,>50K
27, Private,95000, Some-college,10,Single, Adm-clerical, Not-in-family, Black, Female,No gains,No losses,40,US,<=50K
36, State-gov,220500, HS-grad,9,Single, Other-service, Not-in-family, White, Male,No gains,No losses,38,US,<=50K
33, Private,145000, Assoc-voc,11,Couple, Tech-support, Wife, White, Female,No gains,No losses,40,US,>50K
48, Private,450000, 10th,6,Couple, Transport-moving, Husband, White, Male,No gains,Had losses,50,US,<=50K
45, Private,280000, Prof-school,15,Couple, Prof-specialty, Husband, Asian-Pac-Islander, Male,Had gains,No losses,60,US,>50K
40, Self-emp-not-inc,175000, Bachelors,13,Single, Prof-specialty, Not-in-family, White, Female,No gains,No losses,30,US,<=50K
29, Private,210000, Some-college,10,Single, Sales, Not-in-family, White, Male,No gains,No losses,35,US,<=50K
24, Private,115000, HS-grad,9,Single, Handlers-cleaners, Own-child, Black, Male,No gains,No losses,40,US,<=50K
50, Private,300000, 11th,7,Single, Other-service, Unmarried, White, Female,No gains,No losses,20,US,<=50K
37, Private,190000, Assoc-acdm,12,Couple, Machine-op-inspct, Husband, White, Male,No gains,No losses,48,US,>50K
22, Private,68000, Some-college,10,Single, Handlers-cleaners, Own-child, Amer-Indian-Eskimo, Male,No gains,No losses,40,US,<=50K
55, Private,250000, Doctorate,16,Couple, Prof-specialty, Husband, White, Male,Had gains,No losses,45,US,>50K
44, Federal-gov,160000, HS-grad,9,Single, Adm-clerical, Not-in-family, White, Female,No gains,No losses,40,US,<=50K
42, Self-emp-inc,98000, Bachelors,13,Couple, Sales, Husband, White, Male,Had gains,No losses,55,US,>50K
35, Private,380000, 5th-6th,3,Couple, Machine-op-inspct, Other-relative, Other, Male,No gains,No losses,40,Non-US,<=50K
56, Private,140000, HS-grad,9,Single, Other-service, Unmarried, White, Female,No gains,Had losses,30,US,<=50K
34, Local-gov,205000, Some-college,10,Couple, Craft-repair, Husband, White, Male,No gains,No losses,40,US,<=50K
29, Private,130000, Assoc-voc,11,Single, Sales, Not-in-family, White, Female,No gains,No losses,25,US,<=50K
36, Private,285012, Some-college,10,Single, Sales, Not-in-family, White, Male,No gains,No losses,45,US,<=50K
28, Private,102345, Bachelors,13,Single, Prof-specialty, Not-in-family, White, Female,No gains,No losses,40,US,<=50K
45, Private,450123, HS-grad,9,Couple, Craft-repair, Husband, Black, Male,No gains,No losses,50,US,>50K
22, Private,198456, 12th,8,Single, Handlers-cleaners, Own-child, White, Male,No gains,No losses,40,US,<=50K
50, Self-emp-not-inc,320000, Masters,14,Couple, Exec-managerial, Husband, White, Male,Had gains,No losses,60,US,>50K
33, Private,155789, Some-college,10,Couple, Adm-clerical, Wife, White, Female,No gains,No losses,38,US,<=50K
47, Federal-gov,500012, HS-grad,9,Couple, Transport-moving, Husband, Black, Male,No gains,Had losses,40,US,>50K
29, Private,67890, Bachelors,13,Single, Tech-support, Not-in-family, Asian-Pac-Islander, Male,No gains,No losses,40,Non-US,<=50K
39, Local-gov,234567, Assoc-voc,11,Single, Other-service, Not-in-family, White, Female,No gains,No losses,35,US,<=50K
55, Self-emp-inc,400000, Doctorate,16,Couple, Prof-specialty, Husband, White, Male,Had gains,No losses,50,US,>50K
19, Private,112233, 11th,7,Single, Handlers-cleaners, Own-child, Amer-Indian-Eskimo, Male,No gains,No losses,20,US,<=50K
42, Private,300000, Bachelors,13,Couple, Sales, Husband, White, Male,No gains,No losses,45,US,>50K
26, Private,180000, Some-college,10,Single, Other-service, Unmarried, White, Female,No gains,No losses,30,Non-US,<=50K
48, Private,420000, Prof-school,15,Couple, Prof-specialty, Wife, White, Female,Had gains,No losses,55,US,>50K
34, Private,95000, HS-grad,9,Single, Machine-op-inspct, Not-in-family, White, Male,No gains,No losses,40,US,<=50K
37, State-gov,210000, HS-grad,9,Single, Adm-clerical, Not-in-family, Black, Female,No gains,No losses,40,US,<=50K
53, Self-emp-not-inc,380000, Some-college,10,Couple, Craft-repair, Husband, White, Male,No gains,No losses,50,US,>50K
21, Private,75000, 10th,6,Single, Other-service, Own-child, White, Male,No gains,No losses,25,US,<=50K
41, Private,265000, Assoc-acdm,12,Couple, Exec-managerial, Wife, White, Female,No gains,Had losses,44,US,>50K
38, State-gov,125000, Masters,14,Single, Prof-specialty, Not-in-family, White, Male,No gains,No losses,35,US,<=50K
35, Private,285143, HS-grad,9,Couple, Craft-repair, Husband, White, Male,No gains,No losses,40,US,<=50K
28, Private,150239, Some-college,10,Single, Adm-clerical, Not-in-family, White, Female,No gains,No losses,35,US,<=50K
45, Private,312456, Bachelors,13,Couple, Exec-managerial, Husband, White, Male,Had gains,No losses,50,US,>50K
38, Private,98000, Assoc-voc,11,Couple, Tech-support, Husband, Black, Male,No gains,No losses,40,US,>50K
52, Self-emp-not-inc,220500, HS-grad,9,Single, Prof-specialty, Not-in-family, White, Male,No gains,No losses,20,US,<=50K
33, State-gov,175000, Some-college,10,Single, Adm-clerical, Not-in-family, White, Female,No gains,No losses,40,US,<=50K
50, Self-emp-inc,425000, Prof-school,15,Couple, Prof-specialty, Husband, White, Male,Had gains,No losses,60,US,>50K
29, Private,130500, Bachelors,13,Single, Prof-specialty, Not-in-family, Asian-Pac-Islander, Female,No gains,No losses,45,US,<=50K
22, Private,290000, 11th,7,Single, Handlers-cleaners, Own-child, White, Male,No gains,No losses,40,US,<=50K
41, Local-gov,180000, Associate-degree,12,Couple, Prof-specialty, Wife, White, Female,No gains,No losses,30,US,<=50K
36, Private,205000, Some-college,10,Couple, Sales, Husband, White, Male,Had gains,No losses,50,US,>50K
48, Private,95000, HS-grad,9,Couple, Transport-moving, Husband, Black, Male,No gains,Had losses,40,US,<=50K
55, Private,340000, Doctorate,16,Couple, Prof-specialty, Wife, White, Female,Had gains,No losses,40,US,>50K
30, Private,260000, 10th,6,Single, Machine-op-inspct, Unmarried, Amer-Indian-Eskimo, Male,No gains,No losses,38,US,<=50K
39, Self-emp-not-inc,145000, Bachelors,13,Single, Exec-managerial, Not-in-family, White, Male,No gains,No losses,35,US,<=50K
55, Federal-gov,410000, HS-grad,9,Couple, Exec-managerial, Husband, White, Male,No gains,No losses,40,US,>50K
26, Private,88000, Some-college,10,Single, Other-service, Not-in-family, White, Female,No gains,No losses,20,Non-US,<=50K
47, Private,350000, Assoc-voc,11,Couple, Craft-repair, Husband, White, Male,No gains,Had losses,45,US,<=50K
34, Private,120000, Bachelors,13,Couple, Sales, Husband, White, Male,Had gains,No losses,45,US,>50K
56, Private,200000, 5th-6th,3,Couple, Handlers-cleaners, Other-relative, Other, Male,No gains,No losses,40,Non-US,<=50K
38, Private,195823, Bachelors,13,Couple, Exec-managerial, Husband, White, Male,No gains,No losses,45,US,>50K
29, Private,289347, HS-grad,9,Single, Adm-clerical, Not-in-family, White, Female,No gains,No losses,40,US,<=50K
45, Private,152634, Some-college,10,Couple, Craft-repair, Husband, Black, Male,No gains,No losses,50,US,>50K
22, Private,310482, 11th,7,Single, Other-service, Own-child, White, Male,No gains,No losses,35,US,<=50K
52, Self-emp-inc,118975, Prof-school,15,Couple, Prof-specialty, Husband, White, Male,Had gains,No losses,60,US,>50K
36, Private,225681, HS-grad,9,Single, Sales, Unmarried, White, Female,No gains,No losses,42,US,<=50K
41, Local-gov,174239, Assoc-acdm,12,Couple, Prof-specialty, Wife, White, Female,No gains,No losses,38,US,>50K
33, State-gov,273456, Some-college,10,Single, Tech-support, Not-in-family, White, Male,No gains,No losses,40,US,<=50K
28, Private,139872, Bachelors,13,Single, Exec-managerial, Not-in-family, Asian-Pac-Islander, Male,Had gains,No losses,55,US,>50K
47, Private,304198, 10th,6,Couple, Machine-op-inspct, Husband, White, Male,No gains,Had losses,40,US,<=50K
39, Private,165432, Some-college,10,Couple, Adm-clerical, Wife, Black, Female,No gains,No losses,35,US,<=50K
49, Private,213567, Doctorate,16,Couple, Prof-specialty, Husband, White, Male,No gains,No losses,50,US,>50K
55, Federal-gov,187634, HS-grad,9,Couple, Exec-managerial, Husband, White, Male,No gains,No losses,40,US,>50K
24, Private,251449, Some-college,10,Single, Other-service, Not-in-family, White, Female,No gains,No losses,30,US,<=50K
37, Self-emp-not-inc,198723, Assoc-voc,11,Single, Craft-repair, Not-in-family, White, Male,No gains,No losses,44,US,<=50K
34, Private,325876, HS-grad,9,Couple, Transport-moving, Husband, Amer-Indian-Eskimo, Male,No gains,No losses,48,US,<=50K
42, State-gov,142536, Bachelors,13,Single, Prof-specialty, Not-in-family, White, Female,Had gains,No losses,40,US,>50K
53, Private,268349, 5th-6th,3,Couple, Handlers-cleaners, Husband, Other, Male,No gains,No losses,38,Non-US,<=50K
46, Private,167891, Prof-school,15,Couple, Exec-managerial, Husband, White, Male,No gains,Had losses,55,US,>50K
27, Private,231765, Some-college,10,Single, Sales, Unmarried, White, Female,No gains,No losses,25,US,<=50K
38, Private,225000, HS-grad,9,Couple, Craft-repair, Husband, White, Male,No gains,No losses,40,US,<=50K
29, Private,310000, Bachelors,13,Single, Prof-specialty, Not-in-family, White, Female,No gains,No losses,45,US,>50K
50, Private,175000, Some-college,10,Couple, Transport-moving, Husband, Black, Male,No gains,No losses,50,US,>50K
22, Private,95000, 11th,7,Single, Other-service, Own-child, White, Female,No gains,No losses,25,US,<=50K
45, State-gov,420000, Assoc-acdm,12,Single, Adm-clerical, Not-in-family, White, Male,No gains,No losses,40,US,<=50K
55, Self-emp-inc,280000, HS-grad,9,Couple, Sales, Husband, White, Male,Had gains,No losses,60,US,>50K
33, Private,150000, Some-college,10,Couple, Exec-managerial, Wife, Asian-Pac-Islander, Female,No gains,No losses,35,Non-US,>50K
42, Private,190000, Prof-school,15,Couple, Prof-specialty, Husband, White, Male,Had gains,No losses,55,US,>50K
28, Private,125000, 10th,6,Single, Machine-op-inspct, Not-in-family, Black, Male,No gains,No losses,40,US,<=50K
36, Local-gov,350000, Bachelors,13,Single, Tech-support, Not-in-family, White, Female,No gains,No losses,40,US,<=50K
47, Private,240000, 5th-6th,3,Couple, Handlers-cleaners, Husband, Amer-Indian-Eskimo, Male,No gains,No losses,38,US,<=50K
24, Private,60000, Assoc-voc,11,Single, Craft-repair, Own-child, White, Male,No gains,No losses,42,US,<=50K
39, Self-emp-not-inc,380000, Doctorate,16,Couple, Prof-specialty, Wife, White, Female,No gains,Had losses,45,US,>50K
35, Private,210000, HS-grad,9,Single, Exec-managerial, Not-in-family, White, Male,No gains,No losses,48,US,<=50K
19, Private,85000, 12th,8,Single, Other-service, Own-child, Other, Female,No gains,No losses,20,Non-US,<=50K
41, Federal-gov,295000, Bachelors,13,Couple, Prof-specialty, Husband, Black, Male,No gains,No losses,40,US,>50K
27, Private,145000, Some-college,10,Single, Sales, Not-in-family, White, Female,No gains,No losses,30,US,<=50K
53, State-gov,330000, Assoc-voc,11,Couple, Tech-support, Husband, White, Male,Had gains,No losses,35,US,>50K
60, Self-emp-not-inc,265000, 7th-8th,4,Couple, Craft-repair, Husband, White, Male,No gains,Had losses,48,US,<=50K
34, Private,115000, Some-college,10,Single, Handlers-cleaners, Unmarried, White, Male,No gains,No losses,55,US,<=50K
47, Private,285410, Some-college,10,Couple, Craft-repair, Husband, Black, Male,No gains,No losses,50,US,>50K
28, Private,152367, HS-grad,9,Single, Adm-clerical, Not-in-family, White, Female,No gains,No losses,38,US,<=50K
35, Private,98023, Bachelors,13,Single, Prof-specialty, Not-in-family, Asian-Pac-Islander, Female,No gains,No losses,40,Non-US,>50K
22, Private,410521, 11th,7,Single, Handlers-cleaners, Own-child, White, Male,No gains,No losses,25,US,<=50K
53, State-gov,219875, Some-college,10,Couple, Exec-managerial, Husband, White, Male,Had gains,No losses,45,US,>50K
19, Private,175400, HS-grad,9,Single, Other-service, Own-child, White, Female,No gains,No losses,20,US,<=50K
39, Private,33578, Prof-school,15,Couple, Prof-specialty, Husband, White, Male,No gains,No losses,60,US,>50K
33, Private,299812, 10th,6,Single, Machine-op-inspct, Not-in-family, Black, Male,No gains,No losses,40,US,<=50K
41, Self-emp-not-inc,142156, Bachelors,13,Couple, Sales, Wife, White, Female,No gains,Had losses,50,US,>50K
29, Private,198650, Assoc-voc,11,Single, Tech-support, Not-in-family, White, Male,No gains,No losses,42,US,<=50K
36, Private,368120, Some-college,10,Couple, Transport-moving, Husband, Amer-Indian-Eskimo, Male,No gains,No losses,48,US,<=50K
44, Federal-gov,79845, Doctorate,16,Single, Prof-specialty, Not-in-family, White, Male,Had gains,No losses,40,US,>50K
55, Private,285673, HS-grad,9,Single, Other-service, Not-in-family, White, Female,No gains,No losses,35,US,<=50K
26, Private,124900, Some-college,10,Single, Adm-clerical, Unmarried, Black, Female,No gains,No losses,40,US,<=50K
38, Self-emp-inc,50800, Assoc-acdm,12,Couple, Sales, Husband, White, Male,Had gains,Had losses,55,Non-US,>50K
45, Private,361240, 5th-6th,3,Couple, Craft-repair, Husband, White, Male,No gains,No losses,40,US,<=50K
30, Local-gov,203478, Bachelors,13,Single, Prof-specialty, Not-in-family, White, Female,No gains,No losses,35,US,>50K
62, Private,147258, HS-grad,9,Couple, Exec-managerial, Husband, White, Male,No gains,No losses,30,US,>50K
21, Private,312000, Some-college,10,Single, Handlers-cleaners, Own-child, Other, Male,No gains,No losses,40,Non-US,<=50K
27, Private,88700, Assoc-voc,11,Single, Tech-support, Unmarried, White, Female,No gains,No losses,40,US,<=50K
29, Private,185432, Bachelors,13,Single, Prof-specialty, Not-in-family, White, Female,No gains,No losses,45,US,>50K
38, Private,220561, HS-grad,9,Couple, Transport-moving, Husband, Black, Male,No gains,No losses,40,US,<=50K
52, State-gov,157893, Some-college,10,Couple, Exec-managerial, Husband, White, Male,Had gains,No losses,50,US,>50K
22, Private,312054, 11th,7,Single, Handlers-cleaners, Own-child, White, Male,No gains,No losses,35,US,<=50K
33, Private,98546, Assoc-voc,11,Single, Tech-support, Not-in-family, Asian-Pac-Islander, Female,No gains,No losses,40,US,>50K
46, Private,201347, HS-grad,9,Single, Craft-repair, Not-in-family, White, Male,No gains,Had losses,42,US,<=50K
41, Private,140129, Doctorate,16,Couple, Prof-specialty, Wife, White, Female,No gains,No losses,55,US,>50K
36, Self-emp-not-inc,175684, Some-college,10,Couple, Sales, Husband, White, Male,No gains,No losses,30,US,<=50K
28, Private,289473, 10th,6,Single, Machine-op-inspct, Unmarried, Amer-Indian-Eskimo, Male,No gains,No losses,40,US,<=50K
49, Self-emp-inc,123876, Bachelors,13,Couple, Exec-managerial, Husband, White, Male,Had gains,No losses,60,US,>50K
39, Local-gov,248901, Assoc-acdm,12,Couple, Adm-clerical, Wife, White, Female,No gains,No losses,38,US,<=50K
44, Federal-gov,167234, HS-grad,9,Couple, Transport-moving, Husband, Black, Male,No gains,No losses,40,US,>50K
25, Private,305678, Some-college,10,Single, Other-service, Own-child, White, Female,No gains,No losses,20,US,<=50K
37, Private,112345, Prof-school,15,Single, Prof-specialty, Not-in-family, White, Male,No gains,No losses,48,US,>50K
55, Private,194567, 5th-6th,3,Couple, Handlers-cleaners, Husband, Other, Male,No gains,No losses,50,Non-US,<=50K
47, Self-emp-not-inc,178990, Some-college,10,Single, Sales, Not-in-family, White, Female,Had gains,No losses,42,US,>50K
34, Private,231456, HS-grad,9,Couple, Adm-clerical, Wife, White, Female,No gains,No losses,35,US,<=50K
30, State-gov,156789, Bachelors,13,Single, Prof-specialty, Not-in-family, White, Male,No gains,No losses,40,US,<=50K
19, Private,267890, 12th,8,Single, Other-service, Own-child, Black, Male,No gains,No losses,25,US,<=50K
42, Private,145612, Assoc-voc,11,Couple, Craft-repair, Husband, White, Male,No gains,Had losses,45,US,>50K
38, Private,185230, HS-grad,9,Couple, Craft-repair, Husband, White, Male,No gains,No losses,45,US,>50K
28, Private,320450, Some-college,10,Single, Adm-clerical, Not-in-family, White, Female,No gains,No losses,38,US,<=50K
35, Private,95000, Bachelors,13,Single, Exec-managerial, Not-in-family, White, Male,Had gains,No losses,55,US,>50K
50, Local-gov,275100, Assoc-voc,11,Couple, Tech-support, Husband, White, Male,No gains,No losses,40,US,>50K
22, Private,150670, 11th,7,Single, Other-service, Own-child, Black, Female,No gains,No losses,20,US,<=50K
55, State-gov,210000, HS-grad,9,Couple, Transport-moving, Husband, White, Male,No gains,Had losses,40,US,<=50K
42, Self-emp-not-inc,185000, Some-college,10,Couple, Sales, Wife, White, Female,No gains,No losses,30,US,<=50K
45, Private,45000, Doctorate,16,Couple, Prof-specialty, Husband, White, Male,Had gains,No losses,60,US,>50K
33, Private,290500, HS-grad,9,Single, Handlers-cleaners, Not-in-family, Black, Male,No gains,No losses,40,US,<=50K
29, Private,120800, Bachelors,13,Single, Prof-specialty, Unmarried, Asian-Pac-Islander, Female,No gains,No losses,40,Non-US,<=50K
48, Self-emp-inc,175000, Some-college,10,Couple, Exec-managerial, Husband, White, Male,Had gains,No losses,50,US,>50K
46, Private,330000, 10th,6,Couple, Machine-op-inspct, Husband, Amer-Indian-Eskimo, Male,No gains,No losses,48,US,<=50K
36, Private,140250, Assoc-acdm,12,Single, Adm-clerical, Not-in-family, White, Female,No gains,No losses,35,US,<=50K
52, Federal-gov,192000, HS-grad,9,Couple, Craft-repair, Husband, White, Male,No gains,No losses,40,US,>50K
40, Private,88000, Prof-school,15,Couple, Prof-specialty, Wife, White, Female,Had gains,No losses,45,US,>50K
25, Private,240000, Some-college,10,Single, Other-service, Not-in-family, Black, Female,No gains,No losses,25,US,<=50K
54, Private,165000, 5th-6th,3,Couple, Handlers-cleaners, Husband, Other, Male,No gains,No losses,40,Non-US,<=50K
34, State-gov,105000, Bachelors,13,Single, Prof-specialty, Not-in-family, White, Male,No gains,No losses,44,US,>50K
60, Self-emp-not-inc,310000, HS-grad,9,Single, Sales, Not-in-family, White, Female,No gains,Had losses,20,US,<=50K
27, Private,115000, Bachelors,13,Single, Exec-managerial, Not-in-family, White, Male,No gains,No losses,50,US,<=50K
35, Private,185432, HS-grad,9,Single, Craft-repair, Not-in-family, White, Male,No gains,No losses,40,US,<=50K
28, Private,92017, Some-college,10,Single, Adm-clerical, Own-child, White, Female,No gains,No losses,35,US,<=50K
45, State-gov,302456, Bachelors,13,Couple, Exec-managerial, Husband, Black, Male,No gains,No losses,45,US,>50K
55, Private,67891, HS-grad,9,Couple, Transport-moving, Husband, White, Male,No gains,Had losses,50,US,>50K
33, Private,245110, Assoc-voc,11,Single, Tech-support, Not-in-family, White, Female,No gains,No losses,40,US,<=50K
38, Self-emp-not-inc,150003, Some-college,10,Couple, Sales, Husband, White, Male,Had gains,No losses,60,US,>50K
29, Private,410987, 10th,6,Single, Handlers-cleaners, Unmarried, Amer-Indian-Eskimo, Male,No gains,No losses,38,Non-US,<=50K
27, Private,125678, Bachelors,13,Single, Prof-specialty, Not-in-family, Asian-Pac-Islander, Female,No gains,No losses,40,Non-US,<=50K
41, Federal-gov,289034, HS-grad,9,Couple, Adm-clerical, Husband, Black, Male,No gains,No losses,35,US,<=50K
50, Self-emp-inc,78543, Some-college,10,Couple, Exec-managerial, Husband, White, Male,Had gains,No losses,55,US,>50K
36, Private,195432, Assoc-acdm,12,Couple, Prof-specialty, Wife, White, Female,No gains,No losses,20,US,<=50K
48, Private,334567, Prof-school,15,Couple, Prof-specialty, Husband, White, Male,Had gains,No losses,50,US,>50K
22, Private,112233, 11th,7,Single, Other-service, Own-child, White, Male,No gains,No losses,30,US,<=50K
42, Local-gov,267890, Bachelors,13,Single, Exec-managerial, Not-in-family, White, Female,No gains,Had losses,45,US,>50K
39, Private,45678, Doctorate,16,Couple, Prof-specialty, Husband, Black, Male,No gains,No losses,40,US,>50K
34, Private,178901, HS-grad,9,Single, Machine-op-inspct, Unmarried, White, Female,No gains,No losses,40,US,<=50K
47, Private,354321, Some-college,10,Couple, Machine-op-inspct, Husband, White, Male,No gains,No losses,42,US,<=50K
30, Self-emp-not-inc,98765, Bachelors,13,Single, Craft-repair, Not-in-family, White, Male,No gains,No losses,48,US,<=50K
37, Private,210987, Assoc-voc,11,Couple, Sales, Wife, White, Female,No gains,No losses,35,US,<=50K
52, Private,143256, 5th-6th,3,Couple, Handlers-cleaners, Husband, Other, Male,No gains,No losses,40,Non-US,<=50K
38, Private,285012, Bachelors,13,Couple, Exec-managerial, Husband, White, Male,No gains,No losses,45,US,>50K
28, Private,159843, HS-grad,9,Single, Adm-clerical, Not-in-family, Black, Female,No gains,No losses,38,US,<=50K
45, State-gov,324576, Some-college,10,Couple, Prof-specialty, Husband, White, Male,Had gains,No losses,50,US,>50K
22, Private,94562, 11th,7,Single, Handlers-cleaners, Own-child, White, Male,No gains,No losses,40,US,<=50K
34, Private,208741, Assoc-acdm,12,Couple, Tech-support, Wife, Asian-Pac-Islander, Female,No gains,No losses,40,US,>50K
50, Private,178345, HS-grad,9,Couple, Craft-repair, Husband, White, Male,No gains,Had losses,40,US,<=50K
55, Self-emp-not-inc,421987, Doctorate,16,Couple, Prof-specialty, Husband, White, Male,Had gains,No losses,60,US,>50K
29, Private,112563, Some-college,10,Single, Other-service, Not-in-family, Black, Female,No gains,No losses,35,US,<=50K
42, Federal-gov,296784, Bachelors,13,Couple, Exec-managerial, Husband, White, Male,No gains,No losses,45,US,>50K
19, Private,65421, 10th,6,Single, Handlers-cleaners, Own-child, White, Male,No gains,No losses,25,US,<=50K
36, Private,189234, Assoc-voc,11,Couple, Machine-op-inspct, Husband, White, Male,No gains,No losses,48,US,>50K
40, Local-gov,234567, HS-grad,9,Single, Adm-clerical, Not-in-family, Amer-Indian-Eskimo, Female,No gains,No losses,40,US,<=50K
48, Self-emp-inc,378901, Some-college,10,Couple, Sales, Husband, White, Male,Had gains,No losses,55,US,>50K
37, Private,87324, 5th-6th,3,Couple, Transport-moving, Husband, Other, Male,No gains,No losses,40,Non-US,<=50K
37, Private,256789, Prof-school,15,Single, Prof-specialty, Not-in-family, White, Female,No gains,No losses,50,US,>50K
55, Private,145632, HS-grad,9,Couple, Sales, Wife, White, Female,No gains,No losses,32,US,<=50K
33, State-gov,310987, Bachelors,13,Single, Prof-specialty, Not-in-family, Black, Male,No gains,No losses,40,US,<=50K
26, Private,198765, Some-college,10,Single, Transport-moving, Not-in-family, White, Male,No gains,No losses,42,US,<=50K
46, Self-emp-not-inc,401234, Masters,14,Couple, Exec-managerial, Wife, White, Female,Had gains,No losses,50,US,>50K
60, Private,132456, HS-grad,9,Couple, Craft-repair, Husband, White, Male,No gains,Had losses,40,US,<=50K
45, Private,210534, HS-grad,9,Couple, Craft-repair, Husband, White, Male,No gains,No losses,40,US,<=50K
28, Private,145678, Bachelors,13,Single, Prof-specialty, Not-in-family, White, Female,No gains,No losses,45,US,<=50K
36, State-gov,321005, Some-college,10,Couple, Adm-clerical, Husband, Black, Male,No gains,No losses,38,US,<=50K
22, Private,89012, 11th,7,Single, Handlers-cleaners, Own-child, White, Male,No gains,No losses,30,US,<=50K
55, Private,267890, HS-grad,9,Single, Other-service, Unmarried, White, Female,No gains,No losses,25,US,<=50K
33, Private,112233, Assoc-voc,11,Couple, Tech-support, Husband, Asian-Pac-Islander, Male,Had gains,No losses,50,US,>50K
48, Self-emp-inc,178945, Bachelors,13,Couple, Exec-managerial, Husband, White, Male,Had gains,No losses,60,US,>50K
39, Private,95200, Some-college,10,Single, Sales, Not-in-family, White, Female,No gains,Had losses,42,US,<=50K
52, Private,402345, Doctorate,16,Couple, Prof-specialty, Husband, White, Male,No gains,No losses,45,US,>50K
29, Federal-gov,156789, HS-grad,9,Single, Adm-clerical, Not-in-family, Black, Female,No gains,No losses,40,US,<=50K
37, Private,234567, Assoc-acdm,12,Couple, Prof-specialty, Wife, White, Female,No gains,No losses,35,US,<=50K
27, Private,78456, 10th,6,Single, Machine-op-inspct, Own-child, Amer-Indian-Eskimo, Male,No gains,No losses,40,US,<=50K
34, Private,189012, Bachelors,13,Couple, Exec-managerial, Husband, White, Male,No gains,No losses,55,US,>50K
46, Self-emp-not-inc,310456, Prof-school,15,Couple, Prof-specialty, Husband, White, Male,Had gains,No losses,48,US,>50K
41, Local-gov,134567, Some-college,10,Single, Transport-moving, Not-in-family, White, Male,No gains,No losses,40,US,<=50K
53, Private,98765, HS-grad,9,Single, Other-service, Unmarried, Black, Female,No gains,Had losses,20,US,<=50K
38, Private,275001, Masters,14,Couple, Prof-specialty, Wife, White, Female,No gains,No losses,40,US,>50K
62, Private,119233, 5th-6th,3,Couple, Craft-repair, Husband, Other, Male,No gains,No losses,38,Non-US,<=50K
30, Self-emp-not-inc,203456, Some-college,10,Single, Sales, Not-in-family, White, Male,No gains,No losses,50,US,<=50K
44, Private,143289, Bachelors,13,Couple, Exec-managerial, Husband, White, Male,Had gains,No losses,65,US,>50K
38, Private,284567, HS-grad,9,Couple, Craft-repair, Husband, White, Male,No gains,No losses,45,US,>50K
28, Private,156789, Some-college,10,Single, Adm-clerical, Not-in-family, White, Female,No gains,No losses,40,US,<=50K
52, Self-emp-inc,412358, Bachelors,13,Couple, Exec-managerial, Husband, White, Male,Had gains,No losses,60,US,>50K
22, Private,98765, 10th,10,Single, Handlers-cleaners, Own-child, Black, Male,No gains,No losses,35,US,<=50K
45, State-gov,223456, Assoc-voc,11,Couple, Tech-support, Wife, White, Female,No gains,No losses,40,US,>50K
55, Private,178234, HS-grad,9,Couple, Transport-moving, Husband, White, Male,No gains,Had losses,50,US,>50K
34, Private,302145, Some-college,10,Single, Prof-specialty, Not-in-family, Asian-Pac-Islander, Male,No gains,No losses,42,Non-US,<=50K
29, Federal-gov,120987, HS-grad,9,Single, Adm-clerical, Unmarried, Black, Female,No gains,No losses,40,US,<=50K
48, Private,345678, Doctorate,16,Couple, Prof-specialty, Husband, White, Male,Had gains,No losses,48,US,>50K
25, Private,198765, Some-college,10,Single, Other-service, Not-in-family, White, Female,No gains,No losses,30,US,<=50K
41, Self-emp-not-inc,267890, Bachelors,13,Couple, Sales, Husband, White, Male,No gains,No losses,55,US,>50K
33, Private,145678, 11th,7,Single, Machine-op-inspct, Not-in-family, Amer-Indian-Eskimo, Male,No gains,No losses,40,US,<=50K
39, Local-gov,389012, Assoc-acdm,12,Couple, Prof-specialty, Wife, White, Female,No gains,No losses,35,US,>50K
19, Private,112233, HS-grad,9,Single, Handlers-cleaners, Own-child, White, Male,No gains,No losses,20,US,<=50K
46, Private,275432, Prof-school,15,Couple, Exec-managerial, Husband, White, Male,Had gains,No losses,50,US,>50K
36, State-gov,165432, Some-college,10,Single, Other-service, Unmarried, Black, Female,No gains,No losses,38,US,<=50K
50, Private,310987, HS-grad,9,Couple, Machine-op-inspct, Husband, White, Male,No gains,Had losses,40,US,<=50K
30, Private,254321, Bachelors,13,Single, Sales, Not-in-family, White, Female,No gains,No losses,45,US,<=50K
58, Private,187654, 5th-6th,3,Couple, Transport-moving, Husband, Other, Male,No gains,No losses,40,Non-US,<=50K
44, Self-emp-inc,321098, Bachelors,13,Couple, Prof-specialty, Husband, White, Male,Had gains,No losses,55,US,>50K
28, Private,152834, HS-grad,9,Single, Craft-repair, Not-in-family, White, Male,No gains,No losses,40,US,<=50K
36, Private,331025, Bachelors,13,Couple, Prof-specialty, Wife, White, Female,No gains,No losses,45,US,>50K
22, Private,287654, Some-college,10,Single, Other-service, Own-child, Black, Male,No gains,No losses,25,US,<=50K
44, State-gov,98412, Assoc-acdm,12,Single, Adm-clerical, Not-in-family, White, Female,No gains,No losses,38,US,<=50K
55, Private,401122, HS-grad,9,Couple, Transport-moving, Husband, White, Male,No gains,Had losses,50,US,>50K
39, Private,115678, Prof-school,15,Couple, Exec-managerial, Husband, Asian-Pac-Islander, Male,Had gains,No losses,55,US,>50K
33, Private,205493, 10th,6,Couple, Machine-op-inspct, Husband, White, Male,No gains,No losses,40,US,<=50K
50, Self-emp-not-inc,267890, Bachelors,13,Single, Prof-specialty, Not-in-family, White, Female,No gains,No losses,30,US,<=50K
29, Federal-gov,78901, Some-college,10,Single, Tech-support, Not-in-family, Black, Male,No gains,No losses,40,US,<=50K
47, Local-gov,310456, Assoc-voc,11,Couple, Craft-repair, Husband, White, Male,No gains,No losses,40,US,>50K
19, Private,142309, 11th,7,Single, Other-service, Own-child, White, Female,No gains,No losses,20,US,<=50K
52, Self-emp-inc,198765, HS-grad,9,Couple, Sales, Husband, White, Male,Had gains,No losses,60,US,>50K
26, Private,250111, Some-college,10,Single, Handlers-cleaners, Not-in-family, White, Male,No gains,No losses,35,US,<=50K
38, Private,178934, Doctorate,16,Couple, Prof-specialty, Wife, White, Female,No gains,No losses,45,US,>50K
58, Private,345678, 5th-6th,3,Couple, Machine-op-inspct, Husband, Amer-Indian-Eskimo, Male,No gains,No losses,40,Non-US,<=50K
34, Private,88999, Bachelors,13,Single, Exec-managerial, Not-in-family, White, Male,Had gains,No losses,50,US,>50K
43, Private,223456, HS-grad,9,Single, Adm-clerical, Unmarried, Black, Female,No gains,No losses,40,US,<=50K
41, Private,156789, Assoc-voc,11,Couple, Tech-support, Husband, White, Male,No gains,Had losses,40,US,>50K
49, Private,278901, Some-college,10,Couple, Sales, Wife, White, Female,No gains,No losses,35,US,<=50K
46, Self-emp-inc,107654, Prof-school,15,Couple, Exec-managerial, Husband, White, Male,Had gains,No losses,55,US,>50K
28, Private,185432, Bachelors,13,Single, Prof-specialty, Not-in-family, White, Male,No gains,No losses,45,US,>50K
35, Private,310279, Some-college,10,Couple, Adm-clerical, Wife, White, Female,No gains,No losses,38,US,<=50K
44, Private,245001, HS-grad,9,Couple, Craft-repair, Husband, Black, Male,No gains,Had losses,40,US,>50K
22, Private,152369, 11th,7,Single, Handlers-cleaners, Own-child, White, Male,No gains,No losses,40,US,<=50K
52, Self-emp-inc,278543, Bachelors,13,Couple, Exec-managerial, Husband, White, Male,Had gains,No losses,60,US,>50K
39, State-gov,198765, Assoc-voc,11,Single, Tech-support, Not-in-family, White, Female,No gains,No losses,40,US,>50K
33, Private,223456, Some-college,10,Single, Sales, Not-in-family, Amer-Indian-Eskimo, Male,No gains,No losses,50,US,<=50K
47, Local-gov,345678, HS-grad,9,Couple, Adm-clerical, Wife, White, Female,No gains,No losses,35,US,<=50K
38, Private,167894, Doctorate,16,Couple, Prof-specialty, Husband, White, Male,No gains,No losses,45,US,>50K
26, Private,295123, 10th,6,Single, Machine-op-inspct, Unmarried, White, Male,No gains,No losses,40,US,<=50K
29, Private,134578, Assoc-acdm,12,Single, Exec-managerial, Not-in-family, Black, Female,No gains,No losses,40,US,<=50K
55, State-gov,256789, Bachelors,13,Couple, Prof-specialty, Husband, White, Male,Had gains,No losses,50,US,>50K
46, Self-emp-not-inc,187654, HS-grad,9,Couple, Craft-repair, Husband, White, Male,No gains,No losses,48,US,>50K
24, Private,301245, Some-college,10,Single, Other-service, Own-child, White, Female,No gains,No losses,30,US,<=50K
42, Private,213478, Prof-school,15,Couple, Prof-specialty, Husband, Asian-Pac-Islander, Male,No gains,No losses,55,US,>50K
40, Private,175234, 5th-6th,3,Couple, Machine-op-inspct, Husband, Other, Male,No gains,No losses,40,Non-US,<=50K
36, Federal-gov,289012, HS-grad,9,Single, Adm-clerical, Not-in-family, White, Female,No gains,No losses,40,US,<=50K
34, Private,142567, Bachelors,13,Single, Exec-managerial, Not-in-family, White, Male,Had gains,No losses,50,US,>50K
49, Private,267891, Some-college,10,Couple, Transport-moving, Husband, Black, Male,No gains,Had losses,40,US,>50K
21, Private,198234, 12th,8,Single, Other-service, Own-child, White, Female,No gains,No losses,20,US,<=50K
38, Private,295812, HS-grad,9,Couple, Craft-repair, Husband, White, Male,No gains,No losses,40,US,>50K
29, Private,110354, Bachelors,13,Single, Prof-specialty, Not-in-family, White, Female,No gains,No losses,45,US,<=50K
55, State-gov,425678, Some-college,10,Couple, Adm-clerical, Husband, Black, Male,No gains,No losses,38,US,<=50K
47, Private,78092, Assoc-acdm,12,Couple, Tech-support, Husband, White, Male,Had gains,No losses,50,US,>50K
22, Private,183549, 11th,7,Single, Handlers-cleaners, Own-child, White, Female,No gains,No losses,35,US,<=50K
52, Self-emp-inc,201450, Prof-school,15,Couple, Exec-managerial, Husband, White, Male,Had gains,No losses,60,US,>50K
33, Private,321100, 10th,6,Single, Machine-op-inspct, Not-in-family, Other, Male,No gains,No losses,40,Non-US,<=50K
46, Private,145280, HS-grad,9,Single, Other-service, Unmarried, Black, Female,No gains,Had losses,30,US,<=50K
36, Private,93215, Doctorate,16,Single, Prof-specialty, Not-in-family, White, Male,No gains,No losses,45,US,>50K
58, Local-gov,267340, Some-college,10,Couple, Adm-clerical, Wife, White, Female,No gains,No losses,40,US,<=50K
40, Self-emp-not-inc,158740, Bachelors,13,Couple, Sales, Husband, White, Male,No gains,No losses,48,US,>50K
27, Private,382900, HS-grad,9,Single, Transport-moving, Not-in-family, White, Male,No gains,No losses,40,US,<=50K
42, Private,55123, Assoc-voc,11,Couple, Exec-managerial, Husband, Asian-Pac-Islander, Male,Had gains,No losses,55,US,>50K
35, Private,210400, 5th-6th,3,Single, Other-service, Unmarried, Amer-Indian-Eskimo, Female,No gains,No losses,25,US,<=50K
49, Federal-gov,135600, Some-college,10,Single, Tech-support, Not-in-family, Black, Male,No gains,No losses,40,US,>50K
19, Private,490020, 12th,8,Single, Handlers-cleaners, Own-child, White, Male,No gains,No losses,20,US,<=50K
34, Private,175300, Bachelors,13,Couple, Prof-specialty, Wife, White, Female,No gains,No losses,38,US,<=50K
62, Self-emp-not-inc,99010, Prof-school,15,Couple, Exec-managerial, Husband, White, Male,Had gains,Had losses,50,US,>50K
24, Private,287500, Some-college,10,Single, Sales, Own-child, White, Female,No gains,No losses,32,US,<=50K
39, Private,122150, Assoc-voc,11,Single, Craft-repair, Not-in-family, White, Male,No gains,No losses,42,US,<=50K
36, Private,225301, HS-grad,9,Couple, Craft-repair, Husband, White, Male,No gains,No losses,40,US,<=50K
28, State-gov,183456, Some-college,10,Single, Adm-clerical, Not-in-family, White, Female,No gains,No losses,35,US,<=50K
45, Private,310080, Bachelors,13,Couple, Exec-managerial, Husband, Black, Male,No gains,No losses,50,US,>50K
22, Private,90234, 11th,7,Single, Handlers-cleaners, Own-child, White, Male,No gains,No losses,40,US,<=50K
50, Self-emp-not-inc,275600, HS-grad,9,Couple, Sales, Wife, White, Female,No gains,No losses,30,US,<=50K
34, Private,410532, Bachelors,13,Couple, Prof-specialty, Husband, Asian-Pac-Islander, Male,Had gains,No losses,45,US,>50K
39, Local-gov,125677, Assoc-voc,11,Single, Tech-support, Not-in-family, White, Male,No gains,No losses,40,US,>50K
29, Private,198743, Some-college,10,Single, Other-service, Unmarried, White, Female,No gains,No losses,25,US,<=50K
52, Self-emp-inc,347812, Prof-school,15,Couple, Prof-specialty, Husband, White, Male,Had gains,No losses,60,US,>50K
33, Private,158234, HS-grad,9,Single, Adm-clerical, Not-in-family, Black, Female,No gains,No losses,40,US,<=50K
47, Private,229011, Some-college,10,Couple, Machine-op-inspct, Husband, White, Male,No gains,Had losses,40,US,<=50K
38, State-gov,145879, Bachelors,13,Couple, Prof-specialty, Wife, White, Female,No gains,No losses,38,US,>50K
27, Private,365420, 10th,6,Single, Craft-repair, Not-in-family, Amer-Indian-Eskimo, Male,No gains,No losses,50,US,<=50K
42, Private,287654, Assoc-acdm,12,Couple, Sales, Husband, White, Male,No gains,No losses,45,US,>50K
20, Private,107892, HS-grad,9,Single, Other-service, Own-child, White, Female,No gains,No losses,20,US,<=50K
48, Private,330176, Doctorate,16,Couple, Prof-specialty, Husband, White, Male,Had gains,No losses,55,US,>50K
31, Federal-gov,210543, Some-college,10,Single, Adm-clerical, Not-in-family, Black, Male,No gains,No losses,40,US,<=50K
35, Self-emp-not-inc,95000, Bachelors,13,Single, Exec-managerial, Not-in-family, White, Female,No gains,No losses,50,US,>50K
55, Private,178912, HS-grad,9,Couple, Transport-moving, Husband, White, Male,No gains,Had losses,40,US,<=50K
29, Private,401234, Bachelors,13,Single, Exec-managerial, Not-in-family, White, Male,No gains,No losses,50,US,>50K
38, Private,245100, HS-grad,9,Couple, Craft-repair, Husband, White, Male,No gains,No losses,40,US,<=50K
29, Private,180250, Bachelors,13,Single, Prof-specialty, Not-in-family, White, Female,No gains,No losses,45,US,>50K
45, Private,95000, Some-college,10,Couple, Transport-moving, Husband, Black, Male,No gains,No losses,50,US,<=50K
33, State-gov,320000, Assoc-acdm,12,Single, Adm-clerical, Not-in-family, White, Female,No gains,No losses,38,US,<=50K
55, Private,210500, HS-grad,9,Couple, Exec-managerial, Husband, White, Male,Had gains,No losses,60,US,>50K
27, Private,150000, Some-college,10,Single, Tech-support, Not-in-family, Asian-Pac-Islander, Male,No gains,No losses,40,US,<=50K
52, Self-emp-inc,280000, Bachelors,13,Couple, Exec-managerial, Husband, White, Male,Had gains,No losses,55,US,>50K
24, Private,75000, 11th,7,Single, Other-service, Own-child, White, Female,No gains,No losses,25,US,<=50K
44, Private,195000, Prof-school,15,Couple, Prof-specialty, Husband, White, Male,No gains,No losses,50,US,>50K
36, Private,300000, HS-grad,9,Single, Machine-op-inspct, Unmarried, Black, Male,No gains,No losses,40,US,<=50K
48, State-gov,50000, Doctorate,16,Single, Prof-specialty, Not-in-family, White, Female,Had gains,No losses,40,US,>50K
60, Local-gov,220000, Some-college,10,Couple, Craft-repair, Husband, White, Male,No gains,Had losses,42,US,<=50K
35, Private,165000, Bachelors,13,Couple, Sales, Wife, White, Female,No gains,No losses,35,US,>50K
41, Private,110000, Assoc-voc,11,Single, Handlers-cleaners, Not-in-family, White, Male,No gains,No losses,48,US,<=50K
30, Private,400000, 10th,6,Couple, Farming-fishing, Husband, Amer-Indian-Eskimo, Male,No gains,No losses,40,Non-US,<=50K
49, Federal-gov,275000, HS-grad,9,Single, Adm-clerical, Unmarried, White, Female,No gains,No losses,40,US,<=50K
22, Private,85000, Some-college,10,Single, Other-service, Own-child, White, Male,No gains,No losses,20,US,<=50K
39, Private,310000, Bachelors,13,Couple, Exec-managerial, Husband, White, Male,No gains,No losses,45,US,>50K
58, Private,130000, 5th-6th,3,Couple, Craft-repair, Husband, Other, Male,No gains,No losses,50,Non-US,<=50K
28, Private,230000, Some-college,10,Single, Sales, Not-in-family, White, Female,No gains,No losses,30,US,<=50K
46, Private,125874, HS-grad,9,Couple, Craft-repair, Husband, White, Male,No gains,No losses,40,US,>50K
28, Private,63489, Some-college,10,Single, Adm-clerical, Not-in-family, White, Female,No gains,No losses,38,US,<=50K
35, Private,289345, Bachelors,13,Single, Exec-managerial, Not-in-family, Black, Male,Had gains,No losses,50,US,>50K
39, Private,41230, Assoc-voc,11,Couple, Tech-support, Wife, White, Female,No gains,No losses,40,US,<=50K
23, Private,176522, 11th,7,Single, Handlers-cleaners, Own-child, White, Male,No gains,No losses,35,US,<=50K
52, Self-emp-not-inc,310874, Some-college,10,Couple, Sales, Husband, White, Male,No gains,Had losses,45,US,>50K
33, State-gov,98754, HS-grad,9,Single, Other-service, Unmarried, White, Female,No gains,No losses,30,US,<=50K
29, Private,142657, Bachelors,13,Single, Prof-specialty, Not-in-family, Asian-Pac-Islander, Male,No gains,No losses,40,Non-US,<=50K
55, Private,205432, HS-grad,9,Couple, Machine-op-inspct, Husband, White, Male,No gains,No losses,40,US,<=50K
41, Private,78123, Prof-school,15,Couple, Prof-specialty, Wife, White, Female,Had gains,No losses,45,US,>50K
19, Private,310015, 10th,6,Single, Other-service, Own-child, White, Male,No gains,No losses,20,US,<=50K
47, Local-gov,113987, Assoc-acdm,12,Couple, Transport-moving, Husband, Black, Male,No gains,No losses,50,US,<=50K
38, Private,54321, Some-college,10,Couple, Exec-managerial, Husband, White, Male,No gains,No losses,60,US,>50K
25, Private,198765, HS-grad,9,Single, Adm-clerical, Not-in-family, White, Female,No gains,No losses,40,US,<=50K
50, Private,256341, Doctorate,16,Couple, Prof-specialty, Husband, White, Male,Had gains,No losses,40,US,>50K
44, Private,75984, 5th-6th,3,Couple, Handlers-cleaners, Husband, Amer-Indian-Eskimo, Male,No gains,No losses,40,Non-US,<=50K
36, Federal-gov,123456, Some-college,10,Single, Adm-clerical, Not-in-family, White, Female,No gains,No losses,35,US,<=50K
42, Self-emp-inc,289012, Bachelors,13,Couple, Exec-managerial, Husband, White, Male,Had gains,No losses,55,US,>50K
30, Private,165432, HS-grad,9,Single, Transport-moving, Not-in-family, Black, Male,No gains,No losses,42,US,<=50K
34, Private,87456, Prof-school,15,Single, Prof-specialty, Not-in-family, White, Female,No gains,No losses,48,US,>50K
28, Private,245000, Bachelors,13,Single, Prof-specialty, Not-in-family, White, Male,No gains,No losses,45,US,>50K
35, Private,110200, HS-grad,9,Couple, Adm-clerical, Wife, Black, Female,No gains,No losses,38,US,<=50K
50, Private,305680, Some-college,10,Couple, Exec-managerial, Husband, White, Male,Had gains,No losses,60,US,>50K
22, Private,85000, 11th,7,Single, Handlers-cleaners, Own-child, Amer-Indian-Eskimo, Male,No gains,No losses,40,US,<=50K
42, State-gov,175000, Assoc-voc,11,Single, Tech-support, Not-in-family, White, Female,No gains,No losses,40,US,<=50K
55, Self-emp-not-inc,220650, HS-grad,9,Couple, Craft-repair, Husband, White, Male,No gains,Had losses,50,US,>50K
27, Private,98000, Some-college,10,Single, Other-service, Unmarried, Black, Female,No gains,No losses,30,US,<=50K
38, Private,132400, Doctorate,16,Couple, Prof-specialty, Husband, Asian-Pac-Islander, Male,No gains,No losses,48,US,>50K
46, Federal-gov,290100, HS-grad,9,Couple, Machine-op-inspct, Husband, White, Male,No gains,No losses,40,US,<=50K
33, Private,67500, Assoc-acdm,12,Single, Sales, Not-in-family, White, Female,No gains,No losses,35,US,<=50K
39, Self-emp-inc,155300, Some-college,10,Couple, Exec-managerial, Husband, White, Male,Had gains,No losses,55,US,>50K
19, Private,42000, 10th,6,Single, Other-service, Own-child, Other, Male,No gains,No losses,20,Non-US,<=50K
44, Local-gov,185500, Bachelors,13,Couple, Prof-specialty, Wife, White, Female,No gains,No losses,40,US,>50K
29, Private,92000, HS-grad,9,Single, Transport-moving, Not-in-family, Black, Male,No gains,No losses,45,US,<=50K
48, Private,210000, Prof-school,15,Couple, Exec-managerial, Husband, White, Male,Had gains,No losses,50,US,>50K
23, Private,78000, Some-college,10,Single, Adm-clerical, Own-child, Amer-Indian-Eskimo, Female,No gains,No losses,40,US,<=50K
37, State-gov,168900, HS-grad,9,Single, Craft-repair, Not-in-family, White, Male,No gains,No losses,42,US,<=50K
52, Private,130000, Bachelors,13,Couple, Sales, Wife, White, Female,No gains,No losses,35,US,>50K
60, Private,315000, 5th-6th,3,Couple, Machine-op-inspct, Husband, Black, Male,No gains,No losses,40,Non-US,<=50K
34, Private,195400, Assoc-voc,11,Couple, Tech-support, Husband, White, Male,No gains,No losses,40,US,<=50K
38, Private,283045, HS-grad,9,Couple, Craft-repair, Husband, White, Male,No gains,No losses,40,US,<=50K
29, Private,155789, Bachelors,13,Single, Prof-specialty, Not-in-family, White, Female,No gains,No losses,45,US,>50K
46, Private,212345, Some-college,10,Single, Transport-moving, Not-in-family, Black, Male,No gains,Had losses,50,US,<=50K
34, State-gov,98765, Assoc-acdm,12,Couple, Adm-clerical, Wife, White, Female,No gains,No losses,38,US,<=50K
22, Private,310890, HS-grad,9,Single, Handlers-cleaners, Own-child, White, Male,No gains,No losses,35,US,<=50K
52, Self-emp-inc,168432, Prof-school,15,Couple, Prof-specialty, Husband, White, Male,Had gains,No losses,60,US,>50K
28, Private,135689, 11th,7,Single, Machine-op-inspct, Unmarried, Other, Male,No gains,No losses,42,Non-US,<=50K
41, Private,275431, Bachelors,13,Couple, Exec-managerial, Wife, White, Female,No gains,No losses,45,US,>50K
37, Local-gov,189012, Some-college,10,Couple, Tech-support, Husband, White, Male,No gains,No losses,40,US,<=50K
33, Private,421567, 10th,6,Single, Other-service, Not-in-family, Black, Female,No gains,No losses,30,US,<=50K
45, Private,112233, Doctorate,16,Couple, Prof-specialty, Husband, Asian-Pac-Islander, Male,Had gains,Had losses,50,US,>50K
55, Federal-gov,201234, HS-grad,9,Couple, Exec-managerial, Husband, White, Male,No gains,No losses,40,US,>50K
26, Private,145678, Assoc-voc,11,Single, Handlers-cleaners, Own-child, White, Female,No gains,No losses,40,US,<=50K
36, Self-emp-not-inc,258901, Bachelors,13,Single, Sales, Not-in-family, White, Male,No gains,No losses,45,US,<=50K
49, Private,175432, Some-college,10,Couple, Craft-repair, Husband, White, Male,No gains,No losses,48,US,>50K
35, Private,389012, 5th-6th,3,Couple, Other-service, Wife, Amer-Indian-Eskimo, Female,No gains,No losses,20,Non-US,<=50K
43, State-gov,198765, HS-grad,9,Single, Adm-clerical, Not-in-family, Black, Male,No gains,No losses,40,US,<=50K
27, Private,302145, Some-college,10,Single, Machine-op-inspct, Unmarried, White, Male,No gains,No losses,50,US,<=50K
39, Private,87654, Assoc-acdm,12,Couple, Prof-specialty, Wife, White, Female,Had gains,No losses,35,US,>50K
60, Private,250000, HS-grad,9,Couple, Exec-managerial, Husband, White, Male,No gains,Had losses,55,US,>50K
35, Private,231045, HS-grad,9,Couple, Craft-repair, Husband, White, Male,No gains,No losses,40,US,<=50K
29, Private,152340, Bachelors,13,Single, Exec-managerial, Not-in-family, White, Female,No gains,No losses,45,US,>50K
38, Private,98002, Some-college,10,Couple, Tech-support, Husband, Asian-Pac-Islander, Male,No gains,No losses,40,US,>50K
28, Private,310876, 11th,7,Single, Transport-moving, Not-in-family, Black, Male,No gains,No losses,45,US,<=50K
42, State-gov,175694, Assoc-acdm,12,Couple, Adm-clerical, Wife, White, Female,No gains,No losses,38,US,<=50K
50, Self-emp-inc,256891, Prof-school,15,Couple, Prof-specialty, Husband, White, Male,Had gains,No losses,55,US,>50K
45, Private,124578, HS-grad,9,Single, Sales, Not-in-family, White, Female,No gains,No losses,35,US,<=50K
52, Private,402315, Doctorate,16,Couple, Prof-specialty, Husband, White, Male,No gains,Had losses,50,US,>50K
33, Private,189034, Some-college,10,Single, Machine-op-inspct, Not-in-family, Amer-Indian-Eskimo, Male,No gains,No losses,40,US,<=50K
36, Private,115600, Bachelors,13,Single, Exec-managerial, Not-in-family, Black, Female,Had gains,No losses,50,US,>50K
55, Private,278934, 10th,6,Couple, Handlers-cleaners, Husband, White, Male,No gains,No losses,40,US,<=50K
30, State-gov,145723, Assoc-voc,11,Single, Other-service, Not-in-family, White, Male,No gains,No losses,42,US,<=50K
47, Private,198567, 5th-6th,3,Couple, Craft-repair, Husband, Other, Male,No gains,No losses,45,Non-US,<=50K
24, Private,221349, HS-grad,9,Single, Adm-clerical, Own-child, White, Female,No gains,No losses,30,US,<=50K
39, Self-emp-not-inc,167890, Bachelors,13,Couple, Prof-specialty, Husband, White, Male,No gains,No losses,25,US,<=50K
48, Private,312567, Some-college,10,Couple, Sales, Husband, White, Male,No gains,Had losses,60,US,>50K
34, Private,138902, Prof-school,15,Single, Prof-specialty, Not-in-family, Asian-Pac-Islander, Female,Had gains,No losses,48,US,>50K
40, Private,204781, HS-grad,9,Single, Other-service, Unmarried, Black, Female,No gains,No losses,35,US,<=50K
55, State-gov,289123, Some-college,10,Couple, Adm-clerical, Husband, White, Male,No gains,No losses,40,US,<=50K
46, Self-emp-not-inc,97845, Assoc-voc,11,Couple, Craft-repair, Husband, White, Male,No gains,No losses,50,US,>50K
38, Private,285000, Some-college,10,Couple, Craft-repair, Husband, White, Male,No gains,No losses,45,US,>50K
22, Private,95000, HS-grad,9,Single, Adm-clerical, Own-child, Black, Female,No gains,No losses,40,US,<=50K
55, Self-emp-not-inc,220000, Bachelors,13,Couple, Prof-specialty, Husband, White, Male,Had gains,No losses,50,US,>50K
28, Private,150000, 11th,7,Single, Handlers-cleaners, Not-in-family, Amer-Indian-Eskimo, Male,No gains,No losses,38,Non-US,<=50K
46, State-gov,310000, HS-grad,9,Couple, Exec-managerial, Husband, White, Male,No gains,No losses,40,US,>50K
33, Private,120000, Assoc-voc,11,Single, Tech-support, Not-in-family, White, Female,No gains,Had losses,42,US,<=50K
29, Private,190000, Some-college,10,Single, Sales, Unmarried, White, Male,No gains,No losses,35,US,<=50K
52, Private,400000, 5th-6th,5,Couple, Machine-op-inspct, Husband, Asian-Pac-Islander, Male,No gains,No losses,48,Non-US,<=50K
40, Private,80000, Prof-school,15,Single, Prof-specialty, Not-in-family, White, Female,No gains,No losses,60,US,>50K
35, Private,175000, HS-grad,9,Couple, Transport-moving, Husband, Black, Male,No gains,No losses,55,US,>50K
19, Private,65000, 10th,6,Single, Other-service, Own-child, White, Female,No gains,No losses,20,US,<=50K
48, Self-emp-inc,260000, Assoc-acdm,12,Couple, Exec-managerial, Husband, White, Male,Had gains,No losses,50,US,>50K
42, Local-gov,340000, Some-college,10,Single, Adm-clerical, Not-in-family, White, Female,No gains,No losses,40,US,<=50K
39, Federal-gov,140000, Bachelors,13,Couple, Prof-specialty, Husband, Amer-Indian-Eskimo, Male,No gains,No losses,45,US,>50K
27, Private,230000, HS-grad,9,Single, Sales, Unmarried, White, Female,No gains,No losses,30,US,<=50K
50, Self-emp-not-inc,50000, Doctorate,16,Couple, Prof-specialty, Husband, White, Male,Had gains,Had losses,55,US,>50K
24, Private,200000, Some-college,10,Single, Machine-op-inspct, Not-in-family, Black, Male,No gains,No losses,40,US,<=50K
58, Private,105000, HS-grad,9,Couple, Craft-repair, Husband, White, Male,No gains,No losses,40,US,>50K
30, Private,320000, 12th,8,Single, Other-service, Other-relative, Other, Female,No gains,No losses,35,Non-US,<=50K
36, Private,170000, Bachelors,13,Single, Exec-managerial, Not-in-family, White, Male,Had gains,No losses,48,US,>50K
36, Private,183452, HS-grad,9,Couple, Craft-repair, Husband, White, Male,No gains,No losses,40,US,<=50K
28, Private,295827, Some-college,10,Single, Adm-clerical, Not-in-family, White, Female,No gains,No losses,38,US,<=50K
45, State-gov,102348, Bachelors,13,Couple, Prof-specialty, Husband, White, Male,No gains,No losses,45,US,>50K
22, Private,415623, 11th,7,Single, Handlers-cleaners, Own-child, Black, Male,No gains,No losses,35,US,<=50K
33, Private,276591, Assoc-acdm,12,Single, Tech-support, Not-in-family, White, Male,No gains,No losses,40,US,<=50K
55, Private,185639, HS-grad,9,Couple, Sales, Wife, White, Female,No gains,No losses,30,US,<=50K
49, Self-emp-not-inc,347812, Some-college,10,Couple, Exec-managerial, Husband, White, Male,No gains,Had losses,50,US,>50K
38, Private,62134, Doctorate,16,Couple, Prof-specialty, Husband, Asian-Pac-Islander, Male,Had gains,No losses,50,US,>50K
29, Private,239874, 10th,6,Single, Transport-moving, Unmarried, White, Male,No gains,No losses,48,US,<=50K
27, Private,158749, Bachelors,13,Single, Exec-managerial, Not-in-family, White, Female,No gains,No losses,40,Non-US,<=50K
52, Local-gov,312056, HS-grad,9,Couple, Transport-moving, Husband, White, Male,No gains,No losses,40,US,>50K
42, Private,97451, Assoc-voc,11,Single, Adm-clerical, Not-in-family, Black, Female,No gains,No losses,35,US,<=50K
47, Self-emp-inc,228364, Some-college,10,Couple, Sales, Husband, White, Male,Had gains,No losses,60,US,>50K
39, Private,389501, 5th-6th,3,Couple, Machine-op-inspct, Husband, Amer-Indian-Eskimo, Male,No gains,No losses,40,Non-US,<=50K
34, Private,145632, Prof-school,15,Couple, Prof-specialty, Wife, White, Female,No gains,No losses,45,US,>50K
24, Private,198765, HS-grad,9,Single, Other-service, Own-child, White, Male,No gains,No losses,20,US,<=50K
46, Federal-gov,352189, Some-college,10,Single, Adm-clerical, Not-in-family, White, Male,No gains,No losses,40,US,<=50K
37, Self-emp-not-inc,82547, Bachelors,13,Couple, Exec-managerial, Husband, White, Male,Had gains,No losses,55,US,>50K
31, Private,401287, HS-grad,9,Single, Other-service, Unmarried, Black, Female,No gains,No losses,35,US,<=50K
41, Private,110254, Some-college,10,Couple, Machine-op-inspct, Husband, White, Male,No gains,Had losses,40,US,<=50K
36, Private,215493, Some-college,10,Single, Sales, Not-in-family, White, Male,No gains,No losses,45,US,<=50K
28, Private,183456, HS-grad,9,Single, Adm-clerical, Own-child, White, Female,No gains,No losses,40,US,<=50K
47, State-gov,302114, Bachelors,13,Couple, Prof-specialty, Husband, White, Male,No gains,No losses,40,US,>50K
22, Private,98562, 11th,7,Single, Handlers-cleaners, Unmarried, Black, Male,No gains,No losses,35,US,<=50K
55, Private,267839, HS-grad,9,Couple, Craft-repair, Husband, White, Male,No gains,Had losses,48,US,>50K
33, Private,145321, Assoc-voc,11,Single, Tech-support, Not-in-family, White, Female,No gains,No losses,38,US,<=50K
29, Private,124790, Bachelors,13,Single, Exec-managerial, Not-in-family, Asian-Pac-Islander, Male,Had gains,No losses,50,US,>50K
38, Self-emp-not-inc,278450, Some-college,10,Couple, Sales, Husband, White, Male,No gains,No losses,20,US,<=50K
46, Private,195623, HS-grad,9,Couple, Other-service, Wife, White, Female,No gains,No losses,30,US,<=50K
41, Private,310789, Doctorate,16,Couple, Prof-specialty, Husband, White, Male,Had gains,No losses,45,US,>50K
27, Private,115234, 10th,6,Single, Machine-op-inspct, Unmarried, Amer-Indian-Eskimo, Male,No gains,No losses,40,Non-US,<=50K
39, Local-gov,207645, Assoc-acdm,12,Single, Adm-clerical, Not-in-family, White, Female,No gains,No losses,35,US,<=50K
34, Private,165432, Some-college,10,Single, Handlers-cleaners, Not-in-family, Black, Female,No gains,No losses,40,US,<=50K
52, Federal-gov,345678, HS-grad,9,Couple, Transport-moving, Husband, White, Male,No gains,No losses,40,US,<=50K
49, Self-emp-inc,87921, Prof-school,15,Couple, Exec-managerial, Husband, White, Male,Had gains,No losses,60,US,>50K
42, Self-emp-not-inc,251234, Some-college,10,Couple, Prof-specialty, Wife, White, Female,No gains,No losses,15,US,<=50K
26, Private,139875, Bachelors,13,Single, Machine-op-inspct, Not-in-family, White, Male,No gains,No losses,40,US,<=50K
44, Private,289012, 5th-6th,3,Couple, Craft-repair, Husband, Other, Male,No gains,No losses,55,Non-US,<=50K
37, Private,176543, Assoc-voc,11,Couple, Craft-repair, Husband, White, Male,No gains,Had losses,42,US,>50K
30, Private,157810, Some-college,10,Single, Other-service, Own-child, White, Female,No gains,No losses,25,US,<=50K
35, Private,215432, HS-grad,9,Single, Craft-repair, Not-in-family, White, Male,No gains,No losses,40,US,<=50K
28, Private,98765, Some-college,10,Single, Adm-clerical, Unmarried, Black, Female,No gains,No losses,35,US,<=50K
45, Private,150000, Bachelors,13,Couple, Exec-managerial, Husband, White, Male,Had gains,No losses,50,US,>50K
55, Private,300000, 10th,6,Single, Transport-moving, Not-in-family, White, Male,No gains,No losses,45,US,<=50K
33, State-gov,85000, Assoc-voc,11,Couple, Tech-support, Wife, Amer-Indian-Eskimo, Female,No gains,No losses,38,US,<=50K
52, Self-emp-inc,275000, Prof-school,15,Couple, Prof-specialty, Husband, White, Male,Had gains,No losses,60,US,>50K
40, Private,125000, Some-college,10,Single, Sales, Not-in-family, White, Female,No gains,Had losses,32,US,<=50K
29, Private,450000, HS-grad,9,Single, Handlers-cleaners, Own-child, Black, Male,No gains,No losses,20,US,<=50K
27, Private,72000, Bachelors,13,Single, Prof-specialty, Not-in-family, Asian-Pac-Islander, Female,No gains,No losses,40,US,<=50K
38, Private,198000, Doctorate,16,Couple, Exec-managerial, Husband, White, Male,Had gains,No losses,55,US,>50K
48, Private,310000, 11th,7,Couple, Machine-op-inspct, Husband, White, Male,No gains,No losses,45,US,<=50K
50, Local-gov,165000, Some-college,10,Couple, Adm-clerical, Wife, White, Female,No gains,No losses,40,US,<=50K
22, Private,54000, Assoc-acdm,12,Single, Other-service, Own-child, Amer-Indian-Eskimo, Male,No gains,No losses,25,US,<=50K
39, Self-emp-not-inc,240000, Some-college,10,Single, Sales, Not-in-family, White, Male,No gains,No losses,50,US,<=50K
36, Private,95000, Bachelors,13,Couple, Prof-specialty, Wife, White, Female,No gains,Had losses,15,US,<=50K
62, Private,420000, HS-grad,9,Couple, Craft-repair, Husband, White, Male,No gains,No losses,40,US,>50K
47, Private,170000, 5th-6th,3,Single, Handlers-cleaners, Other-relative, Other, Male,No gains,No losses,50,Non-US,<=50K
31, Private,135000, Some-college,10,Single, Exec-managerial, Not-in-family, Black, Female,Had gains,No losses,48,US,>50K
19, Private,60000, 12th,8,Single, Other-service, Own-child, White, Female,No gains,No losses,30,US,<=50K
44, Private,290000, Assoc-acdm,12,Couple, Prof-specialty, Husband, White, Male,No gains,No losses,42,US,>50K
38, Private,289012, HS-grad,9,Couple, Craft-repair, Husband, White, Male,No gains,No losses,45,US,>50K
27, Private,105432, Some-college,10,Single, Adm-clerical, Not-in-family, Black, Female,No gains,No losses,38,US,<=50K
45, Private,452789, Bachelors,13,Couple, Exec-managerial, Husband, White, Male,Had gains,No losses,55,US,>50K
22, Private,58721, 11th,7,Single, Handlers-cleaners, Not-in-family, Amer-Indian-Eskimo, Male,No gains,No losses,40,US,<=50K
34, State-gov,198543, Assoc-acdm,12,Couple, Prof-specialty, Wife, White, Female,No gains,No losses,35,US,<=50K
52, Self-emp-not-inc,310876, HS-grad,9,Couple, Sales, Husband, White, Male,No gains,Had losses,42,US,>50K
29, Private,43215, Some-college,10,Single, Tech-support, Not-in-family, Asian-Pac-Islander, Female,No gains,No losses,50,US,<=50K
40, Private,165234, Doctorate,16,Couple, Prof-specialty, Husband, White, Male,Had gains,No losses,48,US,>50K
36, Private,278901, 10th,6,Single, Other-service, Unmarried, Black, Female,No gains,No losses,20,Non-US,<=50K
39, Federal-gov,134567, Bachelors,13,Single, Exec-managerial, Not-in-family, White, Female,No gains,No losses,40,US,>50K
33, Private,78901, Assoc-voc,11,Couple, Machine-op-inspct, Husband, White, Male,No gains,No losses,60,US,<=50K
47, Local-gov,345678, HS-grad,9,Couple, Transport-moving, Husband, White, Male,No gains,No losses,50,US,>50K
42, Self-emp-inc,91234, Prof-school,15,Single, Prof-specialty, Not-in-family, White, Female,Had gains,No losses,45,US,>50K
55, Private,210987, 5th-6th,3,Couple, Handlers-cleaners, Husband, Other, Male,No gains,No losses,35,Non-US,<=50K
28, Private,123456, Some-college,10,Single, Sales, Not-in-family, White, Male,No gains,No losses,30,US,<=50K
36, Private,398765, Bachelors,13,Couple, Exec-managerial, Husband, Black, Male,No gains,No losses,52,US,>50K
19, Private,76543, HS-grad,9,Single, Other-service, Own-child, White, Female,No gains,No losses,15,US,<=50K
41, State-gov,256789, Assoc-voc,11,Couple, Tech-support, Husband, White, Male,No gains,No losses,40,US,<=50K
50, Private,178901, Some-college,10,Single, Craft-repair, Not-in-family, White, Male,No gains,Had losses,44,US,>50K
37, Self-emp-not-inc,65432, Prof-school,15,Couple, Prof-specialty, Wife, White, Female,No gains,No losses,10,Non-US,>50K
28, Private,185274, Some-college,10,Single, Sales, Not-in-family, White, Male,No gains,No losses,45,US,<=50K
52, Private,302156, HS-grad,9,Couple, Adm-clerical, Wife, Black, Female,No gains,No losses,38,US,<=50K
35, State-gov,145893, Bachelors,13,Single, Prof-specialty, Not-in-family, White, Male,No gains,No losses,40,US,<=50K
22, Private,221478, 11th,7,Single, Handlers-cleaners, Own-child, White, Male,No gains,No losses,30,US,<=50K
41, Self-emp-not-inc,287541, Assoc-voc,11,Couple, Tech-support, Wife, White, Female,No gains,No losses,30,US,<=50K
38, Private,95420, HS-grad,9,Couple, Craft-repair, Husband, White, Male,No gains,No losses,40,US,<=50K
26, Private,178623, Some-college,10,Single, Other-service, Not-in-family, Black, Male,No gains,No losses,20,US,<=50K
48, Federal-gov,319845, 10th,6,Couple, Machine-op-inspct, Husband, White, Male,No gains,No losses,40,Non-US,<=50K
29, Private,135672, Bachelors,13,Single, Exec-managerial, Not-in-family, White, Female,Had gains,No losses,45,US,>50K
55, Self-emp-inc,268401, HS-grad,9,Couple, Sales, Husband, White, Male,Had gains,No losses,60,US,>50K
44, Private,78954, Doctorate,16,Couple, Prof-specialty, Husband, Asian-Pac-Islander, Male,No gains,No losses,45,Non-US,>50K
39, Private,198741, Some-college,10,Couple, Exec-managerial, Husband, White, Male,No gains,Had losses,50,US,>50K
36, Local-gov,115623, Assoc-acdm,12,Couple, Prof-specialty, Wife, White, Female,No gains,No losses,35,US,>50K
60, Private,345210, HS-grad,9,Couple, Craft-repair, Husband, White, Male,No gains,No losses,50,US,<=50K
46, Self-emp-not-inc,65423, Bachelors,13,Single, Prof-specialty, Not-in-family, White, Male,Had gains,No losses,55,US,>50K
33, Private,210547, Some-college,10,Single, Adm-clerical, Unmarried, Black, Female,No gains,No losses,40,US,<=50K
50, Self-emp-inc,98412, Prof-school,15,Couple, Exec-managerial, Husband, White, Male,Had gains,Had losses,70,US,>50K
24, Private,165839, HS-grad,9,Single, Transport-moving, Own-child, Amer-Indian-Eskimo, Male,No gains,No losses,40,Non-US,<=50K
37, Private,251630, 5th-6th,5,Couple, Machine-op-inspct, Husband, Other, Male,No gains,No losses,40,Non-US,<=50K
29, State-gov,174328, Assoc-voc,11,Single, Tech-support, Not-in-family, White, Female,No gains,No losses,40,US,<=50K
38, Private,245678, HS-grad,9,Couple, Craft-repair, Husband, White, Male,No gains,No losses,45,US,>50K
28, Private,123456, Some-college,10,Single, Adm-clerical, Not-in-family, White, Female,No gains,No losses,40,US,<=50K
45, State-gov,345678, Bachelors,13,Couple, Exec-managerial, Husband, Black, Male,No gains,No losses,50,US,>50K
22, Private,987654, 11th,7,Single, Handlers-cleaners, Own-child, White, Male,No gains,No losses,35,US,<=50K
55, Self-emp-not-inc,210987, HS-grad,9,Couple, Sales, Wife, White, Female,No gains,No losses,30,US,<=50K
35, Private,156789, Assoc-acdm,12,Couple, Tech-support, Husband, Asian-Pac-Islander, Male,Had gains,No losses,40,US,>50K
29, Private,543210, Some-college,10,Single, Other-service, Not-in-family, Black, Female,No gains,No losses,38,US,<=50K
52, Private,334455, Bachelors,13,Couple, Prof-specialty, Husband, White, Male,No gains,Had losses,50,US,>50K
40, Private,776655, Doctorate,16,Single, Prof-specialty, Not-in-family, White, Female,Had gains,No losses,45,US,>50K
33, Private,112233, HS-grad,9,Single, Machine-op-inspct, Unmarried, White, Male,No gains,No losses,40,US,<=50K
48, Local-gov,998877, Some-college,10,Couple, Transport-moving, Husband, White, Male,No gains,No losses,42,US,>50K
26, Private,665544, 10th,6,Single, Other-service, Own-child, Amer-Indian-Eskimo, Female,No gains,No losses,25,US,<=50K
39, Private,443322, Assoc-voc,11,Couple, Craft-repair, Husband, White, Male,No gains,No losses,60,US,>50K
50, Self-emp-inc,887766, HS-grad,9,Couple, Sales, Husband, White, Male,Had gains,No losses,55,US,>50K
36, Private,221133, Prof-school,15,Single, Prof-specialty, Not-in-family, White, Female,No gains,No losses,48,Non-US,>50K
27, Federal-gov,554433, Some-college,10,Single, Adm-clerical, Own-child, Black, Male,No gains,No losses,40,US,<=50K
43, Private,789012, Bachelors,13,Couple, Exec-managerial, Husband, White, Male,No gains,No losses,40,US,>50K
60, Private,890123, 5th-6th,3,Couple, Other-service, Wife, Other, Female,No gains,No losses,20,Non-US,<=50K
19, Private,111222, HS-grad,9,Single, Handlers-cleaners, Own-child, White, Male,No gains,No losses,30,US,<=50K
34, Self-emp-not-inc,333444, Some-college,10,Single, Sales, Not-in-family, White, Female,No gains,Had losses,35,US,<=50K
38, Private,182543, HS-grad,9,Single, Craft-repair, Not-in-family, White, Male,No gains,No losses,40,US,<=50K
29, Private,310456, Bachelors,13,Single, Prof-specialty, Not-in-family, White, Female,No gains,No losses,45,US,<=50K
52, Private,95000, Some-college,10,Couple, Exec-managerial, Husband, Black, Male,Had gains,No losses,60,US,>50K
22, Private,420000, 11th,7,Single, Other-service, Own-child, Other, Female,No gains,No losses,20,Non-US,<=50K
46, State-gov,255000, Assoc-acdm,12,Couple, Tech-support, Husband, White, Male,No gains,Had losses,40,US,>50K
35, Private,150000, HS-grad,9,Single, Adm-clerical, Unmarried, White, Female,No gains,No losses,38,US,<=50K
55, Self-emp-not-inc,180000, Bachelors,13,Couple, Prof-specialty, Husband, White, Male,Had gains,No losses,50,US,>50K
27, Private,140000, Some-college,10,Single, Machine-op-inspct, Not-in-family, Asian-Pac-Islander, Male,No gains,No losses,35,US,<=50K
41, Private,320000, Prof-school,15,Couple, Exec-managerial, Wife, White, Female,No gains,No losses,45,US,>50K
33, Private,230000, 10th,6,Single, Handlers-cleaners, Not-in-family, Black, Male,No gains,No losses,40,US,<=50K
48, Local-gov,105000, Assoc-voc,11,Couple, Craft-repair, Husband, White, Male,No gains,No losses,40,US,>50K
39, Private,380000, Doctorate,16,Single, Prof-specialty, Not-in-family, White, Male,Had gains,No losses,55,US,>50K
19, Private,175000, HS-grad,9,Single, Other-service, Own-child, Amer-Indian-Eskimo, Female,No gains,No losses,25,US,<=50K
47, Self-emp-inc,290000, Bachelors,13,Couple, Sales, Husband, White, Male,Had gains,No losses,70,US,>50K
44, Private,200000, Some-college,10,Single, Exec-managerial, Not-in-family, White, Female,No gains,No losses,45,US,<=50K
36, Federal-gov,135000, Masters,14,Single, Prof-specialty, Not-in-family, White, Female,No gains,No losses,40,US,>50K
58, State-gov,165000, HS-grad,9,Couple, Adm-clerical, Husband, Black, Male,No gains,Had losses,40,US,<=50K
24, Private,480000, Some-college,10,Single, Transport-moving, Own-child, White, Male,No gains,No losses,48,US,<=50K
30, Private,220000, 12th,8,Couple, Machine-op-inspct, Husband, White, Male,No gains,No losses,40,Non-US,<=50K
50, Private,78000, Assoc-voc,11,Couple, Tech-support, Wife, White, Female,No gains,No losses,30,US,>50K
36, Private,285113, HS-grad,9,Couple, Craft-repair, Husband, White, Male,No gains,No losses,45,US,<=50K
29, Private,158209, Bachelors,13,Single, Prof-specialty, Not-in-family, White, Female,No gains,No losses,40,US,<=50K
47, Private,432567, Some-college,10,Single, Transport-moving, Unmarried, Black, Male,No gains,No losses,50,US,<=50K
33, Private,110045, Assoc-voc,11,Couple, Tech-support, Husband, White, Male,No gains,No losses,40,US,>50K
41, State-gov,301785, HS-grad,9,Single, Adm-clerical, Not-in-family, White, Female,No gains,No losses,38,US,<=50K
52, Private,198450, Bachelors,13,Couple, Exec-managerial, Husband, White, Male,Had gains,No losses,55,US,>50K
22, Private,64321, Some-college,10,Single, Other-service, Own-child, White, Female,No gains,No losses,25,US,<=50K
27, Private,354200, 12th,8,Single, Handlers-cleaners, Not-in-family, White, Male,No gains,No losses,40,Non-US,<=50K
39, Private,245678, HS-grad,9,Couple, Machine-op-inspct, Husband, White, Male,No gains,Had losses,40,US,<=50K
44, Private,98012, Prof-school,15,Couple, Prof-specialty, Husband, White, Male,Had gains,No losses,60,US,>50K
35, Self-emp-not-inc,172000, Some-college,10,Single, Sales, Not-in-family, White, Female,No gains,No losses,30,US,<=50K
55, Private,520000, HS-grad,9,Couple, Craft-repair, Husband, Black, Male,No gains,No losses,40,US,<=50K
28, Private,140567, Assoc-acdm,12,Single, Exec-managerial, Not-in-family, White, Male,No gains,No losses,45,US,<=50K
38, Self-emp-inc,210500, Bachelors,13,Couple, Prof-specialty, Wife, White, Female,Had gains,No losses,50,US,>50K
19, Private,125430, 11th,7,Single, Handlers-cleaners, Own-child, White, Male,No gains,No losses,35,US,<=50K
46, Private,387900, HS-grad,9,Single, Other-service, Unmarried, White, Female,No gains,No losses,40,US,<=50K
37, Private,89000, Doctorate,16,Couple, Prof-specialty, Husband, Asian-Pac-Islander, Male,No gains,No losses,45,Non-US,>50K
30, Local-gov,260450, Some-college,10,Couple, Adm-clerical, Husband, White, Male,No gains,No losses,40,US,<=50K
34, Private,75000, HS-grad,9,Single, Sales, Not-in-family, Amer-Indian-Eskimo, Female,No gains,No losses,32,US,<=50K
50, Private,310000, Bachelors,13,Couple, Exec-managerial, Husband, White, Male,No gains,Had losses,50,US,>50K
35, Private,225000, HS-grad,9,Couple, Craft-repair, Husband, White, Male,No gains,No losses,42,US,<=50K
45, Private,180000, Bachelors,13,Couple, Exec-managerial, Husband, White, Male,Had gains,No losses,60,US,>50K
29, Private,310000, Some-college,10,Single, Adm-clerical, Not-in-family, Black, Female,No gains,No losses,38,US,<=50K
38, Private,95000, Assoc-acdm,12,Single, Prof-specialty, Not-in-family, White, Female,No gains,No losses,40,US,<=50K
52, Self-emp-not-inc,265000, HS-grad,9,Couple, Sales, Husband, White, Male,No gains,Had losses,50,US,>50K
22, Private,145000, 11th,7,Single, Handlers-cleaners, Own-child, White, Male,No gains,No losses,35,US,<=50K
40, State-gov,200000, Bachelors,13,Couple, Prof-specialty, Wife, White, Female,No gains,No losses,35,US,<=50K
50, Private,125000, Doctorate,16,Couple, Prof-specialty, Husband, Asian-Pac-Islander, Male,Had gains,No losses,45,US,>50K
33, Private,170000, Some-college,10,Single, Machine-op-inspct, Not-in-family, Amer-Indian-Eskimo, Male,No gains,No losses,40,US,<=50K
55, Private,280000, HS-grad,9,Single, Other-service, Unmarried, Black, Female,No gains,No losses,25,US,<=50K
42, Self-emp-inc,75000, Prof-school,15,Couple, Exec-managerial, Husband, White, Male,Had gains,No losses,55,US,>50K
28, Private,190000, 10th,6,Single, Transport-moving, Not-in-family, White, Male,No gains,No losses,48,US,<=50K
36, Local-gov,230000, Assoc-voc,11,Couple, Tech-support, Husband, White, Male,No gains,No losses,40,US,<=50K
27, Private,115000, Some-college,10,Single, Other-service, Not-in-family, White, Female,No gains,No losses,30,Non-US,<=50K
48, Private,350000, Bachelors,13,Couple, Sales, Husband, White, Male,No gains,No losses,70,US,>50K
20, Private,80000, HS-grad,9,Single, Handlers-cleaners, Own-child, Other, Male,No gains,No losses,40,US,<=50K
47, Private,270000, 5th-6th,3,Couple, Craft-repair, Husband, White, Male,No gains,Had losses,40,US,<=50K
34, Private,140000, Some-college,10,Single, Adm-clerical, Unmarried, Black, Female,No gains,No losses,32,US,<=50K
55, Self-emp-inc,320000, Bachelors,13,Couple, Exec-managerial, Husband, White, Male,Had gains,No losses,50,US,>50K
39, Federal-gov,160000, HS-grad,9,Single, Adm-clerical, Not-in-family, White, Female,No gains,No losses,40,US,<=50K
28, Private,185432, Some-college,10,Single, Sales, Not-in-family, White, Male,No gains,No losses,40,US,<=50K
52, Private,295481, HS-grad,9,Couple, Adm-clerical, Wife, White, Female,No gains,No losses,35,US,<=50K
36, Private,102345, Bachelors,13,Single, Exec-managerial, Not-in-family, White, Male,Had gains,No losses,55,US,>50K
47, Private,220013, HS-grad,9,Couple, Craft-repair, Husband, Black, Male,No gains,No losses,45,US,>50K
33, State-gov,150987, Some-college,10,Single, Adm-clerical, Not-in-family, White, Female,No gains,No losses,38,US,<=50K
29, Private,178654, Assoc-voc,11,Single, Tech-support, Not-in-family, White, Male,No gains,No losses,40,US,<=50K
42, Private,305200, Bachelors,13,Couple, Prof-specialty, Husband, White, Male,No gains,No losses,50,US,>50K
24, Private,89012, HS-grad,9,Single, Other-service, Own-child, White, Female,No gains,No losses,30,US,<=50K
55, Private,412578, Some-college,10,Couple, Transport-moving, Husband, White, Male,No gains,Had losses,40,US,<=50K
38, Self-emp-not-inc,135792, Bachelors,13,Couple, Exec-managerial, Husband, White, Male,Had gains,No losses,60,US,>50K
46, Private,198765, Assoc-acdm,12,Couple, Prof-specialty, Wife, Black, Female,No gains,No losses,20,US,<=50K
34, Private,165432, HS-grad,9,Single, Machine-op-inspct, Not-in-family, Amer-Indian-Eskimo, Male,No gains,No losses,45,US,<=50K
49, Private,248901, Some-college,10,Couple, Craft-repair, Husband, White, Male,No gains,No losses,40,US,>50K
27, Private,72000, Bachelors,13,Single, Prof-specialty, Not-in-family, White, Female,No gains,No losses,35,US,<=50K
44, State-gov,310567, HS-grad,9,Single, Machine-op-inspct, Not-in-family, White, Male,No gains,No losses,40,US,<=50K
53, Private,114876, HS-grad,9,Couple, Handlers-cleaners, Husband, White, Male,No gains,Had losses,38,US,<=50K
41, Self-emp-inc,225000, Some-college,10,Couple, Sales, Husband, White, Male,Had gains,No losses,70,US,>50K
30, Private,96000, Bachelors,13,Couple, Exec-managerial, Wife, Asian-Pac-Islander, Female,No gains,No losses,50,US,>50K
22, Private,280001, Some-college,10,Single, Other-service, Own-child, White, Male,No gains,No losses,25,US,<=50K
39, Private,155000, HS-grad,9,Single, Adm-clerical, Unmarried, Black, Female,No gains,No losses,40,US,<=50K
39, Private,285103, Bachelors,13,Couple, Exec-managerial, Husband, White, Male,Had gains,No losses,45,US,>50K
28, Private,152478, HS-grad,9,Single, Adm-clerical, Not-in-family, White, Female,No gains,No losses,40,US,<=50K
35, Private,321567, Some-college,10,Single, Transport-moving, Not-in-family, Black, Male,No gains,No losses,50,US,<=50K
42, Private,98745, Assoc-voc,11,Couple, Craft-repair, Husband, White, Male,No gains,Had losses,40,US,>50K
52, Private,265432, HS-grad,9,Single, Other-service, Not-in-family, White, Female,No gains,No losses,30,US,<=50K
47, Self-emp-not-inc,410201, Bachelors,13,Couple, Prof-specialty, Husband, White, Male,No gains,No losses,20,US,<=50K
33, State-gov,117893, Some-college,10,Single, Tech-support, Not-in-family, White, Male,No gains,No losses,40,US,<=50K
29, Private,195632, Assoc-acdm,12,Single, Prof-specialty, Not-in-family, Asian-Pac-Islander, Female,Had gains,No losses,45,Non-US,>50K
44, Private,345100, HS-grad,9,Couple, Machine-op-inspct, Husband, Black, Male,No gains,No losses,38,US,<=50K
50, Private,148302, Prof-school,15,Couple, Exec-managerial, Husband, White, Male,Had gains,No losses,60,US,>50K
22, Private,275980, 11th,7,Single, Handlers-cleaners, Own-child, White, Female,No gains,No losses,35,US,<=50K
38, Federal-gov,388741, Bachelors,13,Couple, Adm-clerical, Wife, White, Female,No gains,No losses,40,US,<=50K
55, Self-emp-inc,105678, Some-college,10,Couple, Sales, Husband, White, Male,Had gains,Had losses,50,US,>50K
26, Private,232145, HS-grad,9,Single, Handlers-cleaners, Not-in-family, White, Male,No gains,No losses,40,US,<=50K
45, Private,178234, Doctorate,16,Couple, Prof-specialty, Husband, White, Male,No gains,No losses,55,US,>50K
36, Local-gov,301467, Some-college,10,Couple, Adm-clerical, Wife, Black, Female,No gains,No losses,35,US,<=50K
41, Private,167890, Bachelors,13,Single, Sales, Not-in-family, White, Female,No gains,No losses,50,US,>50K
30, Private,254789, HS-grad,9,Single, Craft-repair, Not-in-family, Amer-Indian-Eskimo, Male,No gains,No losses,40,US,<=50K
34, Private,112345, Masters,14,Couple, Exec-managerial, Husband, White, Male,Had gains,No losses,48,US,>50K
48, Private,198765, 10th,6,Couple, Machine-op-inspct, Other-relative, Other, Male,No gains,No losses,40,Non-US,<=50K
38, Private,295834, Bachelors,13,Couple, Exec-managerial, Husband, White, Male,Had gains,No losses,45,US,>50K
28, Private,112045, HS-grad,9,Single, Other-service, Not-in-family, White, Male,No gains,No losses,38,US,<=50K
35, Private,178632, Some-college,10,Single, Adm-clerical, Unmarried, Black, Female,No gains,No losses,40,US,<=50K
52, Private,412987, HS-grad,9,Couple, Craft-repair, Husband, White, Male,No gains,Had losses,50,US,>50K
33, Self-emp-not-inc,87033, Bachelors,13,Single, Prof-specialty, Not-in-family, White, Female,No gains,No losses,42,US,>50K
21, Private,201456, 11th,7,Single, Handlers-cleaners, Own-child, White, Male,No gains,No losses,35,US,<=50K
45, State-gov,315478, Some-college,10,Couple, Tech-support, Husband, White, Male,No gains,No losses,40,US,<=50K
29, Private,67512, Bachelors,13,Single, Prof-specialty, Not-in-family, Asian-Pac-Islander, Male,Had gains,No losses,55,US,>50K
47, Private,149832, HS-grad,9,Couple, Sales, Wife, White, Female,No gains,No losses,30,US,<=50K
49, Self-emp-inc,389654, Assoc-voc,11,Couple, Exec-managerial, Husband, White, Male,Had gains,No losses,60,US,>50K
24, Private,93211, Some-college,10,Single, Machine-op-inspct, Not-in-family, Black, Male,No gains,No losses,40,US,<=50K
41, Private,226783, Doctorate,16,Couple, Prof-specialty, Wife, White, Female,No gains,No losses,45,US,>50K
19, Private,54128, 10th,6,Single, Handlers-cleaners, Own-child, White, Male,No gains,No losses,25,US,<=50K
56, Private,287654, HS-grad,9,Single, Other-service, Not-in-family, White, Female,No gains,No losses,20,US,<=50K
36, Private,154320, Assoc-acdm,12,Couple, Tech-support, Husband, White, Male,No gains,Had losses,40,US,>50K
39, Local-gov,401234, Some-college,10,Couple, Adm-clerical, Husband, White, Male,No gains,No losses,40,US,<=50K
44, Self-emp-not-inc,76321, Prof-school,15,Couple, Prof-specialty, Husband, White, Male,Had gains,No losses,50,US,>50K
27, Private,189012, HS-grad,9,Single, Other-service, Unmarried, Amer-Indian-Eskimo, Female,No gains,No losses,35,US,<=50K
34, Private,256987, Bachelors,13,Single, Sales, Not-in-family, White, Male,No gains,No losses,48,US,<=50K
37, State-gov,123456, Some-college,10,Couple, Transport-moving, Husband, Black, Male,No gains,No losses,42,US,<=50K
45, Private,256432, Bachelors,13,Couple, Exec-managerial, Husband, White, Male,Had gains,No losses,55,US,>50K
28, Private,108765, Some-college,10,Single, Adm-clerical, Not-in-family, Black, Female,No gains,No losses,40,US,<=50K
55, Self-emp-not-inc,301499, HS-grad,9,Couple, Craft-repair, Husband, White, Male,No gains,No losses,45,US,>50K
22, Private,184532, 11th,7,Single, Handlers-cleaners, Own-child, White, Male,No gains,No losses,35,US,<=50K
33, Private,215800, Assoc-acdm,12,Single, Prof-specialty, Not-in-family, White, Female,No gains,No losses,40,US,<=50K
38, Private,95087, Doctorate,16,Couple, Prof-specialty, Husband, Asian-Pac-Islander, Male,No gains,No losses,50,Non-US,>50K
60, Private,276543, HS-grad,9,Couple, Transport-moving, Husband, White, Male,No gains,Had losses,40,US,<=50K
42, Self-emp-inc,143217, Prof-school,15,Couple, Prof-specialty, Husband, White, Male,Had gains,No losses,60,US,>50K
24, Private,329871, Some-college,10,Single, Other-service, Not-in-family, Black, Female,No gains,No losses,30,US,<=50K
36, State-gov,177654, Bachelors,13,Single, Exec-managerial, Not-in-family, White, Female,No gains,No losses,45,US,>50K
49, Private,220098, 10th,6,Single, Machine-op-inspct, Not-in-family, Amer-Indian-Eskimo, Male,No gains,No losses,40,Non-US,<=50K
27, Private,138456, Assoc-voc,11,Single, Tech-support, Not-in-family, White, Male,No gains,No losses,38,US,<=50K
39, Private,362100, HS-grad,9,Couple, Adm-clerical, Wife, White, Female,No gains,No losses,35,US,<=50K
50, Local-gov,254367, Some-college,10,Couple, Transport-moving, Husband, White, Male,No gains,No losses,40,US,<=50K
34, Private,112233, Masters,14,Single, Prof-specialty, Not-in-family, White, Male,Had gains,No losses,45,US,>50K
52, Private,190543, 5th-6th,3,Couple, Other-service, Wife, Other, Female,No gains,No losses,20,Non-US,<=50K
42, Private,285678, Bachelors,13,Couple, Sales, Husband, White, Male,No gains,Had losses,50,US,>50K
29, Private,168432, Some-college,10,Single, Sales, Unmarried, White, Female,No gains,No losses,42,US,<=50K
53, Private,310987, HS-grad,9,Couple, Craft-repair, Husband, Black, Male,No gains,No losses,48,US,>50K
19, Private,145678, 12th,8,Single, Machine-op-inspct, Own-child, White, Male,No gains,No losses,36,US,<=50K
38,Private,210456,Bachelors,13,Couple,Exec-managerial,Husband,White,Male,No gains,No losses,45,US,>50K
27,Private,98765,HS-grad,9,Single,Adm-clerical,Not-in-family,Black,Female,No gains,No losses,40,US,<=50K
52,Self-emp-not-inc,325000,Some-college,10,Couple,Craft-repair,Husband,White,Male,Had gains,No losses,50,US,>50K
35,Private,155432,11th,7,Single,Machine-op-inspct,Not-in-family,White,Male,No gains,No losses,38,US,<=50K
44,State-gov,278912,Assoc-acdm,12,Couple,Prof-specialty,Wife,White,Female,No gains,No losses,40,US,>50K
22,Private,110234,HS-grad,9,Single,Handlers-cleaners,Own-child,Asian-Pac-Islander,Male,No gains,No losses,30,Non-US,<=50K
49,Self-emp-inc,401002,Prof-school,15,Couple,Exec-managerial,Husband,White,Male,Had gains,Had losses,60,US,>50K
33,Private,195678,Some-college,10,Single,Other-service,Unmarried,Black,Female,No gains,No losses,35,US,<=50K
41,Federal-gov,289001,Bachelors,13,Single,Tech-support,Not-in-family,White,Male,No gains,No losses,44,US,<=50K
29,Private,178543,Assoc-voc,11,Couple,Sales,Wife,White,Female,No gains,No losses,42,US,>50K
47,Private,321654,10th,6,Single,Transport-moving,Not-in-family,Amer-Indian-Eskimo,Male,No gains,Had losses,48,US,<=50K
55,Local-gov,145987,HS-grad,9,Couple,Adm-clerical,Wife,White,Female,No gains,No losses,35,US,<=50K
36,Private,256789,Some-college,10,Couple,Sales,Husband,White,Male,No gains,No losses,50,US,>50K
60,Private,88765,5th-6th,3,Single,Handlers-cleaners,Not-in-family,Other,Male,No gains,No losses,20,Non-US,<=50K
39,Private,312450,Doctorate,16,Single,Prof-specialty,Not-in-family,White,Female,Had gains,No losses,55,US,>50K
28,Private,201234,HS-grad,9,Single,Other-service,Own-child,Black,Male,No gains,No losses,40,US,<=50K
37,State-gov,356789,Bachelors,13,Couple,Prof-specialty,Husband,White,Male,No gains,No losses,40,US,>50K
24,Private,134567,Some-college,10,Single,Sales,Not-in-family,White,Female,No gains,No losses,32,US,<=50K
53,Self-emp-not-inc,275432,HS-grad,9,Couple,Craft-repair,Husband,White,Male,No gains,No losses,40,US,<=50K
34,Private,167890,Masters,14,Couple,Exec-managerial,Wife,Asian-Pac-Islander,Female,Had gains,No losses,48,US,>50K
28, Private,185432, HS-grad,9,Single, Craft-repair, Not-in-family, White, Male,No gains,No losses,40,US,<=50K
35, Private,295671, Bachelors,13,Couple, Exec-managerial, Wife, White, Female,Had gains,No losses,45,US,>50K
22, Private,152345, Some-college,10,Single, Other-service, Own-child, Black, Male,No gains,No losses,20,US,<=50K
45, State-gov,410023, Assoc-voc,11,Couple, Tech-support, Husband, White, Male,No gains,No losses,40,US,>50K
19, Private,88095, 11th,7,Single, Adm-clerical, Own-child, White, Female,No gains,No losses,30,US,<=50K
38, Private,267890, HS-grad,9,Couple, Machine-op-inspct, Husband, White, Male,No gains,Had losses,50,US,<=50K
52, Self-emp-inc,321456, Prof-school,15,Couple, Prof-specialty, Husband, White, Male,Had gains,No losses,60,US,>50K
29, Private,178234, Some-college,10,Single, Sales, Not-in-family, Asian-Pac-Islander, Female,No gains,No losses,35,Non-US,<=50K
41, Private,398765, Bachelors,13,Couple, Exec-managerial, Husband, White, Male,No gains,No losses,55,US,>50K
33, Private,142567, 10th,6,Single, Transport-moving, Unmarried, Black, Male,No gains,No losses,40,US,<=50K
37, Local-gov,256789, Assoc-acdm,12,Couple, Prof-specialty, Wife, White, Female,No gains,No losses,30,US,>50K
47, Private,310987, HS-grad,9,Single, Handlers-cleaners, Not-in-family, White, Male,No gains,No losses,38,US,<=50K
55, State-gov,234567, Doctorate,16,Couple, Prof-specialty, Husband, White, Male,Had gains,No losses,45,US,>50K
26, Private,167890, Some-college,10,Single, Adm-clerical, Not-in-family, Amer-Indian-Eskimo, Female,No gains,No losses,40,US,<=50K
39, Private,432109, 5th-6th,3,Couple, Craft-repair, Husband, Other, Male,No gains,No losses,40,Non-US,<=50K
34, Private,198765, Bachelors,13,Single, Sales, Not-in-family, White, Male,No gains,No losses,50,US,>50K
44, Federal-gov,284567, HS-grad,9,Single, Adm-clerical, Unmarried, Black, Female,No gains,Had losses,40,US,<=50K
49, Self-emp-not-inc,376543, Some-college,10,Couple, Exec-managerial, Wife, White, Female,No gains,No losses,20,US,<=50K
36, Private,213456, Assoc-voc,11,Couple, Machine-op-inspct, Husband, White, Male,Had gains,No losses,48,US,>50K
23, Private,145678, 12th,8,Single, Other-service, Own-child, White, Male,No gains,No losses,25,US,<=50K
46, Private,285012, HS-grad,9,Couple, Craft-repair, Husband, White, Male,No gains,No losses,40,US,<=50K
29, Private,112345, Bachelors,13,Single, Prof-specialty, Not-in-family, White, Female,No gains,No losses,45,US,>50K
38, Private,450678, Some-college,10,Couple, Exec-managerial, Husband, Black, Male,Had gains,No losses,60,US,>50K
22, Private,98765, 11th,7,Single, Other-service, Own-child, White, Male,No gains,No losses,25,US,<=50K
41, State-gov,320450, Assoc-acdm,12,Couple, Adm-clerical, Wife, White, Female,No gains,No losses,38,US,<=50K
52, Self-emp-inc,150200, Bachelors,13,Couple, Sales, Husband, White, Male,Had gains,Had losses,50,US,>50K
35, Private,275500, HS-grad,9,Single, Handlers-cleaners, Unmarried, White, Female,No gains,No losses,40,Non-US,<=50K
44, Private,189010, Prof-school,15,Couple, Prof-specialty, Husband, Asian-Pac-Islander, Male,No gains,No losses,55,US,>50K
28, Private,401235, 10th,6,Single, Transport-moving, Not-in-family, Black, Male,No gains,No losses,44,US,<=50K
33, Private,85000, Some-college,10,Couple, Tech-support, Wife, White, Female,No gains,No losses,35,US,>50K
49, State-gov,210330, HS-grad,9,Single, Exec-managerial, Not-in-family, Amer-Indian-Eskimo, Male,No gains,No losses,20,Non-US,<=50K
39, Private,68000, Doctorate,16,Single, Prof-specialty, Not-in-family, White, Female,Had gains,No losses,50,US,>50K
20, Private,55000, Some-college,10,Single, Machine-op-inspct, Own-child, White, Male,No gains,No losses,40,US,<=50K
55, Self-emp-not-inc,175000, Assoc-voc,11,Couple, Craft-repair, Husband, White, Male,No gains,Had losses,42,US,<=50K
47, Local-gov,305000, Bachelors,13,Couple, Exec-managerial, Husband, White, Male,No gains,No losses,45,US,>50K
27, Private,132000, HS-grad,9,Single, Other-service, Not-in-family, Black, Female,No gains,No losses,32,US,<=50K
36, Federal-gov,410000, Some-college,10,Couple, Adm-clerical, Husband, Other, Male,No gains,No losses,40,Non-US,<=50K
58, Private,90000, 5th-6th,3,Couple, Handlers-cleaners, Husband, White, Male,No gains,No losses,48,US,<=50K
26, Private,220000, Some-college,10,Single, Sales, Not-in-family, White, Female,No gains,No losses,30,US,<=50K
53, Private,145678, Bachelors,13,Couple, Prof-specialty, Husband, White, Male,Had gains,No losses,45,US,>50K
29, Private,142350, HS-grad,9,Single, Craft-repair, Not-in-family, White, Male,No gains,No losses,45,US,<=50K
38, Private,289101, Some-college,10,Couple, Adm-clerical, Wife, White, Female,No gains,No losses,40,US,<=50K
34, Private,51234, Bachelors,13,Single, Exec-managerial, Not-in-family, Black, Male,Had gains,No losses,55,US,>50K
47, State-gov,198765, Assoc-voc,11,Couple, Tech-support, Husband, White, Male,No gains,No losses,40,US,>50K
22, Private,321457, 11th,7,Single, Other-service, Own-child, White, Male,No gains,No losses,30,US,<=50K
52, Self-emp-inc,78542, Prof-school,15,Couple, Prof-specialty, Husband, White, Male,Had gains,No losses,60,US,>50K
36, Private,215800, HS-grad,9,Single, Sales, Not-in-family, Asian-Pac-Islander, Female,No gains,No losses,35,US,<=50K
45, Private,456789, Some-college,10,Couple, Machine-op-inspct, Husband, White, Male,No gains,Had losses,40,US,<=50K
40, Private,134567, Doctorate,16,Single, Prof-specialty, Not-in-family, White, Female,No gains,No losses,45,US,>50K
27, Private,98231, 10th,6,Single, Handlers-cleaners, Unmarried, Amer-Indian-Eskimo, Male,No gains,No losses,38,US,<=50K
33, Local-gov,301245, Assoc-acdm,12,Couple, Adm-clerical, Husband, White, Male,No gains,No losses,40,US,<=50K
50, Self-emp-not-inc,67543, Bachelors,13,Couple, Sales, Husband, White, Male,Had gains,No losses,50,US,>50K
28, Private,410239, HS-grad,9,Single, Other-service, Unmarried, Black, Female,No gains,No losses,35,US,<=50K
56, Private,151515, 5th-6th,3,Couple, Transport-moving, Husband, Other, Male,No gains,No losses,40,Non-US,<=50K
39, Private,87654, Some-college,10,Couple, Exec-managerial, Wife, White, Female,No gains,No losses,50,US,>50K
55, Federal-gov,280000, HS-grad,9,Couple, Craft-repair, Husband, White, Male,No gains,No losses,40,US,>50K
26, Private,123456, Bachelors,13,Single, Prof-specialty, Not-in-family, White, Male,No gains,No losses,45,US,<=50K
44, Private,312345, Some-college,10,Single, Handlers-cleaners, Not-in-family, White, Male,No gains,Had losses,50,US,<=50K
41, Private,98222, Assoc-voc,11,Single, Tech-support, Not-in-family, White, Female,No gains,No losses,40,US,<=50K
49, Self-emp-not-inc,378901, Prof-school,15,Couple, Prof-specialty, Husband, White, Male,Had gains,No losses,60,US,>50K
28, Private,215784, Some-college,10,Single, Sales, Not-in-family, White, Male,No gains,No losses,45,US,<=50K
36, State-gov,318952, Bachelors,13,Couple, Prof-specialty, Wife, White, Female,No gains,No losses,40,US,>50K
52, Private,95621, HS-grad,9,Couple, Craft-repair, Husband, Black, Male,No gains,Had losses,40,US,<=50K
33, Private,147820, Some-college,10,Single, Adm-clerical, Not-in-family, White, Female,No gains,No losses,38,US,<=50K
22, Private,402178, 12th,8,Single, Handlers-cleaners, Own-child, White, Male,No gains,No losses,35,US,<=50K
46, Self-emp-inc,268410, Bachelors,13,Couple, Exec-managerial, Husband, White, Male,Had gains,No losses,60,US,>50K
29, Private,83450, Assoc-voc,11,Single, Tech-support, Not-in-family, White, Male,No gains,No losses,40,US,<=50K
44, Private,376521, HS-grad,9,Couple, Other-service, Wife, Amer-Indian-Eskimo, Female,No gains,No losses,30,US,<=50K
38, Private,112233, Prof-school,15,Couple, Prof-specialty, Husband, White, Male,No gains,No losses,50,US,>50K
27, State-gov,289011, Some-college,10,Single, Adm-clerical, Not-in-family, Black, Female,No gains,No losses,40,US,<=50K
50, Private,195678, Doctorate,16,Couple, Prof-specialty, Husband, White, Male,Had gains,No losses,45,US,>50K
19, Private,154320, 11th,7,Single, Handlers-cleaners, Own-child, White, Male,No gains,No losses,20,US,<=50K
41, Local-gov,342109, Assoc-acdm,12,Couple, Prof-specialty, Wife, White, Female,No gains,No losses,35,US,>50K
55, Self-emp-not-inc,87562, HS-grad,9,Couple, Craft-repair, Husband, White, Male,No gains,Had losses,42,US,<=50K
34, Private,231456, Some-college,10,Single, Exec-managerial, Not-in-family, Asian-Pac-Islander, Male,No gains,No losses,50,Non-US,<=50K
47, Federal-gov,301789, Bachelors,13,Couple, Exec-managerial, Husband, Black, Male,No gains,No losses,40,US,>50K
26, Private,123456, 10th,6,Single, Other-service, Unmarried, White, Female,No gains,No losses,38,US,<=50K
39, Private,278901, Masters,14,Couple, Prof-specialty, Wife, White, Female,Had gains,No losses,48,US,>50K
37, Private,165432, 5th-6th,3,Couple, Machine-op-inspct, Husband, Other, Male,No gains,No losses,40,Non-US,<=50K
60, Private,199877, HS-grad,9,Couple, Transport-moving, Husband, White, Male,No gains,No losses,55,US,>50K
28, Private,285103, Some-college,10,Single, Adm-clerical, Not-in-family, White, Female,No gains,No losses,40,US,<=50K
34, Private,152478, Bachelors,13,Couple, Exec-managerial, Husband, White, Male,Had gains,No losses,45,US,>50K
52, Private,401256, HS-grad,9,Couple, Craft-repair, Husband, White, Male,No gains,No losses,40,US,<=50K
38, Private,98745, Assoc-acdm,12,Single, Prof-specialty, Not-in-family, Black, Female,No gains,No losses,35,US,<=50K
46, Self-emp-not-inc,312000, Some-college,10,Couple, Sales, Husband, White, Male,No gains,Had losses,50,US,>50K
29, Private,215400, Bachelors,13,Single, Other-service, Not-in-family, White, Female,No gains,No losses,30,US,<=50K
44, Federal-gov,178900, HS-grad,9,Couple, Machine-op-inspct, Husband, Black, Male,No gains,No losses,40,US,<=50K
19, Private,55000, 10th,6,Single, Handlers-cleaners, Own-child, White, Male,No gains,No losses,20,US,<=50K
36, Private,362015, Some-college,10,Couple, Tech-support, Husband, White, Male,No gains,No losses,42,US,>50K
50, Local-gov,289100, Assoc-voc,11,Single, Adm-clerical, Not-in-family, White, Female,No gains,No losses,38,US,<=50K
33, Private,132400, Bachelors,13,Couple, Exec-managerial, Husband, Asian-Pac-Islander, Male,Had gains,No losses,60,US,>50K
55, Private,384500, HS-grad,9,Couple, Sales, Wife, White, Female,No gains,No losses,20,US,<=50K
47, Self-emp-inc,110200, Prof-school,15,Couple, Prof-specialty, Husband, White, Male,Had gains,Had losses,55,US,>50K
23, Private,225300, 11th,7,Single, Transport-moving, Unmarried, White, Male,No gains,No losses,40,US,<=50K
41, State-gov,340800, Some-college,10,Single, Other-service, Not-in-family, Black, Female,No gains,No losses,40,US,<=50K
39, Private,168700, Doctorate,16,Couple, Prof-specialty, Husband, White, Male,No gains,No losses,48,US,>50K
27, Private,456210, Some-college,10,Single, Handlers-cleaners, Not-in-family, White, Male,No gains,No losses,35,US,<=50K
30, Private,195600, Bachelors,13,Couple, Sales, Wife, White, Female,No gains,No losses,25,US,<=50K
58, Private,275000, HS-grad,9,Couple, Exec-managerial, Husband, White, Male,Had gains,No losses,50,US,>50K
42, Private,148300, 5th-6th,3,Couple, Craft-repair, Husband, Amer-Indian-Eskimo, Male,No gains,No losses,40,Non-US,<=50K
35, Private,210456, HS-grad,9,Couple, Craft-repair, Husband, White, Male,No gains,No losses,40,US,<=50K
29, State-gov,98765, Bachelors,13,Single, Prof-specialty, Not-in-family, White, Female,No gains,No losses,45,US,>50K
52, Private,305000, Some-college,10,Couple, Exec-managerial, Husband, Black, Male,Had gains,No losses,50,US,>50K
23, Private,150200, 10th,6,Single, Handlers-cleaners, Own-child, White, Male,No gains,No losses,35,US,<=50K
40, Private,278901, Assoc-acdm,12,Couple, Adm-clerical, Wife, White, Female,No gains,No losses,38,US,<=50K
36, Private,45000, Doctorate,16,Single, Prof-specialty, Not-in-family, White, Male,No gains,No losses,55,US,>50K
47, Self-emp-not-inc,180500, HS-grad,9,Couple, Sales, Husband, White, Male,No gains,Had losses,45,US,>50K
33, Private,225000, Some-college,10,Single, Tech-support, Not-in-family, Asian-Pac-Islander, Female,No gains,No losses,40,Non-US,<=50K
28, Private,312000, 11th,7,Single, Transport-moving, Unmarried, White, Male,No gains,No losses,40,US,<=50K
45, Federal-gov,167800, Bachelors,13,Single, Exec-managerial, Not-in-family, Black, Female,Had gains,No losses,40,US,>50K
55, Private,289000, HS-grad,9,Couple, Other-service, Wife, White, Female,No gains,No losses,25,US,<=50K
39, Private,115000, Assoc-voc,11,Couple, Machine-op-inspct, Husband, White, Male,No gains,No losses,48,US,<=50K
50, Self-emp-inc,345000, Some-college,10,Single, Sales, Not-in-family, White, Male,Had gains,No losses,60,US,>50K
34, Private,95000, Prof-school,15,Couple, Prof-specialty, Wife, White, Female,No gains,No losses,35,US,>50K
60, Private,265000, 5th-6th,3,Couple, Handlers-cleaners, Husband, Amer-Indian-Eskimo, Male,No gains,No losses,40,Non-US,<=50K
28, Local-gov,175000, Bachelors,13,Single, Prof-specialty, Not-in-family, White, Male,No gains,No losses,40,US,<=50K
42, Private,220000, Some-college,10,Couple, Craft-repair, Husband, Black, Male,No gains,Had losses,50,US,<=50K
19, Private,140500, HS-grad,9,Single, Other-service, Own-child, White, Male,No gains,No losses,20,US,<=50K
48, Self-emp-inc,410000, Prof-school,15,Couple, Exec-managerial, Husband, White, Male,Had gains,No losses,60,US,>50K
27, Private,88000, Assoc-voc,11,Single, Adm-clerical, Not-in-family, White, Female,No gains,No losses,40,US,<=50K
45, Private,203456, Bachelors,13,Couple, Exec-managerial, Husband, White, Male,Had gains,No losses,50,US,>50K
28, Private,89012, HS-grad,9,Single, Adm-clerical, Not-in-family, White, Female,No gains,No losses,38,US,<=50K
36, Private,310987, Some-college,10,Single, Craft-repair, Unmarried, Black, Male,No gains,No losses,45,US,<=50K
39, State-gov,152734, Assoc-acdm,12,Couple, Prof-specialty, Husband, White, Male,No gains,No losses,42,US,>50K
22, Private,456789, 11th,7,Single, Other-service, Own-child, White, Female,No gains,No losses,30,US,<=50K
52, Private,275000, Doctorate,16,Couple, Prof-specialty, Husband, White, Male,Had gains,No losses,55,US,>50K
33, Private,98765, Some-college,10,Single, Tech-support, Not-in-family, Asian-Pac-Islander, Male,No gains,No losses,40,Non-US,<=50K
55, Self-emp-not-inc,321654, HS-grad,9,Couple, Craft-repair, Husband, White, Male,No gains,Had losses,40,US,<=50K
41, Private,145632, Assoc-voc,11,Couple, Exec-managerial, Wife, White, Female,No gains,No losses,45,US,>50K
38, Federal-gov,198765, HS-grad,9,Couple, Adm-clerical, Husband, Black, Male,No gains,No losses,40,US,<=50K
49, Self-emp-inc,112233, Prof-school,15,Couple, Prof-specialty, Husband, White, Male,Had gains,No losses,60,US,>50K
29, Private,285714, 10th,6,Single, Handlers-cleaners, Not-in-family, White, Female,No gains,No losses,35,US,<=50K
27, Private,400123, Bachelors,13,Single, Sales, Not-in-family, White, Female,No gains,No losses,40,US,<=50K
48, Local-gov,175000, Some-college,10,Couple, Transport-moving, Husband, Amer-Indian-Eskimo, Male,No gains,No losses,50,US,>50K
47, Private,60890, 5th-6th,3,Single, Machine-op-inspct, Unmarried, Other, Male,No gains,No losses,42,Non-US,<=50K
35, Private,234509, Masters,14,Single, Prof-specialty, Not-in-family, White, Female,Had gains,No losses,45,US,>50K
60, Private,300000, HS-grad,9,Couple, Exec-managerial, Husband, White, Male,No gains,No losses,35,US,>50K
20, Private,95000, Some-college,10,Single, Handlers-cleaners, Own-child, White, Male,No gains,No losses,20,US,<=50K
44, State-gov,126543, Bachelors,13,Couple, Prof-specialty, Wife, Black, Female,No gains,Had losses,48,US,<=50K
37, Private,189000, Assoc-voc,11,Single, Machine-op-inspct, Not-in-family, White, Male,No gains,No losses,40,US,<=50K
38, Private,285632, Bachelors,13,Couple, Exec-managerial, Husband, White, Male,No gains,No losses,45,US,>50K
28, Private,152478, HS-grad,9,Single, Adm-clerical, Not-in-family, White, Female,No gains,No losses,40,US,<=50K
35, Private,312450, Some-college,10,Single, Craft-repair, Not-in-family, Black, Male,No gains,No losses,50,US,<=50K
42, State-gov,98765, Assoc-acdm,12,Couple, Prof-specialty, Wife, White, Female,Had gains,No losses,35,US,>50K
22, Private,205000, 11th,7,Single, Handlers-cleaners, Own-child, White, Male,No gains,No losses,30,US,<=50K
55, Self-emp-inc,415632, Prof-school,15,Couple, Prof-specialty, Husband, Asian-Pac-Islander, Male,Had gains,No losses,60,US,>50K
33, Private,175200, Some-college,10,Single, Other-service, Unmarried, White, Female,No gains,No losses,38,Non-US,<=50K
45, Federal-gov,224500, HS-grad,9,Couple, Tech-support, Husband, Black, Male,No gains,Had losses,40,US,>50K
40, Private,110000, Doctorate,16,Single, Prof-specialty, Not-in-family, White, Female,No gains,No losses,45,US,>50K
50, Private,315000, 10th,6,Couple, Machine-op-inspct, Husband, White, Male,No gains,No losses,40,US,<=50K
29, Local-gov,289450, Assoc-voc,11,Single, Handlers-cleaners, Not-in-family, White, Male,No gains,No losses,55,US,<=50K
36, Self-emp-not-inc,135680, Bachelors,13,Couple, Sales, Wife, Amer-Indian-Eskimo, Female,No gains,No losses,20,US,<=50K
48, Private,198000, Some-college,10,Couple, Exec-managerial, Husband, White, Male,Had gains,No losses,48,US,>50K
25, Private,450000, HS-grad,9,Single, Other-service, Own-child, Black, Female,No gains,No losses,30,US,<=50K
34, Private,165000, Bachelors,13,Single, Sales, Not-in-family, White, Male,No gains,No losses,40,US,<=50K
57, Private,340500, 5th-6th,3,Couple, Craft-repair, Husband, Other, Male,No gains,Had losses,40,Non-US,<=50K
39, Private,120000, Prof-school,15,Single, Prof-specialty, Not-in-family, White, Female,No gains,No losses,50,US,>50K
19, Private,278900, HS-grad,9,Single, Transport-moving, Own-child, White, Male,No gains,No losses,20,US,<=50K
44, State-gov,187500, Some-college,10,Couple, Adm-clerical, Husband, White, Male,No gains,No losses,42,US,<=50K
52, Self-emp-inc,225000, Bachelors,13,Couple, Sales, Husband, White, Male,Had gains,No losses,55,US,>50K
