job_title,experience_level,employment_type,company_location,company_size,employee_residence,remote_ratio,education_required,years_experience,industry,job_description_length,benefits_score,company_name,required_skill_1,required_skill_2,required_skill_3,required_skill_4,required_skill_5,salary (k)
Machine Learning Engineer,Mid,Full-time,Germany,Medium,Germany,Hybrid,Bachelor,3,Technology,1245,7.8,TechCorp Inc,Python,TensorFlow,Statistics,PyTorch,Git,65.2
Data Engineer,Senior,Contract,Canada,Large,Canada,Fully remote,Master,7,Finance,1876,8.3,Cloud AI Solutions,SQL,Kubernetes,AWS,Spark,Java,110.45
AI Specialist,Entry,Part-time,India,Small,India,No remote,Associate,1,Consulting,982,6.1,Smart Analytics,Java,Linux,Python,NaN,NaN,55.8
AI Architect,Executive,Full-time,United States,Medium,United States,Hybrid,PhD,12,Healthcare,1560,9.2,Neural Networks Co,Kubernetes,Scala,Docker,Hadoop,NLP,175.3
Data Analyst,Entry,Freelance,Australia,Small,Australia,Fully remote,Bachelor,0,Real Estate,1134,7.5,DataVision Ltd,Git,Python,Tableau,R,SQL,45.9
Deep Learning Engineer,Senior,Contract,Switzerland,Large,Switzerland,No remote,Master,9,Automotive,2098,8.9,Advanced Robotics,TensorFlow,PyTorch,Computer Vision,C++,Deep Learning,148.7
Data Scientist,Mid,Full-time,United Kingdom,Medium,United Kingdom,Hybrid,Associate,5,Retail,1345,6.7,Future Systems,Spark,Hadoop,MLOps,Scala,NaN,95.15
Head of AI,Executive,Full-time,Norway,Small,Norway,Fully remote,PhD,15,Energy,1789,9.8,Quantum Computing Inc,MLOps,Docker,AWS,Linux,Kubernetes,220.6
AI Consultant,Mid,Freelance,France,Small,France,No remote,Bachelor,2,Gaming,876,5.9,Algorithmic Solutions,R,Statistics,GCP,NaN,NaN,62.4
Computer Vision Engineer,Executive,Contract,Japan,Medium,Japan,Hybrid,Master,10,Manufacturing,1456,7.1,Machine Intelligence Group,PyTorch,Computer Vision,OpenCV,Python,MATLAB,160.25
NLP Engineer,Mid,Part-time,Israel,Large,Israel,Fully remote,PhD,4,Technology,1678,8.0,AI Innovations,NLP,Transformers,Python,SQL,NaN,78.95
ML Ops Engineer,Senior,Full-time,Netherlands,Medium,Netherlands,No remote,Associate,8,Telecommunications,1923,7.6,Digital Transformation LLC,Linux,Azure,Terraform,Docker,Git,135.5
Data Analyst,Entry,Full-time,Sweden,Small,Sweden,Hybrid,Master,0,Government,1023,7.0,Predictive Systems,Data Visualization,Tableau,SQL,NaN,NaN,52.3
AI Product Manager,Executive,Freelance,Singapore,Large,Singapore,Fully remote,Bachelor,14,Media,2134,8.5,Autonomous Tech,Scala,Spark,Agile,Jira,Kafka,195.8
AI Software Engineer,Senior,Contract,Ireland,Small,Ireland,Hybrid,Master,6,Education,1356,6.3,DeepTech Ventures,AWS,GCP,Docker,Kubernetes,NaN,105.7
Research Scientist,Executive,Full-time,Denmark,Medium,Denmark,No remote,PhD,11,Finance,1654,9.5,Cognitive Computing,Mathematics,Statistics,Python,Julia,R,185.4
Autonomous Systems Engineer,Entry,Part-time,Finland,Medium,Finland,Fully remote,Associate,2,Transportation,1122,5.5,Future Systems,Docker,Kubernetes,ROS,NaN,NaN,58.6
Head of AI,Executive,Full-time,United States,Large,United States,Hybrid,Master,17,Technology,2340,9.0,DeepTech Ventures,PyTorch,TensorFlow,C++,Python,CUDA,280.75
Data Engineer,Mid,Freelance,China,Small,China,No remote,Bachelor,3,Consulting,974,6.8,Smart Analytics,Hadoop,Spark,SQL,NaN,NaN,72.8
Computer Vision Engineer,Senior,Full-time,Austria,Medium,Austria,Fully remote,PhD,9,Healthcare,1789,8.1,Advanced Robotics,Computer Vision,Deep Learning,PyTorch,TensorFlow,OpenCV,155.3
Data Scientist,Entry,Full-time,United States,Large,United States,Hybrid,Master,2,Technology,1250,7.8,TechCorp Inc,Python,TensorFlow,Statistics,SQL,Git,55.23
AI Architect,Senior,Contract,Germany,Medium,Germany,Fully remote,PhD,9,Finance,1800,8.5,Neural Networks Co,Kubernetes,Docker,MLOps,AWS,Java,145.6
Head of AI,Executive,Full-time,United Kingdom,Small,United Kingdom,No remote,Bachelor,15,Gaming,920,6.5,Advanced Robotics,SQL,PyTorch,Python,Linux,NLP,220.3
Machine Learning Engineer,Entry,Freelance,India,Small,India,No remote,Associate,0,Consulting,1500,5.5,DataVision Ltd,Java,Hadoop,Spark,R,Scala,45.8
AI Consultant,Mid,Part-time,Canada,Medium,Canada,Hybrid,Master,5,Healthcare,1100,8.2,Cognitive Computing,Git,Scala,TensorFlow,Data Visualization,Tableau,98.75
Research Scientist,Executive,Contract,Switzerland,Large,Switzerland,Fully remote,PhD,12,Energy,2000,9.0,Quantum Computing Inc,Linux,Spark,Mathematics,Computer Vision,Deep Learning,175.4
Data Engineer,Mid,Full-time,Netherlands,Medium,Netherlands,Fully remote,Bachelor,3,Media,1350,7.0,Smart Analytics,R,AWS,Python,SQL,Kubernetes,72.1
AI Product Manager,Senior,Freelance,France,Large,France,Hybrid,Master,7,Retail,1650,6.8,Future Systems,Data Visualization,GCP,Hadoop,PyTorch,MLOps,115.9
AI Specialist,Executive,Part-time,Japan,Small,Japan,No remote,Associate,10,Telecommunications,750,9.5,Machine Intelligence Group,Scala,Tableau,Statistics,Git,Hadoop,155.2
Deep Learning Engineer,Entry,Contract,South Korea,Medium,South Korea,Hybrid,PhD,1,Automotive,1900,8.0,DeepTech Ventures,TensorFlow,PyTorch,Computer Vision,Docker,Mathematics,62.5
ML Ops Engineer,Senior,Full-time,Norway,Large,Norway,Fully remote,Bachelor,6,Government,2100,7.5,Cloud AI Solutions,Spark,Kubernetes,AWS,Linux,SQL,108.3
AI Software Engineer,Executive,Freelance,Australia,Small,Australia,Hybrid,Master,14,Education,1400,6.0,Autonomous Tech,NLP,Computer Vision,PyTorch,R,Azure,190.8
Computer Vision Engineer,Mid,Part-time,China,Medium,China,No remote,Associate,4,Manufacturing,1200,5.9,Algorithmic Solutions,Azure,SQL,TensorFlow,Mathematics,Statistics,85.6
Autonomous Systems Engineer,Senior,Contract,Finland,Medium,Finland,Fully remote,PhD,8,Transportation,1700,8.8,Predictive Systems,Statistics,MLOps,Python,Java,Docker,128.4
NLP Engineer,Executive,Full-time,Sweden,Large,Sweden,No remote,Bachelor,11,Real Estate,1550,7.2,Digital Transformation LLC,Hadoop,R,Git,Spark,TensorFlow,165.9
Principal Data Scientist,Entry,Freelance,Ireland,Small,Ireland,Fully remote,Master,0,Technology,1050,9.2,AI Innovations,Docker,Git,Deep Learning,Scala,PyTorch,50.1
Robotics Engineer,Executive,Part-time,Austria,Medium,Austria,Hybrid,Associate,13,Consulting,1300,6.4,Machine Intelligence Group,GCP,Data Visualization,Kubernetes,Tableau,Linux,205.7
AI Research Scientist,Entry,Full-time,Denmark,Small,Denmark,No remote,Bachelor,2,Finance,1850,5.2,Future Systems,Mathematics,Python,NLP,Hadoop,AWS,68.9
Data Analyst,Senior,Freelance,Singapore,Large,Singapore,Hybrid,Master,7,Healthcare,1450,7.6,Cognitive Computing,Tableau,Linux,SQL,PyTorch,Scala,120.5
AI Product Manager,Executive,Contract,Israel,Medium,Israel,Fully remote,PhD,16,Gaming,1750,8.3,Neural Networks Co,Deep Learning,Kubernetes,Java,MLOps,GCP,250.4
Machine Learning Researcher,Entry,Contract,United Kingdom,Medium,United Kingdom,Hybrid,Bachelor,2,Finance,1350,6.8,Neural Networks Co,Python,TensorFlow,Statistics,Git,,55.34
AI Architect,Senior,Full-time,Germany,Large,Germany,Fully remote,Master,8,Technology,1890,8.2,Cloud AI Solutions,Kubernetes,AWS,Python,Docker,Java,145.67
Head of AI,Executive,Full-time,United States,Large,United States,No remote,PhD,15,Healthcare,2200,9.5,Digital Transformation LLC,Scala,Spark,MLOps,PyTorch,NLP,210.88
Data Analyst,Entry,Full-time,India,Small,India,No remote,Associate,0,Consulting,980,5.5,Smart Analytics,SQL,Git,Excel,,,45.76
Deep Learning Engineer,Mid,Full-time,Canada,Medium,Canada,Hybrid,Master,5,Automotive,1575,7.1,Autonomous Tech,PyTorch,Python,Computer Vision,C++,Docker,98.44
AI Product Manager,Executive,Freelance,Switzerland,Small,Switzerland,Fully remote,Bachelor,12,Gaming,1150,8.9,Future Systems,AWS,Linux,Agile,SQL,Tableau,175.32
Data Engineer,Mid,Contract,Netherlands,Medium,Netherlands,No remote,PhD,3,Telecommunications,1640,6.5,Algorithmic Solutions,Hadoop,Scala,Kafka,Azure,,80.91
Computer Vision Engineer,Senior,Part-time,Norway,Large,Norway,Hybrid,Associate,10,Manufacturing,1825,7.8,Machine Intelligence Group,Computer Vision,PyTorch,OpenCV,Docker,MLOps,155.48
Research Scientist,Executive,Freelance,Denmark,Medium,Denmark,Fully remote,Master,18,Education,1460,9.1,Neural Networks Co,TensorFlow,Kubernetes,Mathematics,Spark,R,290.55
AI Software Engineer,Entry,Part-time,Australia,Small,Australia,Fully remote,Bachelor,1,Real Estate,1210,7.4,TechCorp Inc,Java,SQL,Spring,Maven,Git,62.37
NLP Engineer,Senior,Full-time,France,Medium,France,No remote,PhD,7,Media,2050,8.0,DeepTech Ventures,NLP,Python,Transformers,PyTorch,Hadoop,128.93
Data Scientist,Mid,Contract,Ireland,Large,Ireland,Hybrid,Associate,4,Government,1330,6.2,Predictive Systems,R,Tableau,Statistics,,,73.82
AI Specialist,Executive,Full-time,Japan,Small,Japan,No remote,Master,20,Energy,1780,9.3,Quantum Computing Inc,MLOps,GCP,CI/CD,Terraform,Kubernetes,248.12
AI Consultant,Senior,Freelance,Singapore,Medium,Singapore,Fully remote,Bachelor,6,Retail,1420,6.9,Cognitive Computing,Azure,Data Visualization,Power BI,,,110.64
Principal Data Scientist,Senior,Full-time,Finland,Large,Finland,Hybrid,PhD,9,Telecommunications,2310,8.5,Advanced Robotics,Spark,Java,Scala,Kafka,Python,170.21
ML Ops Engineer,Entry,Contract,South Korea,Small,South Korea,Hybrid,Master,2,Transportation,1695,7.0,DataVision Ltd,Linux,Docker,Jenkins,Ansible,AWS,68.15
Autonomous Systems Engineer,Executive,Part-time,Austria,Medium,Austria,Hybrid,Associate,14,Government,1110,8.1,Autonomous Tech,Deep Learning,PyTorch,ROS,C++,TensorFlow,195.4
AI Research Scientist,Entry,Freelance,China,Large,China,No remote,Bachelor,0,Technology,1040,5.9,AI Innovations,Statistics,Python,Probability,,,52.87
Machine Learning Engineer,Executive,Full-time,Sweden,Medium,Sweden,Fully remote,PhD,11,Consulting,1985,7.6,Machine Intelligence Group,GCP,Kubernetes,BigQuery,Dataflow,SQL,160.75
Data Engineer,Mid,Full-time,Israel,Small,Israel,No remote,Master,5,Gaming,1255,7.3,Future Systems,Mathematics,Spark,Scala,,,85.33
Data Scientist,Entry,Full-time,Canada,Small,Canada,Hybrid,Bachelor,2,Finance,1345,7.2,AI Innovations,Python,TensorFlow,SQL,Git,Java,65.3
Data Engineer,Mid,Contract,Germany,Medium,Germany,No remote,Master,5,Telecommunications,1892,6.5,Digital Transformation LLC,Spark,SQL,Python,Kubernetes,,102.8
AI Research Scientist,Senior,Part-time,Switzerland,Large,Switzerland,Fully remote,PhD,8,Healthcare,1047,9.1,Neural Networks Co,PyTorch,Linux,Mathematics,Statistics,Deep Learning,155.2
Head of AI,Executive,Full-time,United States,Medium,United States,Hybrid,Master,14,Technology,2250,8.4,TechCorp Inc,Kubernetes,AWS,Docker,MLOps,,210.0
Machine Learning Engineer,Entry,Freelance,India,Small,India,Fully remote,Associate,0,Gaming,1678,7.0,Machine Intelligence Group,Git,Hadoop,Linux,Python,SQL,55.75
AI Specialist,Executive,Full-time,Norway,Large,Norway,No remote,PhD,10,Energy,1310,9.5,Autonomous Tech,NLP,Java,PyTorch,GCP,Tableau,180.5
AI Consultant,Mid,Freelance,United Kingdom,Small,United Kingdom,Hybrid,Bachelor,3,Consulting,750,6.8,Cognitive Computing,R,Mathematics,Scala,Data Visualization,Git,79.4
Deep Learning Engineer,Senior,Contract,France,Medium,France,No remote,Associate,6,Media,2045,5.9,DeepTech Ventures,Scala,Kubernetes,TensorFlow,Spark,,118.6
Computer Vision Engineer,Executive,Part-time,Japan,Medium,Japan,Fully remote,Bachelor,12,Automotive,965,7.8,Advanced Robotics,Linux,PyTorch,Computer Vision,R,NLP,195.3
Autonomous Systems Engineer,Entry,Full-time,China,Large,China,No remote,Associate,0,Transportation,1832,5.5,Future Systems,Java,GCP,Data Visualization,,,45.0
AI Product Manager,Senior,Full-time,Sweden,Large,Sweden,Fully remote,Master,7,Retail,1123,8.0,DataVision Ltd,SQL,Scala,AWS,Tableau,,148.75
NLP Engineer,Mid,Contract,Ireland,Small,Ireland,Hybrid,PhD,4,Government,1520,7.3,Algorithmic Solutions,TensorFlow,Docker,NLP,Python,Kubernetes,95.1
Data Analyst,Senior,Part-time,Australia,Medium,Australia,Hybrid,Bachelor,9,Education,811,6.2,Smart Analytics,Hadoop,Spark,Statistics,Java,Mathematics,135.9
Research Scientist,Executive,Freelance,Denmark,Small,Denmark,No remote,PhD,15,Manufacturing,1970,9.8,Quantum Computing Inc,MLOps,Tableau,Azure,Hadoop,,230.0
ML Ops Engineer,Entry,Full-time,Finland,Medium,Finland,Hybrid,Master,2,Real Estate,2140,8.9,Predictive Systems,Azure,Git,Docker,Linux,Python,72.5
AI Architect,Executive,Full-time,Austria,Large,Austria,Fully remote,Associate,11,Consulting,1456,6.7,Cloud AI Solutions,Statistics,Python,MLOps,TensorFlow,R,172.4
Robotics Engineer,Entry,Contract,South Korea,Small,South Korea,Hybrid,Bachelor,0,Gaming,1100,6.0,AI Innovations,Deep Learning,Statistics,Computer Vision,GCP,,60.0
Machine Learning Researcher,Mid,Part-time,Israel,Medium,Israel,No remote,Associate,5,Finance,1780,7.5,TechCorp Inc,Kubernetes,NLP,PyTorch,Spark,MLOps,108.5
AI Software Engineer,Executive,Freelance,Netherlands,Small,Netherlands,No remote,Master,13,Energy,900,8.2,Digital Transformation LLC,Computer Vision,R,TensorFlow,SQL,Scala,160.0
Principal Data Scientist,Entry,Freelance,Singapore,Large,Singapore,Fully remote,PhD,0,Telecommunications,2400,9.0,Autonomous Tech,AWS,Data Visualization,Hadoop,Kubernetes,,49.9
Machine Learning Engineer,Senior,Full-time,United States,Large,United States,Hybrid,Master,8,Technology,1856,8.3,TechCorp Inc,Python,TensorFlow,AWS,PyTorch,Git,145.32
Data Analyst,Entry,Contract,Canada,Medium,Canada,Fully remote,Bachelor,2,Finance,1245,6.7,DataVision Ltd,SQL,Python,Tableau,Statistics,Java,62.15
AI Architect,Executive,Full-time,Germany,Small,Germany,No remote,PhD,14,Automotive,2103,9.1,Neural Networks Co,Kubernetes,Scala,Docker,Spark,MLOps,215.8
Deep Learning Engineer,Mid,Freelance,United Kingdom,Small,United Kingdom,Hybrid,Master,5,Healthcare,1678,7.5,DeepTech Ventures,PyTorch,AWS,Linux,Computer Vision,Hadoop,97.44
AI Consultant,Entry,Part-time,India,Medium,India,No remote,Associate,0,Consulting,950,5.8,Smart Analytics,Java,Git,Python,R,SQL,45.6
Head of AI,Executive,Full-time,Switzerland,Large,Switzerland,Fully remote,Bachelor,10,Finance,1320,8.8,Quantum Computing Inc,Spark,Hadoop,MLOps,Scala,TensorFlow,178.55
Research Scientist,Mid,Contract,Norway,Medium,Norway,Fully remote,PhD,3,Energy,1880,6.9,Algorithmic Solutions,R,Statistics,Python,NLP,Deep Learning,72.33
AI Product Manager,Executive,Freelance,Sweden,Small,Sweden,Hybrid,Master,15,Telecommunications,1105,7.2,Autonomous Tech,Linux,Kubernetes,Azure,Docker,Git,195.2
Data Scientist,Senior,Full-time,Australia,Large,Australia,No remote,Associate,6,Media,1432,8.0,Predictive Systems,Data Visualization,Tableau,SQL,Python,NLP,110.9
ML Ops Engineer,Entry,Contract,Netherlands,Medium,Netherlands,Hybrid,Bachelor,1,Government,2200,9.4,Digital Transformation LLC,GCP,Docker,TensorFlow,AWS,Kubernetes,55.78
AI Specialist,Senior,Part-time,Japan,Small,Japan,Fully remote,PhD,9,Gaming,850,6.5,Future Systems,Scala,Spark,PyTorch,Java,Mathematics,155.67
Data Engineer,Mid,Full-time,France,Large,France,No remote,Associate,4,Retail,1725,7.8,Cloud AI Solutions,AWS,Azure,Hadoop,GCP,Linux,82.46
Computer Vision Engineer,Executive,Full-time,South Korea,Medium,South Korea,Hybrid,Master,12,Manufacturing,1940,9.6,Machine Intelligence Group,Computer Vision,NLP,Deep Learning,TensorFlow,PyTorch,189.34
AI Research Scientist,Senior,Freelance,Finland,Small,Finland,Fully remote,Bachelor,7,Education,1560,5.9,Cognitive Computing,TensorFlow,PyTorch,Mathematics,R,Statistics,125.48
Robotics Engineer,Entry,Part-time,China,Medium,China,Fully remote,PhD,0,Transportation,1380,6.2,Advanced Robotics,Docker,MLOps,Kubernetes,Git,Scala,49.87
Principal Data Scientist,Executive,Contract,Austria,Large,Austria,Hybrid,Associate,11,Real Estate,1750,7.4,AI Innovations,Hadoop,Java,SQL,Data Visualization,Tableau,205.12
Autonomous Systems Engineer,Entry,Full-time,Ireland,Small,Ireland,No remote,Master,2,Gaming,2000,8.5,Future Systems,Git,Linux,Python,C++,AWS,68.9
AI Software Engineer,Executive,Freelance,Singapore,Medium,Singapore,Fully remote,Bachelor,13,Technology,1200,9.0,TechCorp Inc,SQL,Python,Kubernetes,MLOps,Spark,170.45
AI Specialist,Senior,Full-time,Denmark,Small,Denmark,Hybrid,PhD,6,Consulting,1650,7.0,Neural Networks Co,Mathematics,Statistics,TensorFlow,Hadoop,R,103.75
Head of AI,Executive,Full-time,United States,Large,United States,No remote,Master,16,Healthcare,2240,9.8,Cognitive Computing,MLOps,Docker,Kubernetes,Scala,Deep Learning,250.9
Data Scientist,Entry,Full-time,United States,Medium,United States,Hybrid,Associate,2,Technology,1250,7.2,DataVision Ltd,Python,SQL,Statistics,R,,55.23
Machine Learning Engineer,Senior,Contract,Germany,Large,Germany,Fully remote,PhD,8,Automotive,1890,8.9,Autonomous Tech,PyTorch,Kubernetes,Python,AWS,Docker,142.5
Head of AI,Executive,Full-time,United Kingdom,Medium,United Kingdom,No remote,Bachelor,15,Finance,1450,6.5,Cognitive Computing,Java,Scala,Linux,Git,Spark,215.8
Data Analyst,Entry,Part-time,Canada,Small,Canada,Fully remote,Master,0,Retail,980,8.1,Smart Analytics,SQL,Python,Data Visualization,Excel,Tableau,45.9
AI Research Scientist,Mid,Full-time,Switzerland,Large,Switzerland,Hybrid,PhD,5,Healthcare,2100,9.5,Neural Networks Co,TensorFlow,PyTorch,Deep Learning,Computer Vision,,98.75
AI Architect,Executive,Freelance,Netherlands,Small,Netherlands,Hybrid,Associate,12,Consulting,1650,7.8,Algorithmic Solutions,Kubernetes,Docker,AWS,Terraform,Git,175.3
Data Engineer,Mid,Contract,India,Medium,India,No remote,Bachelor,3,Telecommunications,1380,6.0,TechCorp Inc,Scala,Spark,Hadoop,Kafka,,72.1
NLP Engineer,Senior,Full-time,Norway,Medium,Norway,Fully remote,Master,9,Media,1720,8.5,DeepTech Ventures,NLP,Transformers,PyTorch,Hugging Face,Python,155.6
ML Ops Engineer,Entry,Freelance,Israel,Small,Israel,Hybrid,Bachelor,1,Gaming,1120,7.0,Quantum Computing Inc,Linux,Bash,CI/CD,Kubernetes,Docker,60.8
Data Scientist,Senior,Part-time,France,Large,France,No remote,Associate,7,Energy,1560,6.8,Future Systems,R,Statistics,Python,SQL,,128.4
Principal Data Scientist,Executive,Contract,United States,Large,United States,Fully remote,PhD,20,Technology,2200,9.0,Cloud AI Solutions,MLOps,AWS,Kubernetes,Terraform,Kubeflow,280.0
Computer Vision Engineer,Mid,Full-time,South Korea,Small,South Korea,Fully remote,Master,4,Manufacturing,1340,7.5,Advanced Robotics,Computer Vision,OpenCV,PyTorch,TensorFlow,Python,85.2
AI Product Manager,Executive,Full-time,Japan,Medium,Japan,No remote,Bachelor,14,Gaming,1080,6.2,Machine Intelligence Group,Git,Jira,Agile,SQL,,195.0
Data Engineer,Entry,Contract,China,Large,China,No remote,Associate,0,Government,1850,8.0,Predictive Systems,Hadoop,MapReduce,Spark,Scala,,52.4
Robotics Engineer,Senior,Freelance,Denmark,Small,Denmark,Hybrid,PhD,10,Transportation,1950,9.2,Autonomous Tech,Reinforcement Learning,Python,ROS,Simulation,C++,168.9
Data Analyst,Senior,Part-time,Australia,Medium,Australia,Fully remote,Master,6,Real Estate,1020,7.9,Digital Transformation LLC,SQL,Tableau,Excel,Python,Power BI,110.3
Research Scientist,Executive,Full-time,Austria,Medium,Austria,Hybrid,PhD,18,Education,1780,8.3,Quantum Computing Inc,Deep Learning,CUDA,PyTorch,Mathematics,C++,245.6
AI Software Engineer,Entry,Full-time,Finland,Small,Finland,Hybrid,Master,2,Consulting,1430,6.7,AI Innovations,AWS,GCP,Docker,Python,,67.8
AI Specialist,Executive,Freelance,Sweden,Large,Sweden,No remote,Bachelor,11,Healthcare,1600,5.5,Machine Intelligence Group,Azure,DevOps,Kubernetes,CI/CD,Terraform,185.4
AI Consultant,Mid,Contract,Singapore,Small,Singapore,Fully remote,Associate,5,Finance,1210,9.8,DeepTech Ventures,Statistics,Mathematics,Python,SQL,R,105.6
Data Scientist,Mid,Full-time,United States,Medium,United States,Hybrid,Bachelor,2,Technology,1250,7.8,TechCorp Inc,Python,TensorFlow,Statistics,SQL,Git,65.3
AI Architect,Executive,Contract,Germany,Small,Germany,No remote,PhD,12,Finance,1800,8.5,Neural Networks Co,Kubernetes,Scala,Linux,Docker,Java,148.5
Machine Learning Engineer,Senior,Part-time,Canada,Large,Canada,Fully remote,Master,5,Healthcare,1500,9.1,Cloud AI Solutions,SQL,PyTorch,Python,AWS,MLOps,95.2
Data Analyst,Entry,Freelance,India,Small,India,No remote,Associate,0,Consulting,900,6.2,DataVision Ltd,Java,Hadoop,SQL,R,Tableau,45.1
Head of AI,Executive,Full-time,United Kingdom,Medium,United Kingdom,Hybrid,Master,15,Gaming,2100,7.0,Autonomous Tech,R,Spark,Kubernetes,PyTorch,Deep Learning,220.0
AI Software Engineer,Mid,Contract,Norway,Medium,Norway,Fully remote,Associate,3,Energy,1650,8.0,DeepTech Ventures,Git,Linux,Computer Vision,Scala,NLP,72.8
Data Engineer,Senior,Part-time,Australia,Large,Australia,No remote,Bachelor,9,Transportation,1400,6.9,Machine Intelligence Group,Scala,SQL,AWS,Spark,Mathematics,135.6
AI Consultant,Entry,Full-time,Sweden,Small,Sweden,Hybrid,PhD,1,Media,1100,5.5,Predictive Systems,TensorFlow,Python,Azure,Git,Hadoop,55.9
AI Product Manager,Senior,Freelance,Finland,Medium,Finland,Fully remote,Master,7,Telecommunications,1750,7.5,Quantum Computing Inc,Data Visualization,Kubernetes,GCP,Python,Statistics,110.4
Research Scientist,Executive,Contract,Switzerland,Small,Switzerland,No remote,PhD,20,Automotive,2000,9.8,Advanced Robotics,MLOps,Git,Spark,Linux,Docker,300.5
Deep Learning Engineer,Mid,Full-time,China,Large,China,No remote,Bachelor,4,Manufacturing,1300,6.0,Smart Analytics,Linux,AWS,Python,TensorFlow,PyTorch,82.0
Computer Vision Engineer,Executive,Part-time,France,Medium,France,Hybrid,Associate,11,Education,1600,8.8,Future Systems,Hadoop,Java,SQL,Tableau,GCP,160.0
NLP Engineer,Senior,Freelance,Israel,Small,Israel,Fully remote,PhD,6,Government,1450,7.2,Cognitive Computing,Spark,R,Mathematics,Docker,Azure,105.75
ML Ops Engineer,Entry,Contract,Singapore,Medium,Singapore,Hybrid,Master,0,Real Estate,1900,9.0,Digital Transformation LLC,Docker,Data Visualization,Kubernetes,AWS,Linux,50.0
Autonomous Systems Engineer,Senior,Full-time,Austria,Large,Austria,No remote,Associate,8,Retail,1350,6.5,Algorithmic Solutions,PyTorch,NLP,Git,Statistics,Scala,120.3
Principal Data Scientist,Executive,Part-time,Denmark,Small,Denmark,Fully remote,Bachelor,14,Technology,2200,8.2,AI Innovations,Statistics,Deep Learning,Hadoop,R,Python,175.4
AI Specialist,Entry,Freelance,Ireland,Large,Ireland,Fully remote,Associate,2,Consulting,1200,7.0,Future Systems,GCP,Tableau,Java,SQL,Spark,60.5
AI Research Scientist,Senior,Full-time,South Korea,Medium,South Korea,Hybrid,PhD,10,Healthcare,1550,9.5,Neural Networks Co,AWS,MLOps,TensorFlow,Computer Vision,Kubernetes,155.2
AI Product Manager,Executive,Contract,Japan,Small,Japan,No remote,Master,13,Gaming,1700,6.8,DeepTech Ventures,Computer Vision,Python,Scala,Git,R,190.0
Robotics Engineer,Executive,Freelance,Netherlands,Large,Netherlands,Fully remote,Bachelor,16,Manufacturing,1850,9.9,Machine Intelligence Group,Azure,Mathematics,Docker,PyTorch,NLP,250.75
Data Scientist,Mid,Full-time,United States,Medium,United States,Hybrid,Bachelor,2,Technology,1205,7.8,DataVision Ltd,Python,SQL,Statistics,R,Git,65.3
ML Ops Engineer,Senior,Contract,Germany,Large,Germany,Fully remote,Master,8,Automotive,1890,8.2,Autonomous Tech,Kubernetes,Docker,AWS,Linux,TensorFlow,145.0
AI Specialist,Entry,Part-time,India,Small,India,No remote,Associate,0,Finance,950,6.5,Smart Analytics,Java,Python,PyTorch,Git,SQL,55.7
Head of AI,Executive,Full-time,Switzerland,Medium,Switzerland,Hybrid,PhD,15,Healthcare,1650,9.1,Neural Networks Co,Scala,Spark,Deep Learning,PyTorch,MLOps,210.0
Machine Learning Engineer,Mid,Freelance,Canada,Small,Canada,Fully remote,Master,5,Gaming,1420,7.0,DeepTech Ventures,TensorFlow,Kubernetes,Python,Scala,Hadoop,98.5
AI Architect,Executive,Contract,United Kingdom,Large,United Kingdom,No remote,Bachelor,12,Telecommunications,2100,8.0,Quantum Computing Inc,Git,Linux,MLOps,Hadoop,Java,175.3
Data Analyst,Entry,Full-time,Australia,Medium,Australia,Hybrid,Bachelor,1,Real Estate,780,7.5,Cognitive Computing,SQL,PyTorch,Python,R,Tableau,60.2
Research Scientist,Senior,Part-time,Norway,Medium,Norway,Fully remote,PhD,10,Energy,1750,8.5,Future Systems,R,Hadoop,Statistics,Docker,Deep Learning,155.8
AI Software Engineer,Mid,Freelance,France,Small,France,No remote,Associate,3,Consulting,1600,6.8,Algorithmic Solutions,Linux,AWS,Scala,Spark,NLP,82.0
AI Product Manager,Executive,Full-time,Japan,Large,Japan,Hybrid,Master,20,Manufacturing,1350,9.3,TechCorp Inc,Data Visualization,Tableau,Python,SQL,Kubernetes,250.0
Data Engineer,Senior,Contract,Sweden,Medium,Sweden,Hybrid,Bachelor,6,Media,2000,7.2,Cloud AI Solutions,GCP,Azure,Spark,Git,Statistics,110.4
Computer Vision Engineer,Entry,Part-time,China,Large,China,Fully remote,PhD,0,Transportation,2200,6.0,Machine Intelligence Group,Computer Vision,Deep Learning,NLP,TensorFlow,Python,45.9
AI Consultant,Senior,Full-time,Finland,Small,Finland,No remote,Associate,9,Government,1480,7.9,Predictive Systems,PyTorch,Scala,R,Kubernetes,Mathematics,130.5
NLP Engineer,Executive,Freelance,Denmark,Medium,Denmark,Fully remote,Master,14,Education,1100,8.8,Advanced Robotics,NLP,Statistics,Python,Docker,Spark,190.2
Deep Learning Engineer,Senior,Part-time,South Korea,Medium,South Korea,Hybrid,PhD,7,Retail,1300,7.6,Digital Transformation LLC,Hadoop,MLOps,TensorFlow,Java,Linux,120.0
Autonomous Systems Engineer,Mid,Contract,Singapore,Small,Singapore,Fully remote,Bachelor,4,Technology,1900,5.9,AI Innovations,Docker,Git,C++,Linux,AWS,95.0
Principal Data Scientist,Executive,Full-time,Israel,Large,Israel,No remote,Associate,11,Finance,1550,8.3,Quantum Computing Inc,Spark,GCP,SQL,Statistics,PyTorch,165.0
AI Research Scientist,Mid,Freelance,Austria,Small,Austria,Hybrid,Master,2,Healthcare,900,8.1,Cognitive Computing,Mathematics,R,Python,Scala,Data Visualization,72.1
AI Specialist,Executive,Part-time,Ireland,Medium,Ireland,Fully remote,PhD,17,Consulting,1700,9.5,Future Systems,Tableau,Data Visualization,Kubernetes,Hadoop,Git,230.0
Robotics Engineer,Executive,Full-time,Netherlands,Large,Netherlands,Hybrid,Bachelor,13,Automotive,1450,7.4,Advanced Robotics,AWS,Python,C++,MLOps,Kubernetes,180.0
Data Scientist,Mid,Full-time,Germany,Large,Germany,Hybrid,Bachelor,2,Finance,1450,7.8,TechCorp Inc,Python,SQL,Statistics,R,Git,62.15
AI Research Scientist,Executive,Full-time,United States,Medium,United States,Fully remote,PhD,14,Healthcare,2100,9.2,Neural Networks Co,TensorFlow,PyTorch,Python,Mathematics,Deep Learning,185.3
ML Ops Engineer,Senior,Contract,United Kingdom,Small,United Kingdom,No remote,Master,5,Technology,1780,6.5,Cloud AI Solutions,Kubernetes,Docker,Linux,GCP,AWS,95.8
Data Analyst,Entry,Part-time,India,Medium,India,Hybrid,Bachelor,0,Consulting,1200,5.5,DataVision Ltd,SQL,Python,Data Visualization,Excel,Tableau,45.6
Computer Vision Engineer,Executive,Freelance,Canada,Medium,Canada,Hybrid,PhD,10,Automotive,1650,8.1,Autonomous Tech,PyTorch,Computer Vision,OpenCV,C++,NLP,155.4
Data Engineer,Mid,Full-time,Netherlands,Large,Netherlands,Fully remote,Master,3,Media,1900,7.0,Digital Transformation LLC,Scala,Spark,AWS,Kafka,Hadoop,78.9
Head of AI,Executive,Full-time,Switzerland,Small,Switzerland,No remote,Bachelor,20,Banking,2300,9.8,Quantum Computing Inc,Java,Git,Agile,Leadership,MLOps,250.0
Machine Learning Engineer,Entry,Contract,Austria,Small,Austria,No remote,Associate,1,Telecommunications,1100,6.0,Smart Analytics,Linux,Bash,Python,CI/CD,Docker,55.3
Data Scientist,Senior,Freelance,Norway,Medium,Norway,Fully remote,PhD,8,Energy,1550,8.5,Predictive Systems,R,Statistics,SQL,Shiny,ggplot2,140.2
Data Engineer,Senior,Full-time,Sweden,Large,Sweden,Hybrid,Master,6,Gaming,1350,7.5,Machine Intelligence Group,GCP,BigQuery,Python,Terraform,Airflow,110.5
AI Architect,Executive,Contract,Israel,Small,Israel,Fully remote,Master,15,Defense,2200,9.0,Algorithmic Solutions,AWS,Kubernetes,Microservices,Go,Terraform,175.8
Machine Learning Researcher,Entry,Part-time,France,Medium,France,Fully remote,Bachelor,0,Education,980,6.8,DeepTech Ventures,Python,NumPy,Scikit-learn,Jupyter,Pandas,50.1
Data Analyst,Senior,Full-time,Australia,Large,Australia,No remote,Associate,7,Retail,1400,7.2,Cognitive Computing,SQL,Tableau,Excel,R,PowerBI,105.0
AI Specialist,Executive,Freelance,Japan,Medium,Japan,Hybrid,PhD,12,Manufacturing,1750,8.3,Future Systems,Hadoop,Spark,Scala,Java,Kafka,165.9
AI Software Engineer,Mid,Contract,South Korea,Small,South Korea,Hybrid,Bachelor,4,Technology,1600,6.2,Advanced Robotics,Git,CI/CD,Python,Docker,Jenkins,85.4
ML Ops Engineer,Senior,Full-time,China,Large,China,No remote,Master,9,E-commerce,2000,7.9,AI Innovations,Azure,MLOps,Docker,Kubernetes,Python,125.7
AI Consultant,Mid,Freelance,Finland,Small,Finland,Fully remote,Associate,2,Consulting,1300,5.9,Autonomous Tech,JavaScript,React,Python,API,Node.js,68.3
NLP Engineer,Executive,Part-time,Singapore,Medium,Singapore,Fully remote,PhD,11,Government,1850,8.8,DeepTech Ventures,NLP,Transformers,Python,PyTorch,BERT,145.6
Robotics Engineer,Executive,Full-time,Denmark,Small,Denmark,No remote,Bachelor,19,Logistics,2400,9.5,Neural Networks Co,C++,ROS,Python,Linux,SLAM,220.0
Data Analyst,Entry,Part-time,Ireland,Medium,Ireland,Hybrid,Master,0,Real Estate,1050,6.5,DataVision Ltd,Data Visualization,D3.js,SQL,Python,Plotly,48.8
Machine Learning Engineer,Mid,Full-time,Germany,Medium,Germany,Hybrid,Master,2,Technology,1345,7.2,TechCorp Inc,Python,TensorFlow,Statistics,Docker,Git,62.15
Data Scientist,Senior,Contract,Canada,Large,Canada,Fully remote,Bachelor,7,Finance,1820,8.1,DataVision Ltd,SQL,PyTorch,Python,AWS,Java,115.8
AI Architect,Executive,Full-time,United States,Small,United States,No remote,PhD,12,Healthcare,1560,9.0,Neural Networks Co,Hadoop,Scala,Kubernetes,Linux,MLOps,178.4
Head of AI,Executive,Freelance,Switzerland,Medium,Switzerland,Fully remote,Master,15,Gaming,1100,8.5,Cognitive Computing,Kubernetes,AWS,Spark,PyTorch,Docker,210.3
Data Engineer,Mid,Part-time,India,Large,India,Hybrid,Associate,5,Consulting,1725,6.7,Smart Analytics,Java,Linux,SQL,Azure,Statistics,99.5
Research Scientist,Entry,Full-time,France,Small,France,No remote,PhD,0,Energy,920,5.8,Quantum Computing Inc,R,Data Visualization,Mathematics,GCP,Tableau,55.8
Computer Vision Engineer,Senior,Contract,Norway,Medium,Norway,Fully remote,Master,8,Automotive,2040,9.2,DeepTech Ventures,PyTorch,Computer Vision,Deep Learning,Python,NLP,141.2
AI Specialist,Mid,Freelance,United Kingdom,Small,United Kingdom,Hybrid,Bachelor,3,Media,1280,7.5,Algorithmic Solutions,Git,Spark,TensorFlow,Hadoop,Scala,78.9
AI Product Manager,Executive,Part-time,Japan,Large,Japan,No remote,Associate,11,Retail,890,6.3,Autonomous Tech,Scala,Hadoop,Python,MLOps,Linux,165.7
ML Ops Engineer,Entry,Full-time,Australia,Medium,Australia,Hybrid,Associate,1,Telecommunications,1650,8.0,Predictive Systems,Docker,GCP,Azure,Linux,Kubernetes,49.6
Data Analyst,Senior,Freelance,Sweden,Small,Sweden,Fully remote,PhD,9,Government,1450,9.5,Future Systems,Tableau,SQL,Statistics,R,Deep Learning,132.4
Autonomous Systems Engineer,Mid,Contract,South Korea,Large,South Korea,No remote,Master,4,Manufacturing,1900,7.0,Machine Intelligence Group,TensorFlow,Kubernetes,Java,Computer Vision,Mathematics,85.2
AI Consultant,Entry,Part-time,Ireland,Medium,Ireland,Fully remote,Bachelor,0,Real Estate,750,6.0,AI Innovations,Statistics,Python,NLP,Data Visualization,PyTorch,44.9
Deep Learning Engineer,Senior,Full-time,China,Small,China,Hybrid,PhD,6,Education,1680,8.8,Cloud AI Solutions,Spark,Java,Git,Scala,Hadoop,108.9
NLP Engineer,Executive,Freelance,Finland,Large,Finland,Hybrid,Bachelor,14,Transportation,1300,7.8,Advanced Robotics,MLOps,Docker,Kubernetes,Mathematics,AWS,155.6
AI Software Engineer,Executive,Contract,Singapore,Medium,Singapore,Fully remote,Associate,10,Consulting,2200,6.5,Digital Transformation LLC,Azure,PyTorch,SQL,Linux,TensorFlow,148.3
Machine Learning Researcher,Entry,Freelance,Austria,Small,Austria,No remote,Master,2,Gaming,1020,5.5,DeepTech Ventures,NLP,Tableau,Python,GCP,R,68.7
Principal Data Scientist,Executive,Full-time,Denmark,Medium,Denmark,No remote,PhD,16,Finance,1850,9.8,Machine Intelligence Group,Deep Learning,Statistics,TensorFlow,Spark,PyTorch,190.2
Robotics Engineer,Mid,Part-time,Israel,Large,Israel,Fully remote,Associate,3,Technology,1240,7.9,Neural Networks Co,Linux,MLOps,Computer Vision,Java,Docker,82.5
AI Research Scientist,Executive,Full-time,Netherlands,Small,Netherlands,Hybrid,PhD,13,Healthcare,1600,8.3,Quantum Computing Inc,GCP,Kubernetes,Python,AWS,Spark,202.1
Data Scientist,Entry,Full-time,United States,Large,United States,Hybrid,Bachelor,2,Technology,1450,7.8,TechCorp Inc,Python,TensorFlow,SQL,Statistics,Git,65.35
AI Software Engineer,Mid,Contract,Germany,Medium,Germany,Fully remote,Master,5,Finance,1820,6.5,Neural Networks Co,SQL,PyTorch,Python,AWS,Java,88.45
Machine Learning Engineer,Senior,Full-time,Canada,Small,Canada,No remote,PhD,10,Healthcare,1200,8.2,Algorithmic Solutions,Kubernetes,Scala,Docker,Linux,MLOps,145.2
Head of AI,Executive,Freelance,United Kingdom,Large,United Kingdom,Hybrid,Master,15,Consulting,950,9.1,Digital Transformation LLC,Java,Hadoop,Spark,R,Deep Learning,180.55
Data Analyst,Entry,Part-time,India,Medium,India,Fully remote,Associate,0,Real Estate,1650,5.5,Predictive Systems,Linux,Python,Tableau,SQL,Statistics,45.8
AI Architect,Senior,Full-time,Norway,Small,Norway,Hybrid,Bachelor,8,Energy,2100,7.0,Cloud AI Solutions,GCP,AWS,Git,TensorFlow,Kubernetes,110.75
Computer Vision Engineer,Mid,Contract,France,Medium,France,No remote,PhD,3,Media,1380,8.5,DeepTech Ventures,PyTorch,Computer Vision,Mathematics,Docker,NLP,72.9
AI Product Manager,Executive,Freelance,Sweden,Large,Sweden,Fully remote,Master,12,Gaming,1100,6.8,Cognitive Computing,Spark,MLOps,Python,Azure,Data Visualization,155.35
Data Engineer,Senior,Part-time,Australia,Small,Australia,Hybrid,Associate,6,Transportation,1550,7.5,Smart Analytics,R,Statistics,Hadoop,Scala,Tableau,95.6
AI Research Scientist,Entry,Full-time,Japan,Medium,Japan,No remote,Bachelor,1,Automotive,1750,6.2,Future Systems,Git,Docker,TensorFlow,Linux,PyTorch,55.4
AI Specialist,Executive,Full-time,Switzerland,Small,Switzerland,No remote,PhD,14,Telecommunications,890,9.3,Quantum Computing Inc,Scala,Azure,Kubernetes,Computer Vision,Mathematics,200.15
NLP Engineer,Mid,Freelance,Finland,Large,Finland,Fully remote,Associate,4,Government,1280,7.9,Machine Intelligence Group,Data Visualization,Git,Python,NLP,Spark,80.25
Deep Learning Engineer,Senior,Contract,Netherlands,Medium,Netherlands,Fully remote,Master,7,Retail,1900,6.0,Autonomous Tech,TensorFlow,Kubernetes,AWS,MLOps,Linux,115.8
Autonomous Systems Engineer,Senior,Part-time,Singapore,Small,Singapore,Hybrid,Bachelor,9,Manufacturing,1350,8.8,Advanced Robotics,Hadoop,R,PyTorch,Java,GCP,135.0
ML Ops Engineer,Entry,Freelance,South Korea,Medium,South Korea,Hybrid,Master,0,Education,1700,9.0,DataVision Ltd,Mathematics,SQL,Linux,TensorFlow,Docker,52.1
Research Scientist,Executive,Full-time,Denmark,Large,Denmark,Fully remote,PhD,11,Technology,1050,7.2,AI Innovations,AWS,Deep Learning,Statistics,Spark,Scala,165.4
AI Consultant,Mid,Full-time,Austria,Small,Austria,No remote,Bachelor,5,Consulting,1600,6.7,Predictive Systems,NLP,Tableau,Python,Azure,AWS,92.3
Principal Data Scientist,Executive,Freelance,Ireland,Medium,Ireland,Hybrid,Associate,20,Finance,750,8.0,Neural Networks Co,Docker,Java,SQL,Data Visualization,Hadoop,250.0
Robotics Engineer,Mid,Contract,China,Large,China,Fully remote,Master,3,Gaming,2200,5.8,Digital Transformation LLC,Spark,Linux,PyTorch,Git,Computer Vision,68.75
Head of AI,Executive,Part-time,Israel,Small,Israel,No remote,Bachelor,13,Healthcare,1400,9.5,DeepTech Ventures,Statistics,GCP,TensorFlow,Kubernetes,R,170.9
Machine Learning Engineer,Senior,Full-time,Germany,Medium,Germany,Fully remote,Bachelor,5,Finance,1450,7.8,Cloud AI Solutions,Python,Kubernetes,TensorFlow,Git,SQL,115.23
Data Analyst,Entry,Contract,Canada,Small,Canada,Hybrid,Master,1,Healthcare,1280,6.5,DataVision Ltd,SQL,Python,Statistics,Tableau,Java,55.6
AI Architect,Executive,Part-time,United States,Large,United States,No remote,PhD,12,Technology,2200,8.9,Neural Networks Co,Scala,Hadoop,MLOps,PyTorch,Deep Learning,175.4
AI Consultant,Mid,Freelance,Singapore,Small,Singapore,Hybrid,Associate,3,Consulting,980,5.9,Algorithmic Solutions,Git,AWS,Linux,R,NLP,78.9
Data Engineer,Senior,Full-time,Norway,Medium,Norway,Fully remote,Master,9,Energy,1750,7.2,TechCorp Inc,Kubernetes,Spark,Docker,Scala,Mathematics,148.75
AI Software Engineer,Entry,Full-time,India,Large,India,No remote,Bachelor,0,Telecommunications,1100,6.8,Predictive Systems,Linux,TensorFlow,Python,Data Visualization,Git,45.15
Computer Vision Engineer,Senior,Contract,Australia,Small,Australia,Hybrid,PhD,7,Gaming,1600,8.1,DeepTech Ventures,PyTorch,SQL,Computer Vision,Hadoop,Tableau,132.5
Data Scientist,Mid,Part-time,Finland,Medium,Finland,Fully remote,Associate,2,Media,1350,7.5,Autonomous Tech,Java,PyTorch,GCP,Statistics,Kubernetes,65.3
Head of AI,Executive,Freelance,United Kingdom,Small,United Kingdom,No remote,Bachelor,15,Retail,900,9.2,Cognitive Computing,R,MLOps,Azure,Docker,Java,210.8
NLP Engineer,Mid,Full-time,France,Large,France,Hybrid,Master,4,Transportation,1900,6.2,Quantum Computing Inc,TensorFlow,Scala,NLP,Python,MLOps,95.6
Research Scientist,Executive,Contract,Sweden,Medium,Sweden,Fully remote,PhD,11,Education,1550,8.0,Machine Intelligence Group,Spark,Git,PyTorch,Linux,Hadoop,160.25
Deep Learning Engineer,Senior,Part-time,China,Small,China,No remote,Associate,6,Manufacturing,1400,7.0,Smart Analytics,Hadoop,R,SQL,AWS,TensorFlow,110.45
AI Product Manager,Senior,Freelance,Netherlands,Large,Netherlands,Hybrid,Bachelor,8,Automotive,1850,8.5,Future Systems,Data Visualization,Java,MLOps,Mathematics,Spark,138.9
Principal Data Scientist,Entry,Freelance,Switzerland,Medium,Switzerland,Fully remote,PhD,0,Government,1650,9.8,Digital Transformation LLC,AWS,Deep Learning,Computer Vision,TensorFlow,GCP,50.2
AI Specialist,Executive,Full-time,Ireland,Small,Ireland,Fully remote,Master,10,Real Estate,1200,6.9,Advanced Robotics,Statistics,Kubernetes,Docker,Scale,Linux,155.7
ML Ops Engineer,Executive,Contract,Austria,Large,Austria,No remote,Associate,13,Consulting,1700,7.4,AI Innovations,GCP,Linux,Hadoop,Git,PyTorch,185.3
Robotics Engineer,Entry,Part-time,Japan,Medium,Japan,No remote,Master,2,Gaming,1480,5.6,Neural Networks Co,Scala,Data Visualization,Python,SQL,Docker,72.8
Autonomous Systems Engineer,Executive,Full-time,Denmark,Small,Denmark,Hybrid,PhD,14,Healthcare,2050,9.5,Cognitive Computing,MLOps,Statistics,Kubernetes,R,AWS,195.6
AI Research Scientist,Mid,Contract,Israel,Large,Israel,Fully remote,Bachelor,3,Technology,1920,8.3,DeepTech Ventures,NLP,Azure,TensorFlow,Spark,R,83.4
AI Software Engineer,Senior,Full-time,South Korea,Medium,South Korea,Hybrid,Master,10,Finance,1300,7.1,TechCorp Inc,Docker,GCP,Git,Tableau,Python,145.5
Machine Learning Engineer,Mid,Full-time,United States,Medium,United States,Hybrid,Bachelor,2,Technology,1345,7.8,AI Innovations,Python,PyTorch,AWS,SQL,,72.15
AI Architect,Senior,Contract,Germany,Large,Germany,Fully remote,Master,10,Finance,1890,8.5,DeepTech Ventures,TensorFlow,Kubernetes,Python,MLOps,Docker,155.3
Data Analyst,Entry,Full-time,India,Small,India,No remote,Associate,0,Consulting,1020,6.2,Smart Analytics,SQL,Java,Statistics,,,55.6
Head of AI,Executive,Full-time,Canada,Medium,Canada,Hybrid,PhD,15,Healthcare,2150,9.1,Cognitive Computing,Spark,Scala,NLP,Linux,Hadoop,210.75
Data Engineer,Senior,Freelance,Australia,Small,Australia,Fully remote,Bachelor,5,Telecommunications,1560,7.0,Autonomous Tech,Git,AWS,Python,Docker,Tableau,98.4
AI Research Scientist,Senior,Part-time,Switzerland,Large,Switzerland,No remote,PhD,8,Pharmaceuticals,1720,8.8,Neural Networks Co,Kubernetes,Python,TensorFlow,R,,128.9
Deep Learning Engineer,Entry,Contract,France,Medium,France,Hybrid,Master,1,Automotive,1210,6.9,Quantum Computing Inc,PyTorch,Linux,Computer Vision,,,62.3
AI Product Manager,Executive,Full-time,United Kingdom,Large,United Kingdom,Fully remote,Master,12,Retail,1980,7.5,TechCorp Inc,Hadoop,SQL,Data Visualization,Mathematics,Java,175.2
AI Specialist,Mid,Freelance,Japan,Small,Japan,No remote,Associate,3,Gaming,1450,5.9,Algorithmic Solutions,Scala,Spark,GCP,Statistics,NLP,80.75
Data Scientist,Senior,Part-time,Netherlands,Medium,Netherlands,Hybrid,Bachelor,7,Energy,1680,8.2,Predictive Systems,R,Data Visualization,SQL,PyTorch,,110.45
Machine Learning Researcher,Entry,Full-time,South Korea,Small,South Korea,No remote,Associate,0,Education,890,5.5,Digital Transformation LLC,Java,Git,Mathematics,,,46.8
Autonomous Systems Engineer,Executive,Contract,Norway,Medium,Norway,Fully remote,PhD,14,Transportation,2040,9.5,Advanced Robotics,AWS,Deep Learning,Python,Docker,Kubernetes,190.5
Computer Vision Engineer,Mid,Full-time,Israel,Large,Israel,Hybrid,Master,4,Media,1750,7.3,Machine Intelligence Group,Linux,Tableau,TensorFlow,C++,MLOps,95.6
ML Ops Engineer,Senior,Freelance,Sweden,Small,Sweden,No remote,Associate,9,Technology,1320,6.8,Future Systems,Docker,MLOps,Azure,Git,,142.8
Research Scientist,Senior,Part-time,Denmark,Medium,Denmark,Fully remote,PhD,6,Biotech,1600,9.0,Cloud AI Solutions,Computer Vision,NLP,Statistics,R,PyTorch,115.35
AI Software Engineer,Mid,Contract,China,Large,China,Hybrid,Bachelor,2,Manufacturing,1100,6.5,DataVision Ltd,Azure,GCP,Python,,,68.9
AI Consultant,Executive,Freelance,Singapore,Small,Singapore,No remote,Master,11,Government,1850,8.0,DeepTech Ventures,Statistics,Mathematics,Spark,SQL,R,168.9
NLP Engineer,Entry,Full-time,Finland,Medium,Finland,Fully remote,Associate,0,Real Estate,1280,7.9,Quantum Computing Inc,NLP,Azure,Python,,,51.2
Principal Data Scientist,Executive,Full-time,Austria,Medium,Austria,Hybrid,Bachelor,13,Consulting,1430,9.2,Autonomous Tech,Tableau,Hadoop,Deep Learning,Kubernetes,Linux,185.6
Robotics Engineer,Senior,Part-time,Ireland,Small,Ireland,Fully remote,PhD,5,Aerospace,1920,8.7,Machine Intelligence Group,MLOps,Docker,Python,C++,,138.4
Data Scientist,Entry,Full-time,Canada,Medium,Canada,Hybrid,Master,2,Finance,1245,7.8,DataVision Ltd,Python,TensorFlow,Statistics,SQL,Git,65.2
AI Architect,Senior,Contract,Germany,Small,Germany,Fully remote,PhD,8,Telecommunications,1890,8.2,Advanced Robotics,Kubernetes,Scala,Docker,PyTorch,MLOps,145.3
Head of AI,Executive,Freelance,United States,Large,United States,No remote,Bachelor,15,Healthcare,1560,9.1,TechCorp Inc,SQL,Java,Python,AWS,Hadoop,210.75
Machine Learning Engineer,Entry,Part-time,India,Small,India,Fully remote,Bachelor,1,Gaming,1100,6.5,Future Systems,Git,Linux,TensorFlow,R,Java,55.8
Data Engineer,Mid,Full-time,France,Large,France,Hybrid,Associate,5,Energy,1720,7.0,Quantum Computing Inc,Hadoop,PyTorch,SQL,Data Visualization,Spark,98.4
AI Specialist,Executive,Contract,Denmark,Medium,Denmark,Fully remote,PhD,12,Media,1340,8.9,Neural Networks Co,R,Spark,Mathematics,Linux,Deep Learning,175.5
AI Consultant,Entry,Freelance,Austria,Small,Austria,No remote,Associate,0,Transportation,980,5.6,Machine Intelligence Group,Scala,Python,MLOps,GCP,Tableau,45.9
Machine Learning Engineer,Senior,Full-time,Norway,Medium,Norway,Hybrid,Master,7,Manufacturing,1450,8.5,Cloud AI Solutions,Linux,Kubernetes,Git,Docker,NLP,128.6
Deep Learning Engineer,Mid,Contract,South Korea,Large,South Korea,No remote,Bachelor,4,Consulting,1600,6.2,Smart Analytics,Java,AWS,Azure,Statistics,SQL,82.1
AI Product Manager,Executive,Part-time,Switzerland,Large,Switzerland,Fully remote,PhD,14,Real Estate,2050,9.3,Autonomous Tech,Data Visualization,Tableau,Python,R,Mathematics,195.2
Data Scientist,Mid,Freelance,Finland,Small,Finland,Hybrid,Master,3,Government,1320,7.4,Digital Transformation LLC,SQL,PyTorch,TensorFlow,Scala,Docker,72.3
AI Software Engineer,Senior,Full-time,Ireland,Medium,Ireland,No remote,Associate,10,Automotive,1780,7.9,DeepTech Ventures,Spark,GCP,Linux,Computer Vision,Hadoop,155.8
Computer Vision Engineer,Senior,Contract,China,Large,China,Fully remote,PhD,6,Retail,1680,6.8,Cognitive Computing,TensorFlow,SQL,NLP,MLOps,Git,115.4
ML Ops Engineer,Entry,Part-time,Sweden,Medium,Sweden,Hybrid,Bachelor,2,Education,1150,8.0,Algorithmic Solutions,Python,R,Kubernetes,AWS,Java,68.9
Autonomous Systems Engineer,Senior,Full-time,Japan,Small,Japan,No remote,Master,9,Technology,1900,9.0,Predictive Systems,Docker,Git,Statistics,Azure,PyTorch,138.7
Research Scientist,Entry,Freelance,United Kingdom,Medium,United Kingdom,Fully remote,Associate,0,Gaming,990,6.1,AI Innovations,NLP,Scala,Deep Learning,Hadoop,Kubernetes,52.6
AI Architect,Executive,Contract,Netherlands,Small,Netherlands,Hybrid,Bachelor,11,Consulting,1400,7.2,Machine Intelligence Group,MLOps,Computer Vision,Python,Scala,R,168.9
AI Consultant,Mid,Full-time,Australia,Large,Australia,Fully remote,PhD,5,Healthcare,2200,8.8,Future Systems,AWS,Data Visualization,Spark,PyTorch,TensorFlow,105.0
Head of AI,Executive,Freelance,Singapore,Large,Singapore,No remote,Master,16,Finance,1650,9.7,Neural Networks Co,Kubernetes,Statistics,Java,Tableau,Computer Vision,230.0
AI Specialist,Mid,Part-time,Israel,Small,Israel,Hybrid,Associate,3,Energy,1070,5.9,TechCorp Inc,PyTorch,Linux,SQL,MLOps,GCP,78.5
Data Scientist,Entry,Full-time,United States,Large,United States,Hybrid,Bachelor,2,Technology,1450,8.2,TechCorp Inc,Python,SQL,Statistics,R,Git,55.3
Machine Learning Engineer,Senior,Full-time,Germany,Medium,Germany,Fully remote,Master,8,Automotive,1820,7.5,Autonomous Tech,TensorFlow,Kubernetes,PyTorch,Docker,Java,142.5
Data Analyst,Entry,Contract,India,Small,India,No remote,Associate,0,Finance,1100,6.0,Smart Analytics,SQL,Python,Excel,,,45.75
Head of AI,Executive,Full-time,Switzerland,Large,Switzerland,No remote,PhD,14,Finance,2200,9.5,Neural Networks Co,Spark,Scala,AWS,Hadoop,MLOps,210.0
Computer Vision Engineer,Mid,Part-time,Canada,Medium,Canada,Hybrid,Master,5,Gaming,1350,8.8,DeepTech Ventures,PyTorch,Computer Vision,Python,,,98.8
AI Architect,Executive,Freelance,Australia,Small,Australia,Fully remote,Bachelor,12,Healthcare,1650,7.0,Quantum Computing Inc,Kubernetes,Docker,Linux,Azure,Git,175.3
AI Research Scientist,Entry,Contract,United Kingdom,Large,United Kingdom,Fully remote,PhD,1,Government,1980,9.0,Future Systems,NLP,TensorFlow,Python,Mathematics,Statistics,60.5
Data Engineer,Senior,Full-time,Netherlands,Medium,Netherlands,Hybrid,Master,9,Consulting,1400,6.5,Machine Intelligence Group,Java,Spark,SQL,Hadoop,,155.0
ML Ops Engineer,Mid,Full-time,Ireland,Small,Ireland,No remote,Associate,3,Telecommunications,1200,5.8,Predictive Systems,Linux,AWS,GCP,Kubernetes,Docker,72.4
Research Scientist,Executive,Freelance,Norway,Medium,Norway,Fully remote,PhD,16,Energy,1750,8.0,Algorithmic Solutions,Hadoop,PyTorch,Deep Learning,,,195.6
Data Analyst,Senior,Part-time,France,Large,France,No remote,Bachelor,6,Retail,800,7.2,Cloud AI Solutions,R,Tableau,SQL,Statistics,Python,110.2
AI Consultant,Entry,Freelance,Singapore,Small,Singapore,Hybrid,Master,0,Real Estate,1600,6.9,DataVision Ltd,Scala,GCP,Kubernetes,,,52.0
AI Product Manager,Executive,Contract,Japan,Medium,Japan,Hybrid,Associate,11,Manufacturing,1900,6.8,Cognitive Computing,Git,MLOps,TensorFlow,Scala,SQL,185.0
Deep Learning Engineer,Mid,Full-time,South Korea,Large,South Korea,Fully remote,Bachelor,4,Media,1550,7.8,Advanced Robotics,Data Visualization,Python,TensorFlow,Computer Vision,Tableau,85.6
Principal Data Scientist,Executive,Full-time,United States,Large,United States,No remote,Master,18,Technology,2100,9.8,Digital Transformation LLC,AWS,Kubernetes,Spark,Python,,250.0
AI Specialist,Entry,Contract,China,Small,China,No remote,Associate,2,Transportation,1300,6.2,Autonomous Tech,Mathematics,Statistics,Python,,,65.0
NLP Engineer,Senior,Freelance,Finland,Small,Finland,Fully remote,PhD,7,Education,1700,8.5,AI Innovations,Deep Learning,PyTorch,TensorFlow,Docker,NLP,120.0
Autonomous Systems Engineer,Executive,Part-time,Denmark,Medium,Denmark,Hybrid,Bachelor,10,Automotive,1450,7.0,Future Systems,SQL,Azure,C++,Linux,,165.0
Robotics Engineer,Entry,Part-time,Austria,Medium,Austria,Fully remote,Bachelor,0,Gaming,1150,9.2,Machine Intelligence Group,Docker,Git,Python,,,48.0
AI Architect,Mid,Freelance,Israel,Small,Israel,No remote,Master,5,Consulting,2000,6.0,TechCorp Inc,Tableau,R,GCP,Spark,Mathematics,105.0
Data Analyst,Entry,Full-time,United States,Medium,United States,Hybrid,Bachelor,2,Finance,1245,7.2,DataVision Ltd,Python,SQL,Statistics,Tableau,Git,65.3
Machine Learning Engineer,Mid,Contract,Germany,Large,Germany,Fully remote,Master,5,Technology,1890,8.1,Neural Networks Co,TensorFlow,PyTorch,Python,Docker,Kubernetes,98.5
AI Research Scientist,Senior,Full-time,Switzerland,Small,Switzerland,No remote,PhD,10,Healthcare,2100,9.0,Quantum Computing Inc,NLP,Computer Vision,PyTorch,Hadoop,Deep Learning,155.7
Data Engineer,Entry,Freelance,Canada,Small,Canada,Fully remote,Associate,1,Government,1500,6.5,Cloud AI Solutions,SQL,Tableau,Python,AWS,R,55.8
Data Scientist,Senior,Full-time,United Kingdom,Large,United Kingdom,Hybrid,Master,7,Retail,1620,7.8,Advanced Robotics,Spark,Scala,MLOps,Git,SQL,120.4
Head of AI,Executive,Contract,India,Medium,India,No remote,Bachelor,14,Consulting,1780,8.5,Machine Intelligence Group,Kubernetes,Docker,AWS,Linux,Java,185.2
ML Ops Engineer,Mid,Part-time,Netherlands,Medium,Netherlands,Hybrid,PhD,3,Energy,1400,7.0,TechCorp Inc,GCP,Azure,Terraform,Linux,MLOps,80.1
AI Architect,Senior,Freelance,Sweden,Small,Sweden,Fully remote,Associate,9,Telecommunications,1950,8.9,Future Systems,Java,Spring,Python,Statistics,Hadoop,145.9
AI Specialist,Entry,Full-time,Austria,Medium,Austria,No remote,Bachelor,0,Manufacturing,1100,5.5,Digital Transformation LLC,Python,Git,Linux,Docker,SQL,45.2
Computer Vision Engineer,Executive,Full-time,Norway,Large,Norway,Fully remote,Master,12,Automotive,2200,9.5,Autonomous Tech,PyTorch,TensorFlow,Computer Vision,Mathematics,Data Visualization,205.6
Data Scientist,Senior,Contract,France,Small,France,Hybrid,PhD,6,Media,1350,6.2,Algorithmic Solutions,R,Statistics,Python,Spark,Scala,105.8
Data Engineer,Mid,Freelance,Singapore,Medium,Singapore,Fully remote,Associate,4,Finance,1700,7.5,Predictive Systems,AWS,Kubernetes,SQL,Python,Terraform,91.4
AI Product Manager,Executive,Full-time,Japan,Large,Japan,No remote,Bachelor,15,Gaming,1900,6.8,Cognitive Computing,Linux,Mathematics,Deep Learning,Tableau,NLP,260.3
ML Ops Engineer,Senior,Part-time,Australia,Medium,Australia,Hybrid,Master,8,Transportation,1600,8.2,DeepTech Ventures,Docker,MLOps,Kubernetes,Python,Git,135.6
Autonomous Systems Engineer,Entry,Part-time,Israel,Small,Israel,Fully remote,Master,1,Real Estate,1300,7.0,TechCorp Inc,Scala,Spark,Python,C++,Hadoop,60.5
AI Consultant,Executive,Freelance,Denmark,Medium,Denmark,No remote,Associate,11,Consulting,1450,9.1,Neural Networks Co,Hadoop,SQL,Python,R,Tableau,175.4
Data Analyst,Mid,Full-time,Ireland,Large,Ireland,Hybrid,Bachelor,3,Healthcare,1200,6.0,Smart Analytics,Statistics,R,SQL,Excel,Data Visualization,72.8
Research Scientist,Executive,Full-time,United States,Medium,United States,Hybrid,PhD,16,Technology,2400,9.8,Machine Intelligence Group,Deep Learning,NLP,TensorFlow,Computer Vision,PyTorch,225.8
AI Software Engineer,Entry,Contract,China,Large,China,No remote,Associate,0,Education,1550,5.8,Future Systems,Git,Linux,Java,SQL,Python,50.0
AI Architect,Executive,Freelance,Finland,Small,Finland,Fully remote,Master,13,Gaming,1850,8.7,Algorithmic Solutions,Kubernetes,AWS,Docker,Scala,Spark,195.3
Data Scientist,Mid,Full-time,Germany,Medium,Germany,Hybrid,Bachelor,2,Finance,1245,7.8,DataVision Ltd,Python,SQL,Statistics,PyTorch,Git,65.34
AI Architect,Executive,Contract,Canada,Large,United States,Fully remote,PhD,10,Healthcare,1876,8.5,Neural Networks Co,Kubernetes,TensorFlow,Docker,Spark,NLP,155.2
Machine Learning Engineer,Entry,Part-time,India,Small,India,No remote,Master,0,Technology,956,6.2,Algorithmic Solutions,Java,Linux,AWS,Git,Scala,45.8
Head of AI,Executive,Full-time,Norway,Medium,Norway,Hybrid,Bachelor,15,Energy,1450,9.1,DeepTech Ventures,Scala,Hadoop,Python,Tableau,MLOps,210.75
Data Engineer,Senior,Freelance,Australia,Small,Australia,Fully remote,Associate,5,Consulting,1102,7.4,Smart Analytics,SQL,PyTorch,Azure,Python,Kubernetes,92.47
AI Research Scientist,Senior,Full-time,Switzerland,Large,Switzerland,No remote,PhD,8,Pharmaceuticals,2034,8.9,Cognitive Computing,Git,Spark,TensorFlow,R,Deep Learning,128.99
AI Consultant,Entry,Contract,France,Medium,France,Hybrid,Associate,1,Government,1640,6.8,Future Systems,R,Data Visualization,Linux,Scala,Tableau,55.63
ML Ops Engineer,Executive,Freelance,United Kingdom,Small,United Kingdom,Fully remote,Master,12,Gaming,1320,7.0,Quantum Computing Inc,Linux,Kubernetes,GCP,Docker,Python,175.3
Deep Learning Engineer,Mid,Part-time,South Korea,Large,South Korea,No remote,Bachelor,3,Automotive,789,5.9,Autonomous Tech,TensorFlow,AWS,Computer Vision,PyTorch,Hadoop,73.81
Principal Data Scientist,Executive,Full-time,United States,Medium,United States,Hybrid,PhD,20,Retail,2200,8.2,TechCorp Inc,PyTorch,Mathematics,Spark,NLP,Statistics,250.4
Autonomous Systems Engineer,Senior,Contract,Japan,Small,Japan,Hybrid,Master,6,Manufacturing,1580,7.6,Machine Intelligence Group,Docker,Scala,MLOps,Git,Java,105.22
AI Specialist,Entry,Freelance,Ireland,Large,Ireland,Fully remote,PhD,0,Media,1750,9.5,Predictive Systems,Statistics,GCP,Python,Kubernetes,Azure,60.17
AI Product Manager,Executive,Part-time,Finland,Medium,Finland,No remote,Associate,14,Telecommunications,980,6.5,Advanced Robotics,NLP,Java,SQL,Linux,Docker,190.55
Data Analyst,Senior,Full-time,Netherlands,Large,Netherlands,Fully remote,Bachelor,7,Education,1670,9.3,Cloud AI Solutions,Spark,Python,Tableau,Data Visualization,R,140.88
Computer Vision Engineer,Mid,Freelance,China,Small,China,Hybrid,Master,4,Transportation,1210,7.1,Digital Transformation LLC,AWS,Git,PyTorch,TensorFlow,Computer Vision,85.9
Machine Learning Researcher,Executive,Contract,Austria,Medium,Austria,Fully remote,Master,18,Real Estate,1920,8.0,AI Innovations,MLOps,Computer Vision,Hadoop,Mathematics,Scala,230.15
Robotics Engineer,Senior,Full-time,Sweden,Large,Sweden,No remote,Associate,9,Manufacturing,1400,6.9,Future Systems,Tableau,R,Python,C++,Spark,168.45
NLP Engineer,Executive,Part-time,Denmark,Small,Denmark,Hybrid,PhD,11,Healthcare,1130,7.7,Quantum Computing Inc,Hadoop,Docker,NLP,SQL,Kubernetes,185.6
AI Software Engineer,Mid,Full-time,Israel,Medium,Israel,Hybrid,Bachelor,2,Technology,1050,8.3,Algorithmic Solutions,Mathematics,Statistics,Java,AWS,Linux,70.25
AI Specialist,Executive,Freelance,Singapore,Large,Singapore,Fully remote,Associate,13,Gaming,1550,5.6,Autonomous Tech,Azure,TensorFlow,Data Visualization,Scala,Git,220.9
Data Analyst,Entry,Full-time,Canada,Medium,Canada,Hybrid,Bachelor,2,Finance,1245,7.8,DataVision Ltd,Python,SQL,Statistics,Tableau,Git,65.23
Machine Learning Engineer,Mid,Full-time,United States,Large,United States,Fully remote,Master,5,Technology,1890,8.5,TechCorp Inc,TensorFlow,PyTorch,Python,AWS,Kubernetes,98.5
AI Architect,Senior,Contract,Germany,Medium,Germany,Hybrid,PhD,10,Automotive,2100,7.2,Autonomous Tech,Spark,Scala,Docker,Linux,MLOps,175.8
Data Engineer,Entry,Part-time,India,Small,India,No remote,Associate,0,Consulting,950,6.0,Smart Analytics,SQL,Python,AWS,Git,Java,45.9
Head of AI,Executive,Full-time,Norway,Large,Norway,Fully remote,Master,14,Energy,1650,9.1,Neural Networks Co,Kubernetes,Docker,GCP,Python,TensorFlow,220.3
AI Software Engineer,Mid,Freelance,Finland,Small,Finland,Hybrid,Bachelor,3,Gaming,1340,6.8,Future Systems,Java,Hadoop,MLOps,R,Scala,72.15
Computer Vision Engineer,Senior,Full-time,Switzerland,Medium,Switzerland,No remote,PhD,8,Healthcare,1780,8.0,DeepTech Ventures,Computer Vision,Deep Learning,NLP,Statistics,PyTorch,155.6
ML Ops Engineer,Entry,Contract,Ireland,Large,Ireland,Fully remote,Master,1,Telecommunications,2050,7.5,Cloud AI Solutions,Linux,AWS,Docker,Kubernetes,GCP,55.75
Data Scientist,Executive,Freelance,France,Small,France,Hybrid,Bachelor,12,Media,1120,9.5,Quantum Computing Inc,R,Tableau,Python,Spark,Hadoop,195.4
AI Consultant,Senior,Part-time,United Kingdom,Medium,United Kingdom,Fully remote,Associate,6,Government,1560,6.5,Algorithmic Solutions,Git,Linux,Mathematics,Data Visualization,Statistics,110.25
Autonomous Systems Engineer,Entry,Full-time,South Korea,Small,South Korea,Hybrid,Associate,0,Transportation,1430,5.9,Advanced Robotics,Scala,Spark,Azure,TensorFlow,NLP,49.8
AI Research Scientist,Senior,Contract,Austria,Medium,Austria,No remote,Master,9,Education,1920,8.2,Machine Intelligence Group,PyTorch,TensorFlow,Computer Vision,SQL,Deep Learning,168.9
Deep Learning Engineer,Mid,Full-time,China,Large,China,No remote,PhD,4,Manufacturing,1690,7.0,Predictive Systems,AWS,Kubernetes,Python,Git,MLOps,85.6
Research Scientist,Executive,Freelance,Denmark,Small,Denmark,Fully remote,PhD,16,Retail,1480,8.8,Cognitive Computing,NLP,Hadoop,Scala,Linux,Java,250.7
AI Product Manager,Senior,Part-time,Sweden,Large,Sweden,Hybrid,Bachelor,7,Finance,1350,6.3,Digital Transformation LLC,SQL,Python,R,Data Visualization,Tableau,130.4
NLP Engineer,Entry,Contract,Israel,Medium,Israel,Fully remote,Bachelor,2,Real Estate,1750,7.9,AI Innovations,Data Visualization,R,NLP,PyTorch,Docker,60.1
AI Specialist,Executive,Full-time,Japan,Small,Japan,No remote,Associate,11,Gaming,1010,9.3,Future Systems,Mathematics,Statistics,Python,Kubernetes,Spark,185.2
AI Consultant,Mid,Part-time,Netherlands,Medium,Netherlands,Fully remote,Master,5,Consulting,1610,7.4,DeepTech Ventures,GCP,Azure,AWS,SQL,Hadoop,95.3
Principal Data Scientist,Executive,Freelance,Singapore,Large,Singapore,Hybrid,PhD,15,Technology,2200,8.7,Machine Intelligence Group,MLOps,Kubernetes,Docker,Python,Computer Vision,210.8
Machine Learning Researcher,Mid,Full-time,Australia,Small,Australia,Hybrid,Associate,3,Energy,1190,5.6,Quantum Computing Inc,Tableau,Git,TensorFlow,Scala,Mathematics,78.9
Data Scientist,Mid,Full-time,Germany,Medium,Germany,Hybrid,Bachelor,2,Finance,1345,7.8,DataVision Ltd,Python,SQL,Statistics,PyTorch,,57.32
AI Architect,Senior,Contract,Canada,Large,Canada,Fully remote,Master,10,Technology,1892,8.4,Cloud AI Solutions,Kubernetes,Docker,AWS,Terraform,Git,178.45
Data Analyst,Entry,Full-time,India,Small,India,No remote,Master,0,Healthcare,1080,6.5,Smart Analytics,SQL,Python,Tableau,Excel,,45.88
Head of AI,Executive,Full-time,United States,Medium,United States,Hybrid,PhD,15,Automotive,2210,9.2,Neural Networks Co,PyTorch,TensorFlow,Computer Vision,MLOps,Deep Learning,265.3
Data Engineer,Senior,Part-time,Netherlands,Large,Netherlands,No remote,Bachelor,5,Retail,1560,7.1,TechCorp Inc,Java,Spark,Hadoop,Linux,,98.75
AI Research Scientist,Mid,Freelance,Switzerland,Small,Switzerland,Fully remote,PhD,3,Education,1720,8.9,DeepTech Ventures,NLP,Transformers,Statistics,R,Python,82.14
ML Ops Engineer,Senior,Contract,United Kingdom,Medium,United Kingdom,Hybrid,Associate,8,Gaming,1402,6.8,Autonomous Tech,AWS,Azure,Docker,Kubernetes,Git,145.6
Machine Learning Engineer,Entry,Contract,Sweden,Large,Sweden,Fully remote,Bachelor,0,Telecommunications,1285,7.5,Future Systems,Linux,Git,Python,C++,,52.67
AI Consultant,Executive,Freelance,Norway,Small,Norway,No remote,Master,12,Energy,1650,7.9,Quantum Computing Inc,Scala,Kafka,SQL,Hadoop,Spark,195.2
Computer Vision Engineer,Senior,Part-time,Finland,Medium,Finland,Fully remote,PhD,7,Manufacturing,1935,8.1,Advanced Robotics,Computer Vision,PyTorch,OpenCV,Mathematics,TensorFlow,121.33
Data Analyst,Entry,Full-time,Australia,Small,Australia,Hybrid,Associate,1,Government,1120,6.2,Machine Intelligence Group,R,Statistics,Tableau,Excel,SQL,63.94
Principal Data Scientist,Executive,Freelance,Denmark,Medium,Denmark,Fully remote,Bachelor,20,Media,2400,9.8,Cognitive Computing,GCP,BigQuery,MLOps,Data Visualization,Python,312.8
Deep Learning Engineer,Mid,Full-time,China,Large,China,No remote,Master,4,Consulting,1478,7.0,Predictive Systems,TensorFlow,Keras,Python,CUDA,,76.81
AI Product Manager,Senior,Part-time,France,Small,France,Hybrid,Associate,9,Real Estate,880,5.5,Algorithmic Solutions,Data Visualization,Tableau,SQL,Agile,PowerBI,156.9
Machine Learning Researcher,Entry,Full-time,Austria,Medium,Austria,Hybrid,PhD,0,Transportation,1760,8.3,AI Innovations,Mathematics,Statistics,Linear Algebra,R,Python,49.55
AI Specialist,Executive,Contract,Japan,Large,Japan,No remote,Master,14,Gaming,1340,6.7,Digital Transformation LLC,Hadoop,Spark,SQL,Linux,Scala,214.75
AI Software Engineer,Senior,Freelance,Ireland,Small,Ireland,Fully remote,Bachelor,6,Technology,2005,7.4,Machine Intelligence Group,Git,CI/CD,Python,Java,Docker,109.42
Data Engineer,Mid,Part-time,South Korea,Medium,South Korea,No remote,Associate,2,Finance,990,5.9,Smart Analytics,Scala,Kafka,Spark,AWS,,71.28
NLP Engineer,Executive,Full-time,Singapore,Small,Singapore,Fully remote,PhD,11,Consulting,1585,8.7,Neural Networks Co,MLOps,Kubernetes,PyTorch,NLP,TensorFlow,188.35
Autonomous Systems Engineer,Mid,Contract,Israel,Medium,Israel,Hybrid,Master,3,Transportation,1830,6.4,TechCorp Inc,Docker,Kubernetes,ROS,Python,Linux,84.53
AI Software Engineer,Mid,Full-time,United States,Medium,United States,Hybrid,Bachelor,3,Technology,1345,7.1,Cloud AI Solutions,Python,TensorFlow,SQL,Git,Java,65.12
AI Architect,Senior,Contract,Germany,Large,Germany,Fully remote,PhD,8,Finance,1890,8.5,Neural Networks Co,Kubernetes,Scala,Docker,PyTorch,MLOps,142.5
Data Analyst,Entry,Freelance,India,Small,India,No remote,Associate,1,Consulting,1020,6.3,Smart Analytics,SQL,Hadoop,Python,Statistics,Git,55.78
Head of AI,Executive,Full-time,United Kingdom,Medium,United Kingdom,Hybrid,Master,15,Healthcare,1560,9.0,Digital Transformation LLC,Java,Kubernetes,TensorFlow,AWS,SQL,210.33
Data Scientist,Mid,Part-time,Canada,Large,Canada,Fully remote,Bachelor,5,Retail,1780,7.8,TechCorp Inc,Spark,Python,MLOps,R,Tableau,98.75
Machine Learning Engineer,Entry,Contract,Singapore,Small,Singapore,Hybrid,Master,0,Gaming,1200,5.9,Algorithmic Solutions,Linux,Git,PyTorch,Computer Vision,Deep Learning,45.6
Research Scientist,Executive,Full-time,Switzerland,Medium,Switzerland,No remote,PhD,10,Education,2100,9.5,Quantum Computing Inc,PyTorch,Spark,Mathematics,Hadoop,NLP,175.2
ML Ops Engineer,Entry,Freelance,Australia,Large,Australia,Fully remote,Associate,2,Telecommunications,1650,6.8,Machine Intelligence Group,Scala,AWS,Docker,Linux,Kubernetes,72.4
Deep Learning Engineer,Senior,Full-time,Norway,Small,Norway,Hybrid,Master,7,Energy,1450,8.2,DeepTech Ventures,TensorFlow,SQL,GCP,Scala,Hadoop,128.9
AI Specialist,Executive,Part-time,Japan,Medium,Japan,No remote,Bachelor,12,Manufacturing,980,7.0,Future Systems,R,Data Visualization,Python,Tableau,Mathematics,155.4
AI Consultant,Mid,Contract,France,Large,France,No remote,PhD,4,Government,1720,6.5,Cognitive Computing,Hadoop,PyTorch,AWS,Git,Statistics,82.15
Autonomous Systems Engineer,Entry,Full-time,Sweden,Small,Sweden,Fully remote,Bachelor,0,Automotive,1380,7.4,Autonomous Tech,Git,Linux,TensorFlow,Docker,PyTorch,50.3
Computer Vision Engineer,Senior,Freelance,Denmark,Medium,Denmark,Hybrid,Associate,9,Media,1920,8.8,Predictive Systems,MLOps,Computer Vision,Kubernetes,Java,Spark,168.8
Data Engineer,Senior,Part-time,Netherlands,Large,Netherlands,Fully remote,Master,6,Transportation,1490,7.6,AI Innovations,Docker,Kubernetes,SQL,Azure,GCP,110.55
AI Product Manager,Executive,Full-time,Austria,Small,Austria,No remote,PhD,14,Real Estate,1100,9.2,DataVision Ltd,Statistics,Tableau,Python,Scala,MLOps,195.6
NLP Engineer,Mid,Contract,Israel,Medium,Israel,Hybrid,Bachelor,3,Technology,1600,6.1,Advanced Robotics,AWS,GCP,NLP,PyTorch,Docker,78.9
Machine Learning Researcher,Executive,Freelance,Finland,Large,Finland,Fully remote,Master,11,Consulting,1750,8.9,TechCorp Inc,Azure,Mathematics,Spark,R,Linux,185.25
AI Research Scientist,Entry,Part-time,Ireland,Small,Ireland,No remote,Associate,1,Healthcare,1150,5.5,Machine Intelligence Group,Data Visualization,R,Git,Hadoop,AWS,62.35
Robotics Engineer,Senior,Full-time,South Korea,Medium,South Korea,Hybrid,PhD,6,Manufacturing,2000,8.0,Neural Networks Co,NLP,Deep Learning,Python,Statistics,Computer Vision,120.7
Data Engineer,Entry,Freelance,China,Large,China,Fully remote,Bachelor,0,Gaming,1420,7.0,DataVision Ltd,Scala,Java,TensorFlow,MLOps,SQL,48.95
Data Analyst,Entry,Full-time,Canada,Medium,Canada,Hybrid,Bachelor,2,Finance,1245,7.8,DataVision Ltd,Python,SQL,Statistics,Tableau,Git,55.23
Machine Learning Engineer,Senior,Full-time,United States,Large,United States,Fully remote,Master,8,Technology,1890,8.9,TechCorp Inc,TensorFlow,PyTorch,Python,AWS,Kubernetes,145.32
AI Architect,Executive,Contract,Germany,Small,Germany,No remote,PhD,14,Automotive,2150,6.7,Autonomous Tech,Spark,Scala,Docker,Linux,Java,178.9
Data Engineer,Entry,Part-time,India,Small,India,Fully remote,Associate,0,Consulting,980,6.2,Smart Analytics,SQL,Python,Hadoop,AWS,Data Visualization,45.67
Computer Vision Engineer,Mid,Full-time,Norway,Medium,Norway,Hybrid,Master,5,Transportation,1560,7.5,DeepTech Ventures,PyTorch,Computer Vision,TensorFlow,R,NLP,98.75
Head of AI,Executive,Freelance,Switzerland,Large,Switzerland,Fully remote,Bachelor,20,Healthcare,1750,9.2,Neural Networks Co,Kubernetes,AWS,Git,Python,MLOps,250.4
AI Consultant,Mid,Contract,France,Small,France,No remote,Associate,3,Energy,1320,5.9,Algorithmic Solutions,Java,Hadoop,SQL,Statistics,Scala,72.18
Research Scientist,Entry,Freelance,United Kingdom,Medium,United Kingdom,Hybrid,PhD,1,Education,1680,8.1,Quantum Computing Inc,R,Mathematics,Python,Deep Learning,TensorFlow,62.5
ML Ops Engineer,Executive,Full-time,Singapore,Large,Singapore,No remote,Master,11,Gaming,2040,7.0,Cloud AI Solutions,GCP,Docker,Kubernetes,Azure,Linux,155.6
NLP Engineer,Senior,Part-time,Netherlands,Medium,Netherlands,Fully remote,Bachelor,6,Media,1450,8.4,Future Systems,NLP,Spark,Statistics,Tableau,PyTorch,110.25
AI Research Scientist,Senior,Contract,Japan,Small,Japan,Hybrid,PhD,9,Telecommunications,1900,6.8,Machine Intelligence Group,Deep Learning,Git,TensorFlow,Scala,R,128.9
AI Specialist,Entry,Full-time,South Korea,Large,South Korea,No remote,Master,0,Manufacturing,1120,7.2,Predictive Systems,Linux,Azure,Python,GCP,Docker,49.8
Data Scientist,Senior,Freelance,Austria,Medium,Austria,Hybrid,Associate,7,Retail,1700,9.0,Cognitive Computing,Tableau,MLOps,SQL,Python,Spark,135.4
Autonomous Systems Engineer,Executive,Part-time,Finland,Small,Finland,Fully remote,PhD,16,Government,1580,8.5,Advanced Robotics,Scala,Kubernetes,Git,Hadoop,Computer Vision,195.3
AI Product Manager,Mid,Full-time,Australia,Large,Australia,No remote,Bachelor,4,Real Estate,1350,6.5,Digital Transformation LLC,AWS,Data Visualization,TensorFlow,R,Mathematics,89.12
Machine Learning Researcher,Entry,Contract,China,Small,China,Hybrid,Associate,1,Healthcare,1400,7.9,AI Innovations,Git,Statistics,Python,Linux,Hadoop,51.6
Deep Learning Engineer,Executive,Freelance,Ireland,Medium,Ireland,Hybrid,Master,12,Consulting,2200,5.6,Machine Intelligence Group,Docker,TensorFlow,PyTorch,Azure,SQL,165.75
AI Software Engineer,Mid,Full-time,Sweden,Medium,Sweden,Fully remote,PhD,3,Technology,1600,8.8,TechCorp Inc,Mathematics,NLP,Java,Docker,AWS,79.44
Robotics Engineer,Senior,Part-time,Denmark,Small,Denmark,No remote,Bachelor,10,Gaming,1850,7.3,Future Systems,Hadoop,R,Python,Spark,GCP,142.5
Principal Data Scientist,Entry,Freelance,Israel,Large,Israel,Fully remote,Master,0,Finance,2000,6.0,Quantum Computing Inc,Data Visualization,Java,SQL,MLOps,PyTorch,44.9
Data Scientist,Entry,Full-time,Canada,Medium,Canada,Hybrid,Master,1,Technology,1200,7.8,AI Innovations,Python,TensorFlow,Statistics,SQL,Java,52.34
Data Engineer,Mid,Contract,Germany,Large,Germany,Fully remote,Bachelor,5,Finance,1800,8.2,TechCorp Inc,SQL,Spark,AWS,Docker,Python,95.67
AI Consultant,Mid,Part-time,India,Small,India,No remote,Associate,3,Consulting,950,6.5,Algorithmic Solutions,Java,Kubernetes,MLOps,Linux,Git,72.15
Machine Learning Engineer,Senior,Full-time,United States,Large,United States,Hybrid,PhD,10,Healthcare,2100,9.0,Neural Networks Co,Hadoop,Scala,PyTorch,Computer Vision,NLP,155.42
ML Ops Engineer,Entry,Contract,Singapore,Small,Singapore,No remote,Bachelor,0,Gaming,650,5.5,Digital Transformation LLC,Linux,Python,Docker,GCP,SQL,45.98
AI Architect,Senior,Freelance,Norway,Medium,Norway,Fully remote,Master,7,Media,1550,7.0,DeepTech Ventures,PyTorch,AWS,Tableau,R,Kubernetes,110.8
Head of AI,Executive,Full-time,Switzerland,Medium,Switzerland,Hybrid,PhD,14,Telecommunications,1700,8.8,Quantum Computing Inc,Scala,Hadoop,Spark,MLOps,Deep Learning,185.3
AI Specialist,Entry,Freelance,Australia,Small,Australia,Fully remote,Master,2,Real Estate,1300,9.5,Future Systems,Git,Data Visualization,Mathematics,Hadoop,R,68.72
Deep Learning Engineer,Senior,Part-time,France,Medium,France,Hybrid,Associate,6,Energy,1100,6.2,Autonomous Tech,Kubernetes,SQL,Azure,Statistics,TensorFlow,89.44
AI Product Manager,Executive,Contract,United Kingdom,Large,United Kingdom,No remote,Bachelor,12,Manufacturing,1400,7.5,Cognitive Computing,TensorFlow,Linux,PyTorch,Java,Spark,140.75
Research Scientist,Entry,Full-time,Denmark,Small,Denmark,Fully remote,PhD,0,Education,900,8.0,Machine Intelligence Group,R,Statistics,Computer Vision,NLP,Data Visualization,55.6
Computer Vision Engineer,Senior,Full-time,South Korea,Medium,South Korea,Hybrid,Master,9,Automotive,1900,8.5,Advanced Robotics,NLP,PyTorch,Docker,GCP,MLOps,165.22
Autonomous Systems Engineer,Mid,Part-time,Japan,Large,Japan,No remote,Associate,4,Transportation,1050,6.9,Predictive Systems,GCP,Java,TensorFlow,Scala,Kubernetes,79.91
AI Software Engineer,Executive,Freelance,Netherlands,Small,Netherlands,Fully remote,Bachelor,15,Government,1600,7.2,Cloud AI Solutions,Spark,Docker,Git,Linux,Tableau,210.6
Data Analyst,Mid,Contract,Ireland,Medium,Ireland,Hybrid,Bachelor,3,Retail,780,5.8,Smart Analytics,Tableau,Git,Python,AWS,Linux,65.37
Principal Data Scientist,Executive,Full-time,Finland,Medium,Finland,Hybrid,PhD,11,Technology,1450,9.2,DataVision Ltd,Docker,Kubernetes,SQL,R,PyTorch,175.5
AI Research Scientist,Senior,Freelance,Austria,Small,Austria,No remote,Associate,8,Consulting,1350,6.1,Algorithmic Solutions,MLOps,Tableau,Statistics,Hadoop,Scala,125.34
NLP Engineer,Senior,Part-time,Sweden,Large,Sweden,Fully remote,Master,6,Healthcare,2000,8.3,TechCorp Inc,AWS,NLP,Data Visualization,Spark,Docker,105.78
Machine Learning Researcher,Entry,Freelance,China,Medium,China,Hybrid,Associate,0,Gaming,1750,7.7,Future Systems,Data Visualization,R,Mathematics,Azure,Python,49.87
Robotics Engineer,Executive,Full-time,United States,Large,United States,No remote,Bachelor,18,Manufacturing,2200,9.8,Neural Networks Co,Computer Vision,Spark,Python,Linux,TensorFlow,245.9
Data Analyst,Mid,Full-time,Netherlands,Medium,Netherlands,Hybrid,Bachelor,3,Finance,1120,7.8,Smart Analytics,Python,SQL,Tableau,Statistics,Git,64.2
AI Research Scientist,Executive,Full-time,United States,Large,United States,Fully remote,PhD,12,Healthcare,1890,9.2,Neural Networks Co,TensorFlow,PyTorch,Python,Mathematics,Deep Learning,155.5
Junior ML Engineer,Entry,Contract,India,Small,India,No remote,Associate,0,Technology,760,5.5,Digital Transformation LLC,Java,Linux,SQL,Git,null,45.8
ML Ops Engineer,Senior,Full-time,Germany,Large,Germany,Hybrid,Master,8,Automotive,1510,8.5,Autonomous Tech,Kubernetes,Docker,AWS,Python,MLOps,128.9
Data Scientist,Entry,Freelance,Canada,Small,Canada,Fully remote,Bachelor,2,Media,1340,6.2,DataVision Ltd,R,Statistics,Python,Tableau,null,55.3
Head of AI,Executive,Full-time,Switzerland,Large,Switzerland,No remote,PhD,15,Finance,2010,9.8,Quantum Computing Inc,Spark,Scala,Hadoop,Java,Kubernetes,210.0
Computer Vision Engineer,Senior,Contract,Norway,Medium,Norway,Fully remote,Master,5,Transportation,1650,7.1,DeepTech Ventures,PyTorch,Computer Vision,TensorFlow,Linux,null,98.75
Data Engineer,Entry,Part-time,Australia,Medium,Australia,Hybrid,Bachelor,1,Consulting,940,6.8,Predictive Systems,SQL,AWS,Python,Git,null,49.9
AI Specialist,Executive,Freelance,United Kingdom,Small,United Kingdom,Hybrid,Master,10,Gaming,1100,8.0,Algorithmic Solutions,NLP,Python,Transformers,PyTorch,TensorFlow,175.2
AI Architect,Senior,Contract,France,Medium,France,No remote,PhD,6,Energy,1800,7.6,Cognitive Computing,GCP,Kubernetes,MLOps,Terraform,Docker,115.4
Machine Learning Engineer,Entry,Full-time,Singapore,Large,Singapore,Fully remote,Master,0,Technology,1250,9.0,TechCorp Inc,Git,Linux,Python,SQL,null,60.1
Data Analyst,Senior,Full-time,Sweden,Medium,Sweden,Hybrid,Bachelor,9,Retail,1400,8.3,Cloud AI Solutions,Tableau,R,SQL,Excel,Python,142.6
AI Product Manager,Executive,Freelance,Finland,Small,Finland,Fully remote,Associate,14,Education,1700,6.5,Machine Intelligence Group,Scala,Hadoop,AWS,Agile,Spark,185.3
AI Consultant,Mid,Part-time,Japan,Small,Japan,No remote,Associate,4,Consulting,980,5.9,Future Systems,Data Visualization,Mathematics,Python,SQL,null,82.5
Deep Learning Engineer,Senior,Contract,South Korea,Medium,South Korea,Fully remote,PhD,7,Manufacturing,1550,7.4,Advanced Robotics,MLOps,Azure,TensorFlow,Docker,null,105.8
Principal Engineer,Executive,Full-time,Ireland,Large,Ireland,Hybrid,Bachelor,20,Telecommunications,2200,9.5,Neural Networks Co,Java,System Design,Python,Leadership,null,250.0
Data Scientist,Mid,Freelance,Israel,Small,Israel,Hybrid,Master,2,Government,1050,6.0,AI Innovations,Statistics,Python,SQL,Machine Learning,R,70.4
Robotics Engineer,Executive,Full-time,Austria,Medium,Austria,No remote,PhD,11,Automotive,1900,8.8,Autonomous Tech,PyTorch,C++,ROS,Linux,null,195.6
Data Engineer,Mid,Contract,China,Large,China,No remote,Associate,3,Real Estate,1320,7.0,DataVision Ltd,Hadoop,Spark,SQL,Kafka,null,73.2
AI Architect,Executive,Freelance,Denmark,Small,Denmark,Fully remote,Master,16,Healthcare,1680,8.1,Cognitive Computing,Docker,Kubernetes,Go,CI/CD,Git,165.4
Data Scientist,Entry,Full-time,Germany,Medium,Germany,Hybrid,Master,2,Finance,1450,7.8,DeepTech Ventures,Python,TensorFlow,SQL,Statistics,Git,65.3
AI Software Engineer,Mid,Contract,Canada,Small,Canada,Fully remote,Bachelor,5,Technology,1890,8.2,Neural Networks Co,SQL,PyTorch,Python,AWS,Java,88.4
AI Architect,Senior,Full-time,United States,Large,United States,No remote,PhD,10,Healthcare,1120,9.1,TechCorp Inc,Kubernetes,Scala,MLOps,Docker,NLP,155.2
Head of AI,Executive,Freelance,United Kingdom,Medium,United Kingdom,Hybrid,Master,15,Consulting,1680,6.5,Cognitive Computing,Java,Hadoop,Spark,Linux,Tableau,210.75
ML Ops Engineer,Entry,Part-time,India,Small,India,No remote,Associate,0,Telecommunications,2030,7.4,Autonomous Tech,Linux,AWS,Docker,GCP,Mathematics,45.9
Data Engineer,Mid,Full-time,France,Large,France,Hybrid,Bachelor,3,Gaming,1560,6.8,Smart Analytics,Git,Kubernetes,Python,Azure,MLOps,72.15
Machine Learning Engineer,Senior,Contract,Norway,Medium,Norway,Fully remote,Master,8,Energy,1340,9.3,Machine Intelligence Group,Scala,Git,TensorFlow,Computer Vision,Deep Learning,125.6
Research Scientist,Executive,Freelance,Switzerland,Small,Switzerland,Fully remote,PhD,20,Education,920,8.8,Quantum Computing Inc,R,Python,Statistics,PyTorch,Hadoop,280.3
Data Analyst,Entry,Part-time,Australia,Medium,Australia,Hybrid,Associate,1,Retail,1750,7.0,DataVision Ltd,Data Visualization,SQL,Tableau,R,TensorFlow,55.8
Computer Vision Engineer,Senior,Contract,China,Small,China,No remote,Bachelor,6,Manufacturing,1410,6.2,Advanced Robotics,PyTorch,Spark,NLP,Scala,SQL,99.5
AI Product Manager,Executive,Full-time,South Korea,Large,South Korea,Fully remote,PhD,12,Media,1080,9.0,Future Systems,TensorFlow,Linux,AWS,Mathematics,GCP,175.4
AI Consultant,Mid,Freelance,Finland,Medium,Finland,Fully remote,Master,4,Government,1650,8.5,Algorithmic Solutions,GCP,Docker,Python,Java,Statistics,80.25
NLP Engineer,Senior,Part-time,Ireland,Small,Ireland,Hybrid,Associate,7,Transportation,1920,5.9,Predictive Systems,AWS,Statistics,Hadoop,Git,Kubernetes,108.9
Autonomous Systems Engineer,Executive,Full-time,Japan,Large,Japan,No remote,Bachelor,14,Automotive,1330,7.5,Cloud AI Solutions,Spark,Java,MLOps,Computer Vision,Docker,162.8
Machine Learning Researcher,Entry,Freelance,Sweden,Medium,Sweden,Hybrid,Master,0,Real Estate,1810,9.7,Digital Transformation LLC,Hadoop,PyTorch,Deep Learning,Linux,Azure,48.6
Deep Learning Engineer,Senior,Full-time,Austria,Small,Austria,Fully remote,PhD,9,Technology,1240,8.1,AI Innovations,SQL,R,TensorFlow,Kubernetes,PyTorch,140.1
AI Specialist,Entry,Contract,Netherlands,Medium,Netherlands,No remote,Associate,2,Finance,1480,6.0,Machine Intelligence Group,Mathematics,Data Visualization,Azure,Scala,Spark,68.95
Principal Data Scientist,Executive,Part-time,Singapore,Large,Singapore,Hybrid,Bachelor,11,Consulting,1570,7.2,Advanced Robotics,Docker,GCP,Statistics,Python,Hadoop,185.5
Robotics Engineer,Mid,Freelance,Israel,Small,Israel,Fully remote,PhD,5,Gaming,2100,9.5,Neural Networks Co,NLP,PyTorch,Computer Vision,TensorFlow,Linux,95.75
AI Research Scientist,Executive,Full-time,Denmark,Medium,Denmark,No remote,Master,16,Healthcare,970,8.3,DeepTech Ventures,Scala,MLOps,R,Docker,Git,190.2
Data Analyst,Entry,Full-time,United States,Medium,United States,Hybrid,Bachelor,2,Finance,1452,7.8,DataVision Ltd,Python,SQL,Statistics,Tableau,Git,62.15
Machine Learning Engineer,Senior,Full-time,Germany,Large,Germany,Fully remote,Master,10,Technology,1890,8.5,TechCorp Inc,TensorFlow,PyTorch,Python,AWS,Kubernetes,175.32
Data Engineer,Entry,Contract,India,Small,India,No remote,Associate,0,Consulting,1100,6.2,Smart Analytics,SQL,Java,Python,NaN,NaN,45.8
AI Research Scientist,Mid,Part-time,Canada,Medium,Canada,Hybrid,PhD,5,Healthcare,2100,9.1,Neural Networks Co,NLP,Deep Learning,TensorFlow,Statistics,Python,98.75
Head of AI,Executive,Full-time,United Kingdom,Large,United Kingdom,Fully remote,Bachelor,15,Finance,950,7.5,Quantum Computing Inc,Kubernetes,AWS,Docker,Linux,MLOps,220.4
AI Architect,Senior,Contract,Netherlands,Small,Netherlands,No remote,Master,8,Automotive,1650,8.0,Autonomous Tech,Spark,Scala,Hadoop,NaN,NaN,145.6
ML Ops Engineer,Entry,Freelance,Singapore,Medium,Singapore,Fully remote,Master,1,Gaming,1380,6.9,Future Systems,Git,Docker,Kubernetes,Python,Linux,55.2
Data Scientist,Executive,Part-time,Sweden,Medium,Sweden,Hybrid,Associate,12,Media,1220,8.9,Advanced Robotics,R,Statistics,Python,Tableau,NaN,160.8
AI Software Engineer,Mid,Full-time,Australia,Large,Australia,No remote,Bachelor,3,Telecommunications,1750,7.2,Cloud AI Solutions,Java,Azure,GCP,SQL,Hadoop,72.4
Principal Data Scientist,Executive,Freelance,Switzerland,Small,Switzerland,Fully remote,PhD,20,Manufacturing,1300,9.8,Cognitive Computing,Computer Vision,PyTorch,TensorFlow,Mathematics,Deep Learning,250.0
Data Analyst,Senior,Contract,Norway,Medium,Norway,Hybrid,Master,6,Energy,800,6.5,Machine Intelligence Group,Tableau,Data Visualization,SQL,R,NaN,110.9
Autonomous Systems Engineer,Entry,Part-time,China,Small,China,Hybrid,Associate,0,Transportation,2000,5.5,DeepTech Ventures,Scala,Hadoop,Spark,NaN,NaN,42.3
Robotics Engineer,Executive,Full-time,Japan,Large,Japan,No remote,Bachelor,14,Automotive,1550,7.0,Algorithmic Solutions,MLOps,Kubernetes,Python,Git,Docker,195.5
AI Consultant,Mid,Freelance,Finland,Small,Finland,Fully remote,PhD,4,Consulting,1150,8.2,Predictive Systems,Mathematics,Statistics,Python,Scala,TensorFlow,85.6
Deep Learning Engineer,Senior,Full-time,South Korea,Medium,South Korea,No remote,Associate,9,Gaming,1700,9.3,Digital Transformation LLC,PyTorch,TensorFlow,Computer Vision,Linux,NLP,155.25
Machine Learning Researcher,Entry,Contract,Ireland,Large,Ireland,Fully remote,Bachelor,2,Government,1950,8.8,AI Innovations,AWS,GCP,Docker,Kubernetes,NaN,60.5
Computer Vision Engineer,Senior,Part-time,France,Small,France,Hybrid,Master,7,Retail,1400,7.6,Autonomous Tech,Linux,Git,PyTorch,NaN,NaN,125.8
AI Specialist,Executive,Freelance,Denmark,Medium,Denmark,Fully remote,PhD,16,Education,1080,6.8,Smart Analytics,Hadoop,Spark,SQL,R,Java,185.7
AI Product Manager,Executive,Full-time,Israel,Large,Israel,Hybrid,Bachelor,11,Technology,1250,9.0,Machine Intelligence Group,Docker,Kubernetes,MLOps,NaN,NaN,190.3
AI Software Engineer,Mid,Contract,Austria,Medium,Austria,No remote,Associate,3,Real Estate,1600,5.9,Future Systems,Data Visualization,Tableau,Python,Mathematics,PyTorch,78.2
Data Analyst,Entry,Full-time,Canada,Small,Canada,Hybrid,Bachelor,2,Finance,1245,7.8,DataVision Ltd,SQL,Python,Tableau,Statistics,Git,62.15
Machine Learning Engineer,Mid,Contract,Germany,Medium,Germany,Fully remote,Master,5,Technology,1876,8.2,DeepTech Ventures,Python,TensorFlow,PyTorch,AWS,Kubernetes,98.44
AI Architect,Executive,Full-time,United States,Large,United States,No remote,PhD,12,Healthcare,2134,9.1,Neural Networks Co,Spark,Scala,MLOps,Docker,Hadoop,178.32
AI Consultant,Entry,Part-time,India,Small,India,No remote,Associate,0,Consulting,789,5.6,Algorithmic Solutions,Linux,Git,Python,SQL,Java,45.87
ML Ops Engineer,Senior,Freelance,Norway,Medium,Norway,Fully remote,Master,9,Media,1654,7.4,Cloud AI Solutions,AWS,Kubernetes,Docker,Python,Terraform,155.67
Deep Learning Engineer,Mid,Full-time,South Korea,Large,South Korea,Hybrid,Bachelor,3,Gaming,1456,6.9,Smart Analytics,Computer Vision,PyTorch,TensorFlow,Mathematics,NLP,72.33
Research Scientist,Executive,Full-time,Switzerland,Small,Switzerland,Hybrid,PhD,15,Education,1922,8.8,Future Systems,R,Statistics,Python,SQL,Data Visualization,225.89
Data Engineer,Senior,Contract,United Kingdom,Medium,United Kingdom,No remote,Associate,7,Telecommunications,1123,7.1,Cognitive Computing,Java,Hadoop,SQL,Linux,Spark,119.54
AI Research Scientist,Entry,Freelance,Australia,Medium,Australia,Fully remote,Master,1,Government,2034,9.3,Autonomous Tech,NLP,Deep Learning,Git,GCP,Tableau,55.98
AI Product Manager,Executive,Part-time,Ireland,Large,Ireland,Fully remote,Bachelor,10,Retail,876,6.5,TechCorp Inc,GCP,Azure,MLOps,Statistics,Docker,167.43
Autonomous Systems Engineer,Mid,Full-time,France,Small,France,No remote,PhD,4,Energy,1598,5.9,Advanced Robotics,Mathematics,Scala,Python,C++,Linux,85.76
Computer Vision Engineer,Senior,Contract,China,Medium,China,Hybrid,Master,8,Automotive,1789,8.0,Machine Intelligence Group,PyTorch,TensorFlow,Docker,Kubernetes,Computer Vision,141.92
Data Scientist,Entry,Part-time,Finland,Large,Finland,Hybrid,Associate,0,Manufacturing,1345,7.5,Predictive Systems,Data Visualization,SQL,Python,Statistics,R,49.21
AI Specialist,Senior,Freelance,Japan,Small,Japan,Fully remote,Bachelor,6,Real Estate,1234,6.8,Quantum Computing Inc,Tableau,R,SQL,Python,Azure,105.61
Head of AI,Executive,Full-time,Singapore,Medium,Singapore,No remote,PhD,14,Finance,2456,9.7,Digital Transformation LLC,MLOps,Kubernetes,AWS,Python,Git,195.78
AI Software Engineer,Entry,Full-time,Austria,Small,Austria,No remote,Bachelor,2,Technology,1098,6.2,AI Innovations,Scala,Spark,Java,Linux,Hadoop,67.84
Principal Data Scientist,Executive,Contract,Netherlands,Large,Netherlands,Fully remote,Master,11,Consulting,1876,8.4,DeepTech Ventures,Docker,Kubernetes,Python,SQL,Terraform,188.56
NLP Engineer,Mid,Part-time,Israel,Medium,Israel,Hybrid,Associate,5,Transportation,1432,7.0,Algorithmic Solutions,Git,Linux,Python,NLP,Docker,92.17
Head of AI,Executive,Full-time,United States,Large,United States,Hybrid,PhD,20,Healthcare,2234,9.6,Neural Networks Co,TensorFlow,PyTorch,Deep Learning,NLP,Computer Vision,256.43
ML Ops Engineer,Senior,Freelance,Sweden,Small,Sweden,Fully remote,Master,7,Gaming,1678,8.1,Cloud AI Solutions,Kubernetes,Docker,AWS,Python,Git,128.95
Data Scientist,Entry,Full-time,Germany,Medium,Germany,Hybrid,Bachelor,2,Finance,1342,7.2,DeepTech Ventures,Python,SQL,Statistics,R,Git,62.15
ML Ops Engineer,Senior,Contract,Canada,Large,United States,Fully remote,Master,8,Technology,1880,8.5,Cloud AI Solutions,Kubernetes,Docker,AWS,Linux,Python,145.3
Research Scientist,Executive,Full-time,United States,Large,United States,No remote,PhD,14,Healthcare,2156,9.1,Neural Networks Co,TensorFlow,PyTorch,Computer Vision,NLP,Deep Learning,178.9
Data Engineer,Entry,Full-time,India,Small,India,No remote,Associate,0,Consulting,1105,5.8,Algorithmic Solutions,Java,Scala,Spark,SQL,Hadoop,45.8
Data Analyst,Mid,Part-time,United Kingdom,Medium,United Kingdom,Hybrid,Master,5,Retail,920,7.9,DataVision Ltd,SQL,Tableau,R,Statistics,Python,98.75
Head of AI,Executive,Freelance,Switzerland,Small,Switzerland,Fully remote,Bachelor,10,Fintech,1600,8.2,Autonomous Tech,Linux,GCP,Kubernetes,MLOps,Docker,215.4
AI Consultant,Mid,Contract,Netherlands,Small,Netherlands,Fully remote,Associate,3,Government,1475,6.5,Predictive Systems,R,Statistics,Python,Scala,Mathematics,72.4
AI Architect,Executive,Full-time,Norway,Medium,Norway,Hybrid,PhD,15,Energy,1720,9.0,Quantum Computing Inc,Spark,AWS,Docker,Python,NLP,189.6
Machine Learning Engineer,Entry,Contract,Australia,Large,Australia,Hybrid,Master,1,Telecommunications,1280,6.8,Machine Intelligence Group,Git,Azure,TensorFlow,PyTorch,Linux,56.9
Computer Vision Engineer,Senior,Freelance,Japan,Small,Japan,No remote,Bachelor,7,Automotive,1350,7.5,Advanced Robotics,PyTorch,Computer Vision,Kubernetes,OpenCV,C++,135.5
AI Product Manager,Senior,Part-time,Sweden,Medium,Sweden,Fully remote,PhD,6,Media,1550,8.0,TechCorp Inc,Data Visualization,R,Python,Tableau,SQL,110.25
Data Engineer,Executive,Full-time,Finland,Large,Finland,No remote,Master,12,Manufacturing,1400,7.2,Digital Transformation LLC,Hadoop,Java,Spark,Kafka,Scala,155.8
AI Software Engineer,Mid,Freelance,Israel,Small,Israel,No remote,Bachelor,4,Cybersecurity,1650,6.2,AI Innovations,MLOps,Python,Docker,Linux,Kubernetes,88.3
NLP Engineer,Senior,Full-time,France,Medium,France,Hybrid,Associate,9,Consulting,1980,8.9,Cognitive Computing,NLP,Transformers,TensorFlow,Hugging Face,Python,128.7
Principal Data Scientist,Executive,Freelance,Denmark,Small,Denmark,Fully remote,PhD,18,Biotech,2100,9.5,Future Systems,Mathematics,Deep Learning,Python,PyTorch,Statistics,250.0
AI Specialist,Entry,Full-time,Singapore,Large,Singapore,Fully remote,Bachelor,0,Gaming,1050,7.0,Smart Analytics,Scala,Spark,Java,Hadoop,SQL,52.1
ML Ops Engineer,Executive,Contract,Ireland,Medium,Ireland,Hybrid,Master,11,Finance,1790,7.8,Machine Intelligence Group,AWS,Kubernetes,Python,Docker,Terraform,165.4
Data Engineer,Senior,Full-time,Austria,Small,Austria,No remote,Associate,5,Real Estate,1250,5.9,Autonomous Tech,GCP,Dataflow,SQL,Python,BigQuery,105.6
Data Analyst,Mid,Full-time,South Korea,Medium,South Korea,Hybrid,Master,3,Transportation,890,6.4,DataVision Ltd,Tableau,Python,Statistics,R,SQL,79.95
Deep Learning Engineer,Executive,Freelance,China,Large,China,Fully remote,PhD,16,Gaming,2400,9.8,Neural Networks Co,PyTorch,C++,TensorFlow,OpenCL,CUDA,220.8
Machine Learning Engineer,Mid,Full-time,United Kingdom,Medium,United Kingdom,Hybrid,Master,3,Technology,1421,7.4,DataVision Ltd,Python,TensorFlow,Statistics,SQL,Git,72.15
AI Architect,Executive,Contract,Germany,Small,Germany,Fully remote,PhD,10,Finance,1830,8.9,Neural Networks Co,Kubernetes,SQL,PyTorch,MLOps,Java,165.45
Data Analyst,Entry,Part-time,India,Large,India,No remote,Associate,0,Retail,978,6.2,Smart Analytics,Scala,Hadoop,Python,Tableau,SQL,46.89
Deep Learning Engineer,Senior,Freelance,Canada,Small,Canada,Hybrid,Bachelor,7,Healthcare,1555,9.1,DeepTech Ventures,AWS,PyTorch,Computer Vision,Linux,Deep Learning,118.32
Head of AI,Executive,Full-time,Norway,Medium,Norway,No remote,Master,15,Energy,1147,7.8,Algorithmic Solutions,Java,Spark,Docker,GCP,NLP,198.74
AI Research Scientist,Mid,Contract,Sweden,Large,Sweden,Fully remote,PhD,2,Government,2024,8.5,Cognitive Computing,R,Statistics,Mathematics,Git,MLOps,61.5
AI Product Manager,Executive,Part-time,Australia,Small,Australia,Fully remote,Bachelor,12,Media,1290,6.9,Future Systems,Git,Kubernetes,Scala,Hadoop,Spark,154.28
Autonomous Systems Engineer,Senior,Full-time,Finland,Medium,Finland,No remote,Associate,5,Automotive,1688,5.7,Advanced Robotics,Linux,AWS,Azure,R,PyTorch,95.67
Data Engineer,Entry,Freelance,Singapore,Large,Singapore,Hybrid,Master,1,Consulting,1439,7.3,TechCorp Inc,Tableau,Python,Data Visualization,Docker,Kubernetes,55.38
AI Specialist,Senior,Contract,Netherlands,Small,Netherlands,Fully remote,PhD,9,Telecommunications,1921,8.2,Quantum Computing Inc,NLP,GCP,SQL,Java,TensorFlow,137.91
Computer Vision Engineer,Mid,Full-time,France,Medium,France,Hybrid,Bachelor,4,Gaming,1103,6.8,Machine Intelligence Group,PyTorch,Linux,Hadoop,Statistics,Scala,84.23
Research Scientist,Executive,Part-time,Japan,Small,Japan,No remote,Associate,14,Manufacturing,874,9.5,Cloud AI Solutions,Spark,Docker,MLOps,TensorFlow,Linux,176.53
ML Ops Engineer,Entry,Contract,Switzerland,Large,Switzerland,Fully remote,Bachelor,0,Real Estate,2310,6.4,Autonomous Tech,Data Visualization,Git,AWS,Python,Hadoop,49.17
NLP Engineer,Senior,Freelance,Austria,Medium,Austria,Hybrid,Master,6,Education,1356,7.1,Predictive Systems,TensorFlow,Scala,Deep Learning,Kubernetes,R,108.44
Principal Data Scientist,Executive,Full-time,Denmark,Small,Denmark,Fully remote,PhD,11,Healthcare,1622,9.8,Digital Transformation LLC,SQL,Mathematics,PyTorch,Azure,Tableau,145.82
AI Software Engineer,Senior,Full-time,China,Medium,China,No remote,Associate,8,Transportation,1798,5.6,AI Innovations,Statistics,Java,GCP,NLP,Deep Learning,125.69
AI Consultant,Mid,Part-time,Israel,Large,Israel,Fully remote,Associate,3,Consulting,1045,8.0,Autonomous Tech,Docker,R,Tableau,Spark,GCP,68.94
Machine Learning Researcher,Executive,Freelance,United States,Small,United States,Hybrid,Master,17,Technology,712,9.2,Cognitive Computing,MLOps,Azure,Python,Data Visualization,Mathematics,222.36
Robotics Engineer,Entry,Full-time,South Korea,Medium,South Korea,No remote,Bachelor,1,Gaming,1580,7.6,Future Systems,Hadoop,Tableau,Linux,Scala,Docker,44.76
AI Product Manager,Executive,Contract,Ireland,Large,Ireland,Fully remote,PhD,13,Energy,1467,8.3,DeepTech Ventures,Computer Vision,NLP,Kubernetes,MLOps,AWS,189.63
Data Scientist,Entry,Full-time,Germany,Medium,Germany,Hybrid,Master,2,Technology,1345,7.8,TechCorp Inc,Python,PyTorch,SQL,Statistics,,55.23
AI Architect,Senior,Contract,United Kingdom,Small,United Kingdom,No remote,Bachelor,7,Finance,1890,6.5,Algorithmic Solutions,Java,Kubernetes,Python,AWS,Git,95.67
Head of AI,Executive,Full-time,United States,Large,United States,Fully remote,PhD,14,Healthcare,1100,9.2,Neural Networks Co,TensorFlow,Spark,PyTorch,Linux,Deep Learning,175.4
Data Analyst,Entry,Part-time,India,Small,India,No remote,Associate,1,Consulting,780,5.5,Smart Analytics,SQL,Hadoop,Python,,,44.8
ML Ops Engineer,Senior,Freelance,Netherlands,Medium,Netherlands,Hybrid,Master,9,Media,1600,8.1,Cloud AI Solutions,Docker,AWS,Kubernetes,Git,MLOps,138.9
NLP Engineer,Mid,Contract,Sweden,Large,Sweden,Fully remote,PhD,5,Gaming,2200,7.0,Future Systems,Scala,NLP,Python,TensorFlow,R,82.34
Machine Learning Engineer,Mid,Full-time,Canada,Small,Canada,Hybrid,Bachelor,3,Automotive,950,6.8,Autonomous Tech,Linux,Statistics,Git,Azure,,68.15
Principal Data Scientist,Executive,Freelance,Switzerland,Medium,Switzerland,Fully remote,PhD,12,Retail,1450,8.9,DataVision Ltd,R,Tableau,Hadoop,Python,Mathematics,155.0
AI Software Engineer,Entry,Full-time,South Korea,Medium,South Korea,Hybrid,Master,0,Telecommunications,1750,7.2,Machine Intelligence Group,Git,TensorFlow,Docker,Scala,Java,49.99
AI Consultant,Senior,Part-time,Finland,Small,Finland,No remote,Associate,8,Energy,1300,5.9,Quantum Computing Inc,GCP,Python,MLOps,,,121.45
Computer Vision Engineer,Senior,Contract,Norway,Large,Norway,Fully remote,PhD,6,Manufacturing,1680,8.5,DeepTech Ventures,PyTorch,Computer Vision,TensorFlow,Spark,,103.75
AI Product Manager,Executive,Freelance,Austria,Medium,Austria,Hybrid,Bachelor,10,Real Estate,900,6.3,Advanced Robotics,Kubernetes,Scala,Data Visualization,Linux,SQL,189.5
Data Engineer,Mid,Full-time,China,Small,China,No remote,Associate,4,Government,1150,7.6,Predictive Systems,Data Visualization,SQL,AWS,Hadoop,,72.88
Autonomous Systems Engineer,Entry,Contract,Denmark,Large,Denmark,Fully remote,Bachelor,1,Transportation,2050,9.0,Digital Transformation LLC,Spark,MLOps,Python,Mathematics,Kubernetes,60.1
Research Scientist,Executive,Part-time,Japan,Small,Japan,No remote,Master,15,Education,1850,8.0,Cognitive Computing,Azure,Git,PyTorch,,,210.0
Deep Learning Engineer,Mid,Freelance,Ireland,Medium,Ireland,Hybrid,Master,3,Consulting,1420,6.9,AI Innovations,Hadoop,Docker,TensorFlow,R,Statistics,78.99
AI Specialist,Executive,Full-time,France,Medium,France,Fully remote,PhD,11,Technology,1200,7.4,Machine Intelligence Group,NLP,Python,Java,GCP,Tableau,140.2
AI Research Scientist,Entry,Part-time,Australia,Small,Australia,No remote,Associate,0,Gaming,1650,6.2,Future Systems,Statistics,Linux,Mathematics,,,46.5
Data Scientist,Senior,Full-time,Singapore,Large,Singapore,Hybrid,Bachelor,7,Manufacturing,1550,9.5,DeepTech Ventures,Tableau,R,Spark,Azure,NLP,128.6
Machine Learning Researcher,Senior,Freelance,Israel,Medium,Israel,Fully remote,PhD,9,Healthcare,2100,8.8,Quantum Computing Inc,AWS,Deep Learning,Computer Vision,SQL,,166.3
AI Software Engineer,Mid,Full-time,Germany,Medium,Germany,Hybrid,Master,2,Technology,1200,7.5,Cognitive Computing,Python,TensorFlow,SQL,Git,MLOps,65.3
AI Architect,Senior,Contract,Canada,Large,Canada,Fully remote,Bachelor,10,Finance,1800,8.2,Future Systems,Kubernetes,Python,AWS,Linux,Java,155.0
Data Analyst,Entry,Part-time,India,Small,India,No remote,Associate,0,Consulting,950,6.0,Smart Analytics,SQL,Hadoop,Statistics,R,Git,45.0
Machine Learning Engineer,Senior,Freelance,Norway,Medium,Norway,Hybrid,PhD,5,Transportation,1500,9.0,Neural Networks Co,PyTorch,Scala,Computer Vision,Docker,Deep Learning,98.5
Head of AI,Executive,Full-time,United States,Large,United States,Fully remote,Master,15,Healthcare,2100,9.5,TechCorp Inc,Python,Linux,GCP,PyTorch,Tableau,220.0
AI Consultant,Mid,Contract,Australia,Small,Australia,No remote,Bachelor,3,Media,1100,7.0,Algorithmic Solutions,Java,Kubernetes,Azure,Spark,NLP,72.8
Data Engineer,Senior,Full-time,Sweden,Medium,Sweden,Fully remote,Associate,8,Gaming,1650,8.8,DeepTech Ventures,GCP,Spark,Python,Statistics,Hadoop,135.0
Data Scientist,Entry,Freelance,France,Small,France,Hybrid,Master,0,Energy,1300,6.5,Machine Intelligence Group,R,AWS,Data Visualization,Scala,Mathematics,55.0
AI Specialist,Executive,Full-time,United Kingdom,Medium,United Kingdom,No remote,Bachelor,12,Retail,1400,7.8,Advanced Robotics,Linux,Git,Docker,MLOps,TensorFlow,175.0
Deep Learning Engineer,Senior,Part-time,China,Large,China,Hybrid,PhD,6,Manufacturing,1750,8.0,Quantum Computing Inc,Scala,PyTorch,Tableau,Hadoop,SQL,110.0
ML Ops Engineer,Entry,Contract,Ireland,Small,Ireland,Fully remote,Associate,1,Telecommunications,1000,5.5,Predictive Systems,Git,SQL,NLP,Java,Kubernetes,60.0
Computer Vision Engineer,Senior,Full-time,Finland,Medium,Finland,No remote,Master,9,Education,1900,9.2,Autonomous Tech,Data Visualization,R,Python,Linux,Deep Learning,148.0
Research Scientist,Executive,Freelance,Switzerland,Large,Switzerland,Fully remote,PhD,18,Government,2200,8.5,Cloud AI Solutions,TensorFlow,Computer Vision,MLOps,GCP,Spark,250.0
AI Product Manager,Mid,Part-time,Austria,Small,Austria,Hybrid,Bachelor,4,Real Estate,800,7.2,DataVision Ltd,Spark,Java,Mathematics,AWS,PyTorch,85.0
Autonomous Systems Engineer,Senior,Contract,South Korea,Medium,South Korea,Fully remote,Associate,7,Automotive,1600,6.8,Digital Transformation LLC,AWS,Scala,Git,Python,R,125.0
NLP Engineer,Entry,Full-time,Japan,Large,Japan,No remote,Master,0,Technology,1050,7.0,AI Innovations,Mathematics,Data Visualization,Hadoop,Docker,Azure,50.0
Principal Data Scientist,Executive,Freelance,Denmark,Small,Denmark,Hybrid,Bachelor,14,Consulting,1700,9.8,Future Systems,Hadoop,MLOps,SQL,PyTorch,Statistics,190.0
AI Research Scientist,Mid,Part-time,Israel,Medium,Israel,No remote,Associate,3,Healthcare,1450,6.3,Smart Analytics,Deep Learning,Linux,Scala,Kubernetes,GCP,78.0
Machine Learning Researcher,Executive,Full-time,Netherlands,Large,Netherlands,Fully remote,PhD,11,Energy,2000,7.5,Neural Networks Co,SQL,Docker,Python,Java,Linux,165.0
Robotics Engineer,Senior,Contract,Singapore,Small,Singapore,Hybrid,Master,5,Gaming,1350,8.1,DeepTech Ventures,NLP,Statistics,Tableau,Git,Docker,95.0
Data Scientist,Mid,Full-time,Germany,Medium,Germany,Hybrid,Master,2,Finance,1234,7.8,DataVision Ltd,Python,TensorFlow,SQL,PyTorch,Statistics,62.15
AI Architect,Executive,Contract,United States,Large,United States,Fully remote,PhD,10,Technology,1890,8.2,Neural Networks Co,Kubernetes,Spark,Docker,MLOps,Java,178.9
Data Engineer,Senior,Part-time,Canada,Small,Canada,No remote,Bachelor,5,Healthcare,1456,6.5,Cloud AI Solutions,SQL,Python,AWS,Linux,Tableau,95.5
Machine Learning Engineer,Entry,Freelance,India,Medium,India,Fully remote,Master,0,Gaming,2100,9.1,Autonomous Tech,Git,Linux,TensorFlow,Statistics,Hadoop,45.3
Head of AI,Executive,Full-time,Norway,Large,Norway,Hybrid,Associate,15,Energy,1100,7.0,Quantum Computing Inc,Scala,Hadoop,GCP,R,Deep Learning,245.0
AI Consultant,Mid,Contract,France,Small,France,No remote,Associate,3,Consulting,1678,5.9,Algorithmic Solutions,Java,Kubernetes,PyTorch,SQL,Git,71.8
AI Research Scientist,Senior,Full-time,Switzerland,Medium,Switzerland,Fully remote,PhD,8,Manufacturing,2034,9.5,DeepTech Ventures,PyTorch,TensorFlow,Python,Computer Vision,MLOps,155.4
AI Product Manager,Executive,Part-time,United Kingdom,Small,United Kingdom,Hybrid,Master,12,Retail,789,6.8,TechCorp Inc,AWS,Scala,NLP,Tableau,Mathematics,135.2
Deep Learning Engineer,Entry,Contract,Netherlands,Large,Netherlands,Hybrid,Bachelor,1,Telecommunications,1560,8.0,Machine Intelligence Group,R,Data Visualization,Linux,Azure,Kubernetes,55.75
Computer Vision Engineer,Senior,Freelance,China,Medium,China,No remote,Associate,7,Automotive,1320,7.5,Smart Analytics,Data Visualization,SQL,Docker,Python,Spark,110.9
Principal Data Scientist,Executive,Full-time,Singapore,Large,Singapore,Fully remote,PhD,20,Media,1780,9.8,Cognitive Computing,MLOps,Computer Vision,Statistics,Hadoop,NLP,280.3
NLP Engineer,Mid,Part-time,Japan,Small,Japan,Fully remote,PhD,4,Real Estate,940,5.2,Future Systems,NLP,PyTorch,Git,AWS,Linux,84.6
AI Specialist,Senior,Freelance,Austria,Medium,Austria,Hybrid,Bachelor,9,Government,1655,6.2,Predictive Systems,Spark,Azure,Mathematics,Scala,Docker,168.75
Robotics Engineer,Entry,Full-time,South Korea,Large,South Korea,No remote,Master,0,Transportation,2200,8.9,Advanced Robotics,Computer Vision,GCP,C++,ROS,PyTorch,49.9
ML Ops Engineer,Senior,Contract,Ireland,Small,Ireland,Fully remote,Associate,6,Education,1980,7.1,Digital Transformation LLC,Linux,Docker,Kubernetes,AWS,TensorFlow,120.0
Data Analyst,Executive,Part-time,Sweden,Medium,Sweden,No remote,Bachelor,14,Consulting,850,9.3,AI Innovations,Tableau,R,Python,SQL,Git,190.5
Autonomous Systems Engineer,Mid,Freelance,Finland,Large,Finland,Hybrid,Associate,2,Gaming,1422,6.0,Machine Intelligence Group,Hadoop,Statistics,Scala,Data Visualization,Java,68.4
Research Scientist,Executive,Full-time,Denmark,Large,Denmark,Fully remote,PhD,11,Healthcare,1895,8.5,Algorithmic Solutions,Deep Learning,Kubernetes,Spark,Mathematics,R,220.4
AI Software Engineer,Senior,Contract,Australia,Small,Australia,Hybrid,Master,6,Technology,1750,7.9,DeepTech Ventures,TensorFlow,Java,Linux,GCP,AWS,105.3
Machine Learning Researcher,Mid,Part-time,Israel,Medium,Israel,No remote,Bachelor,3,Finance,1288,8.8,Quantum Computing Inc,Statistics,Python,Tableau,NLP,Kubernetes,79.6
Data Scientist,Mid,Full-time,United States,Large,United States,Hybrid,Bachelor,3,Technology,1450,7.8,TechCorp Inc,Python,SQL,Statistics,PyTorch,,65.2
Machine Learning Engineer,Senior,Contract,Germany,Medium,Germany,Fully remote,PhD,10,Automotive,1800,8.5,Autonomous Tech,TensorFlow,Kubernetes,Python,AWS,Docker,155.3
Data Analyst,Entry,Full-time,India,Small,India,No remote,Associate,0,Finance,1100,6.0,DataVision Ltd,Git,Linux,Excel,Tableau,SQL,45.8
Data Engineer,Senior,Part-time,United Kingdom,Large,United Kingdom,Hybrid,Master,7,Media,1300,7.0,Future Systems,Spark,Scala,AWS,Hadoop,,110.5
AI Research Scientist,Executive,Freelance,Canada,Small,Canada,Fully remote,PhD,15,Healthcare,2000,9.0,Neural Networks Co,PyTorch,Computer Vision,Python,Mathematics,Deep Learning,210.0
AI Software Engineer,Entry,Full-time,France,Medium,France,Hybrid,Bachelor,1,Gaming,900,6.5,AI Innovations,Java,TensorFlow,Git,,,55.0
AI Consultant,Mid,Contract,Singapore,Small,Singapore,No remote,Master,5,Consulting,1600,7.5,Algorithmic Solutions,SQL,Tableau,R,Data Visualization,Python,95.0
Head of AI,Executive,Full-time,Switzerland,Large,Switzerland,No remote,Master,20,Finance,2200,9.5,Quantum Computing Inc,Kubernetes,MLOps,Linux,GCP,Docker,280.0
Data Analyst,Entry,Freelance,Australia,Medium,Australia,Fully remote,Associate,2,Real Estate,750,5.5,Smart Analytics,R,Hadoop,Statistics,,,60.0
NLP Engineer,Senior,Full-time,Norway,Medium,Norway,Hybrid,PhD,8,Transportation,1700,8.0,DeepTech Ventures,NLP,PyTorch,TensorFlow,Python,,140.0
AI Architect,Executive,Contract,Sweden,Large,Sweden,Fully remote,Bachelor,12,Telecommunications,1900,8.8,Cloud AI Solutions,AWS,GCP,Docker,Kubernetes,Azure,175.0
Data Engineer,Mid,Part-time,Ireland,Small,Ireland,No remote,Associate,4,Energy,1200,6.0,Machine Intelligence Group,Linux,Spark,Python,SQL,Java,80.0
Machine Learning Researcher,Entry,Freelance,Finland,Large,Finland,Hybrid,Master,0,Education,1050,7.0,Cognitive Computing,Scala,Statistics,Mathematics,R,,50.0
ML Ops Engineer,Senior,Full-time,Israel,Medium,Israel,Fully remote,Bachelor,6,Technology,1550,7.2,Predictive Systems,Docker,Kubernetes,AWS,Git,MLOps,120.0
Principal Data Scientist,Executive,Full-time,Japan,Small,Japan,No remote,PhD,14,Retail,2100,8.0,Advanced Robotics,Hadoop,Scala,Python,TensorFlow,Spark,190.0
AI Specialist,Mid,Part-time,China,Medium,China,Hybrid,Master,3,Government,1350,6.8,Digital Transformation LLC,Data Visualization,Python,Tableau,R,SQL,70.0
Computer Vision Engineer,Senior,Contract,Netherlands,Large,Netherlands,No remote,Associate,9,Manufacturing,1400,7.0,TechCorp Inc,PyTorch,Azure,Computer Vision,OpenCV,,130.0
Data Analyst,Entry,Freelance,Denmark,Small,Denmark,Fully remote,Associate,1,Energy,800,5.0,Future Systems,Tableau,Git,SQL,,,48.0
AI Product Manager,Executive,Full-time,South Korea,Medium,South Korea,Hybrid,Master,11,Gaming,1650,9.0,Cognitive Computing,MLOps,Docker,Python,AWS,Kubernetes,165.0
Deep Learning Engineer,Senior,Full-time,Austria,Small,Austria,Hybrid,Bachelor,6,Healthcare,1250,7.0,DeepTech Ventures,TensorFlow,PyTorch,Python,Computer Vision,Keras,100.0
Data Scientist,Mid,Full-time,United Kingdom,Medium,United Kingdom,Hybrid,Master,2,Finance,1245,7.8,DataVision Ltd,Python,SQL,TensorFlow,PyTorch,Statistics,55.28
ML Ops Engineer,Senior,Contract,Germany,Large,Germany,Fully remote,Bachelor,8,Technology,1890,8.5,Cloud AI Solutions,Kubernetes,Docker,Python,AWS,Java,145.9
Head of AI,Executive,Full-time,United States,Small,United States,No remote,PhD,15,Healthcare,1500,9.1,Neural Networks Co,Spark,Scala,Linux,Git,MLOps,210.45
Data Analyst,Entry,Part-time,India,Small,India,No remote,Associate,0,Consulting,870,5.9,Smart Analytics,SQL,Python,Statistics,Tableau,Git,44.12
Machine Learning Engineer,Mid,Freelance,Canada,Medium,Canada,Hybrid,Master,5,Gaming,1620,7.2,DeepTech Ventures,TensorFlow,PyTorch,Computer Vision,NLP,Deep Learning,98.5
AI Architect,Executive,Contract,Switzerland,Large,Switzerland,Fully remote,PhD,12,Finance,2100,8.0,Quantum Computing Inc,Java,Hadoop,AWS,R,Spark,175.3
AI Software Engineer,Mid,Full-time,Netherlands,Small,Netherlands,Fully remote,Bachelor,3,Media,1100,6.8,Algorithmic Solutions,Linux,Git,Kubernetes,Python,Docker,72.8
Computer Vision Engineer,Senior,Full-time,Norway,Medium,Norway,Hybrid,Master,10,Automotive,1380,8.9,Autonomous Tech,PyTorch,TensorFlow,C++,MATLAB,Computer Vision,155.6
Data Scientist,Entry,Contract,Australia,Large,Australia,Hybrid,Master,1,Government,1750,7.5,Predictive Systems,R,Statistics,SQL,Python,Data Visualization,61.35
Cloud AI Engineer,Senior,Freelance,Ireland,Small,Ireland,No remote,Associate,7,Energy,1450,6.4,Digital Transformation LLC,GCP,Azure,Terraform,Docker,Kubernetes,120.75
Data Engineer,Executive,Full-time,Finland,Medium,Finland,Fully remote,Bachelor,14,Telecommunications,1680,7.0,Machine Intelligence Group,Scala,Spark,SQL,Hadoop,Kafka,190.2
NLP Engineer,Mid,Part-time,France,Small,France,No remote,Associate,4,Media,920,6.1,AI Innovations,NLP,Python,BERT,Git,Transformer,85.9
Deep Learning Engineer,Senior,Contract,Japan,Large,Japan,Fully remote,PhD,9,Robotics,2000,9.3,Advanced Robotics,TensorFlow,Keras,C++,Linux,MLOps,137.4
ML Ops Engineer,Entry,Freelance,Singapore,Medium,Singapore,Fully remote,Bachelor,0,Technology,1330,8.2,TechCorp Inc,Git,Docker,Kubernetes,AWS,CI/CD,52.6
Data Analyst,Senior,Full-time,Sweden,Large,Sweden,Hybrid,Master,6,Retail,1050,7.7,Future Systems,SQL,Tableau,Python,R,Power BI,108.15
Research Scientist,Executive,Part-time,Denmark,Small,Denmark,No remote,PhD,20,Education,1800,9.5,Cognitive Computing,Mathematics,Statistics,Python,TensorFlow,Research,280.5
Computer Vision Engineer,Entry,Contract,Austria,Medium,Austria,Hybrid,Master,2,Manufacturing,1570,6.9,Machine Intelligence Group,PyTorch,Computer Vision,C++,Linux,OpenCV,68.4
Cloud Architect,Executive,Freelance,Israel,Large,Israel,Fully remote,Bachelor,11,Consulting,1920,8.1,Cloud AI Solutions,AWS,GCP,Terraform,Kubernetes,Azure,165.8
AI Consultant,Mid,Full-time,South Korea,Small,South Korea,No remote,Associate,3,Transportation,1150,5.5,Autonomous Tech,SQL,Excel,Python,Tableau,Communication,79.95
AI Product Manager,Executive,Full-time,China,Medium,China,Hybrid,Master,17,Gaming,2200,6.7,Neural Networks Co,Python,Deep Learning,TensorFlow,PyTorch,Reinforcement Learning,225.0
Machine Learning Engineer,Entry,Full-time,Canada,Medium,Canada,Hybrid,Bachelor,2,Technology,1342,7.8,TechCorp Inc,Python,TensorFlow,SQL,AWS,Git,68.5
Data Engineer,Mid,Contract,Germany,Large,Germany,Fully remote,Master,5,Finance,1876,6.5,DataVision Ltd,SQL,Python,Kubernetes,Spark,Java,98.75
AI Architect,Senior,Full-time,United States,Small,United States,No remote,PhD,10,Healthcare,2156,8.9,Neural Networks Co,Kubernetes,Docker,Python,AWS,MLOps,155.2
AI Specialist,Entry,Freelance,India,Small,India,Fully remote,Associate,0,Consulting,1105,5.9,Algorithmic Solutions,Java,Scala,Linux,Git,Hadoop,55.3
Head of AI,Executive,Part-time,Norway,Medium,Norway,Hybrid,Master,14,Energy,956,7.2,Cognitive Computing,Scala,Spark,Statistics,PyTorch,TensorFlow,178.4
Data Analyst,Mid,Full-time,France,Large,France,No remote,Bachelor,3,Retail,1428,6.8,Advanced Robotics,Linux,Git,Python,SQL,Data Visualization,72.15
Computer Vision Engineer,Senior,Contract,Sweden,Small,Sweden,Fully remote,PhD,8,Automotive,1653,9.1,DeepTech Ventures,PyTorch,Computer Vision,TensorFlow,R,NLP,138.9
Data Scientist,Entry,Part-time,Australia,Medium,Australia,Hybrid,Master,1,Government,1980,8.5,Quantum Computing Inc,R,Statistics,Python,MLOps,Tableau,60.25
ML Ops Engineer,Senior,Full-time,United Kingdom,Large,United Kingdom,No remote,Associate,7,Media,1723,7.4,Cloud AI Solutions,GCP,Azure,Kubernetes,Git,Docker,115.6
AI Product Manager,Executive,Freelance,Singapore,Small,Singapore,Hybrid,Bachelor,12,Gaming,1204,6.0,Future Systems,Hadoop,Tableau,SQL,Java,Linux,165.8
Deep Learning Engineer,Mid,Contract,China,Medium,China,Fully remote,Associate,4,Telecommunications,2240,8.2,Machine Intelligence Group,TensorFlow,Kubernetes,Python,Computer Vision,PyTorch,85.4
Research Scientist,Executive,Full-time,Switzerland,Large,Switzerland,No remote,PhD,20,Education,1889,9.5,Autonomous Tech,Spark,MLOps,Deep Learning,Scala,Mathematics,245.0
AI Consultant,Senior,Freelance,Netherlands,Medium,Netherlands,Hybrid,Master,6,Manufacturing,996,7.1,Smart Analytics,AWS,SQL,Python,Data Visualization,GCP,105.3
Autonomous Systems Engineer,Senior,Part-time,Japan,Small,Japan,Fully remote,Bachelor,9,Transportation,1350,6.3,Predictive Systems,Statistics,Python,Linux,Hadoop,R,148.75
NLP Engineer,Entry,Full-time,South Korea,Medium,South Korea,No remote,Master,2,Gaming,1578,8.0,AI Innovations,Data Visualization,Hadoop,NLP,TensorFlow,Spark,65.7
Principal Data Scientist,Executive,Contract,Denmark,Medium,Denmark,Fully remote,PhD,15,Real Estate,1782,5.5,Digital Transformation LLC,Deep Learning,PyTorch,Mathematics,AWS,Java,195.5
Robotics Engineer,Executive,Freelance,Finland,Small,Finland,Hybrid,Associate,11,Consulting,1432,7.9,DeepTech Ventures,Git,Linux,ROS,Python,Scala,170.9
AI Research Scientist,Senior,Full-time,Austria,Large,Austria,No remote,PhD,7,Technology,2045,9.0,Quantum Computing Inc,Docker,Kubernetes,TensorFlow,Statistics,SQL,125.1
AI Software Engineer,Entry,Part-time,Ireland,Small,Ireland,Fully remote,Bachelor,0,Finance,1689,6.7,Future Systems,Scala,Java,Python,Git,PyTorch,45.8
Data Scientist,Executive,Full-time,Israel,Medium,Israel,Hybrid,Master,16,Healthcare,1112,8.8,Autonomous Tech,Tableau,R,Spark,MLOps,Azure,210.3
Machine Learning Engineer,Mid,Full-time,Germany,Medium,Germany,Hybrid,Master,2,Finance,1450,7.1,DataVision Ltd,Python,TensorFlow,Git,Statistics,,62.18
Data Scientist,Senior,Contract,Canada,Large,Canada,Fully remote,Bachelor,8,Healthcare,1880,8.5,NeuroTech Corp,SQL,PyTorch,Kubernetes,AWS,Java,135.42
AI Architect,Executive,Freelance,Switzerland,Small,Switzerland,No remote,PhD,15,Telecommunications,1200,9.2,Quantum Computing Inc,Kubernetes,Scala,Python,NLP,,178.99
Data Engineer,Entry,Part-time,India,Medium,India,Fully remote,Associate,0,Consulting,2100,6.8,Smart Analytics,Git,Linux,Hadoop,Docker,SQL,45.5
AI Consultant,Mid,Full-time,United Kingdom,Large,United Kingdom,No remote,PhD,5,Government,1650,7.9,Algorithmic Solutions,Java,Kubernetes,Tableau,R,MLOps,98.75
AI Product Manager,Executive,Contract,Norway,Medium,Norway,Hybrid,Master,12,Energy,900,6.5,DeepTech Ventures,Scala,Spark,SQL,Azure,,155.3
Computer Vision Engineer,Mid,Freelance,Israel,Small,Israel,Fully remote,Bachelor,3,Automotive,1320,5.9,Autonomous Tech,Linux,AWS,PyTorch,,,72.88
Deep Learning Engineer,Senior,Full-time,France,Large,France,Hybrid,Associate,10,Media,1750,8.1,Neural Networks Co,Hadoop,MLOps,Docker,Computer Vision,TensorFlow,142.16
Research Scientist,Entry,Contract,Austria,Medium,Austria,No remote,Master,1,Education,1400,7.0,Future Systems,R,Statistics,GCP,Mathematics,Python,55.33
AI Specialist,Senior,Part-time,Denmark,Small,Denmark,Fully remote,PhD,9,Gaming,1100,9.0,Machine Intelligence Group,TensorFlow,Docker,Azure,Scala,,168.74
ML Ops Engineer,Senior,Freelance,Sweden,Medium,Sweden,No remote,Bachelor,6,Retail,1600,6.2,TechCorp Inc,PyTorch,Git,Spark,Data Visualization,Kubernetes,105.6
Head of AI,Executive,Full-time,United States,Large,United States,Hybrid,Associate,14,Technology,2200,8.0,Cognitive Computing,NLP,Computer Vision,PyTorch,Linux,,190.25
Data Analyst,Mid,Part-time,Netherlands,Small,Netherlands,Hybrid,Master,4,Real Estate,980,7.5,Advanced Robotics,Data Visualization,Tableau,SQL,Java,R,80.42
Autonomous Systems Engineer,Senior,Full-time,Japan,Medium,Japan,Fully remote,Doctorate,7,Transportation,1550,9.5,Predictive Systems,Spark,Hadoop,AWS,Mathematics,Java,119.95
AI Research Scientist,Entry,Full-time,South Korea,Large,South Korea,Hybrid,PhD,0,Manufacturing,1900,8.3,Digital Transformation LLC,AWS,Azure,TensorFlow,,,48.99
NLP Engineer,Executive,Contract,Ireland,Small,Ireland,Fully remote,Bachelor,11,Consulting,1300,5.7,AI Innovations,MLOps,NLP,Statistics,Docker,Git,162.8
Robotics Engineer,Entry,Freelance,China,Medium,China,No remote,Associate,2,Gaming,1480,6.0,Cloud AI Solutions,Deep Learning,Mathematics,GCP,PyTorch,,68.15
Principal Data Scientist,Executive,Part-time,Finland,Medium,Finland,Hybrid,Master,18,Energy,1700,9.8,Smart Analytics,Statistics,R,Python,Kubernetes,,225.4
AI Software Engineer,Senior,Full-time,Australia,Large,Australia,Hybrid,PhD,5,Healthcare,2000,7.3,Machine Intelligence Group,GCP,Azure,Linux,Spark,Hadoop,91.34
Data Engineer,Executive,Freelance,Singapore,Small,Singapore,No remote,Associate,13,Finance,1080,8.9,Algorithmic Solutions,Docker,Java,Tableau,,,148.22
Data Scientist,Entry,Full-time,Germany,Medium,Germany,Hybrid,Bachelor,2,Finance,1342,7.8,DataVision Ltd,Python,SQL,Statistics,R,Git,62.15
AI Research Scientist,Senior,Full-time,United States,Large,United States,Fully remote,PhD,7,Healthcare,1890,8.5,Neural Networks Co,TensorFlow,PyTorch,Deep Learning,Python,NLP,138.9
Machine Learning Engineer,Entry,Contract,India,Small,India,No remote,Associate,0,Technology,1105,6.2,Smart Analytics,Java,Linux,Git,Docker,SQL,45.8
Head of AI,Executive,Full-time,Switzerland,Medium,Switzerland,Hybrid,Master,15,Consulting,1567,9.1,Cognitive Computing,Kubernetes,AWS,Docker,Python,MLOps,215.3
Data Engineer,Mid,Freelance,Canada,Large,Canada,Fully remote,Bachelor,4,Media,1730,7.0,Cloud AI Solutions,SQL,Spark,Python,Scala,Hadoop,85.6
Computer Vision Engineer,Executive,Part-time,Norway,Small,Norway,No remote,PhD,11,Automotive,1280,8.3,Advanced Robotics,PyTorch,Computer Vision,TensorFlow,Linux,Statistics,175.4
Data Analyst,Entry,Full-time,Australia,Medium,Australia,Hybrid,Master,1,Government,990,6.9,Future Systems,R,Data Visualization,SQL,Python,Tableau,55.3
AI Architect,Senior,Contract,United Kingdom,Small,United Kingdom,Fully remote,Associate,9,Energy,2050,7.5,TechCorp Inc,Scala,Hadoop,GCP,Kubernetes,Azure,145.2
AI Specialist,Mid,Part-time,Japan,Large,Japan,No remote,PhD,5,Gaming,1440,8.0,Quantum Computing Inc,Mathematics,Statistics,Python,MLOps,Java,105.75
ML Ops Engineer,Entry,Freelance,Singapore,Medium,Singapore,Fully remote,Bachelor,0,Real Estate,1825,9.4,Autonomous Tech,Git,Docker,AWS,Kubernetes,Linux,50.25
NLP Engineer,Senior,Full-time,France,Medium,France,Hybrid,Master,6,Transportation,1685,7.2,DeepTech Ventures,NLP,Deep Learning,TensorFlow,Spark,PyTorch,120.8
AI Product Manager,Executive,Contract,South Korea,Small,South Korea,No remote,Associate,18,Telecommunications,1320,6.5,Machine Intelligence Group,Spark,Kubernetes,SQL,Tableau,GCP,250.0
Deep Learning Engineer,Mid,Part-time,Finland,Large,Finland,Hybrid,Associate,3,Education,1560,6.8,Predictive Systems,Linux,Scala,Python,MLOps,Docker,72.4
AI Software Engineer,Senior,Freelance,Denmark,Small,Denmark,Fully remote,Bachelor,10,Manufacturing,1740,8.8,Algorithmic Solutions,Azure,GCP,Docker,Git,AWS,160.5
Principal Data Scientist,Entry,Full-time,Ireland,Medium,Ireland,No remote,PhD,0,Retail,1220,5.9,Digital Transformation LLC,Data Visualization,Tableau,R,SQL,Mathematics,42.1
Autonomous Systems Engineer,Senior,Contract,Austria,Medium,Austria,Hybrid,Master,8,Consulting,1980,8.1,AI Innovations,Hadoop,MLOps,PyTorch,Scala,Computer Vision,130.25
Robotics Engineer,Executive,Full-time,Sweden,Large,Sweden,Fully remote,Bachelor,12,Gaming,1455,7.9,Future Systems,Docker,Git,Python,Kubernetes,Linux,190.7
AI Consultant,Mid,Freelance,Israel,Small,Israel,No remote,Master,4,Finance,1610,7.4,DeepTech Ventures,Statistics,R,SQL,Tableau,Python,95.5
Research Scientist,Executive,Part-time,China,Medium,China,Hybrid,PhD,14,Healthcare,1395,9.0,Cognitive Computing,Computer Vision,TensorFlow,PyTorch,NLP,Deep Learning,165.8
ML Ops Engineer,Senior,Full-time,Netherlands,Large,Netherlands,Fully remote,Associate,5,Technology,1765,6.3,Smart Analytics,MLOps,Azure,Docker,Kubernetes,Spark,110.35
Data Analyst,Entry,Full-time,India,Medium,India,Hybrid,Associate,2,Finance,1245,6.8,Smart Analytics,Python,SQL,Statistics,Tableau,,55.3
Machine Learning Engineer,Senior,Full-time,United States,Large,United States,Fully remote,Master,8,Technology,1890,8.5,TechCorp Inc,TensorFlow,PyTorch,Python,AWS,Docker,145.6
Head of AI,Executive,Full-time,Germany,Medium,Germany,No remote,PhD,14,Automotive,2100,9.0,Autonomous Tech,Spark,Scala,MLOps,Linux,Kubernetes,210.0
AI Software Engineer,Entry,Contract,Canada,Small,Canada,Hybrid,Bachelor,0,Gaming,980,6.0,Future Systems,Java,Git,SQL,,,45.75
Computer Vision Engineer,Mid,Freelance,Switzerland,Small,Switzerland,Fully remote,Master,5,Healthcare,1560,7.2,DeepTech Ventures,PyTorch,Computer Vision,Deep Learning,Python,NLP,98.2
Research Scientist,Executive,Full-time,Norway,Large,Norway,Hybrid,PhD,12,Energy,1750,8.8,Neural Networks Co,Hadoop,Spark,Statistics,R,,175.3
Data Engineer,Mid,Part-time,Ireland,Medium,Ireland,No remote,Associate,3,Consulting,1100,7.5,DataVision Ltd,SQL,Tableau,Python,,,68.9
AI Architect,Executive,Contract,United Kingdom,Medium,United Kingdom,Fully remote,Bachelor,20,Finance,2200,9.5,Cognitive Computing,Kubernetes,AWS,Docker,Linux,GCP,280.0
Data Scientist,Entry,Freelance,Australia,Small,Australia,Fully remote,Master,1,Government,1350,6.5,Algorithmic Solutions,R,Statistics,Mathematics,,,52.4
ML Ops Engineer,Senior,Full-time,Finland,Large,Finland,Hybrid,PhD,9,Telecommunications,1680,7.8,Machine Intelligence Group,MLOps,Docker,Kubernetes,Azure,Java,155.0
AI Specialist,Senior,Contract,France,Small,France,No remote,Bachelor,7,Media,1420,6.2,Quantum Computing Inc,Linux,Python,Scala,Hadoop,Git,120.0
AI Consultant,Mid,Part-time,Sweden,Medium,Sweden,Hybrid,Associate,4,Retail,1280,7.0,Predictive Systems,Azure,GCP,TensorFlow,,,82.5
AI Product Manager,Executive,Freelance,Japan,Medium,Japan,No remote,Master,15,Manufacturing,1900,8.0,Advanced Robotics,NLP,Deep Learning,Python,SQL,PyTorch,195.0
Data Engineer,Senior,Full-time,Singapore,Large,Singapore,Fully remote,Bachelor,6,Transportation,1650,7.3,Cloud AI Solutions,Scala,Hadoop,Spark,,,110.0
Principal Data Scientist,Entry,Contract,China,Small,China,No remote,PhD,2,Education,1740,8.2,Digital Transformation LLC,Mathematics,Data Visualization,Python,R,Tableau,61.8
Autonomous Systems Engineer,Executive,Part-time,Denmark,Small,Denmark,Hybrid,Associate,11,Real Estate,1330,6.9,AI Innovations,Git,Linux,Docker,Kubernetes,MLOps,165.0
Deep Learning Engineer,Entry,Freelance,South Korea,Medium,South Korea,Hybrid,Associate,0,Technology,1150,5.5,Machine Intelligence Group,Data Visualization,R,TensorFlow,,,49.2
AI Research Scientist,Senior,Full-time,Austria,Medium,Austria,No remote,Master,10,Gaming,2000,9.1,DeepTech Ventures,Computer Vision,NLP,PyTorch,Statistics,Spark,148.0
Machine Learning Engineer,Mid,Part-time,Netherlands,Large,Netherlands,Fully remote,Bachelor,3,Consulting,1490,6.7,Autonomous Tech,Kubernetes,Docker,AWS,,,72.4
AI Product Manager,Executive,Contract,Israel,Small,Israel,Fully remote,PhD,19,Healthcare,1850,9.3,Neural Networks Co,Deep Learning,TensorFlow,Python,Scala,Computer Vision,250.0
Machine Learning Engineer,Mid,Full-time,Germany,Medium,Germany,Hybrid,Master,2,Technology,1245,7.8,Neural Networks Co,Python,TensorFlow,Statistics,Git,SQL,65.23
AI Architect,Senior,Contract,United States,Large,United States,Fully remote,PhD,8,Finance,1876,8.5,Cloud AI Solutions,PyTorch,Kubernetes,Docker,Scala,Java,142.5
Data Analyst,Entry,Freelance,Canada,Small,Canada,Fully remote,Bachelor,0,Media,938,6.2,DataVision Ltd,SQL,Python,Tableau,R,Git,52.8
Head of AI,Executive,Full-time,Switzerland,Medium,Switzerland,No remote,Associate,15,Healthcare,2150,9.1,Advanced Robotics,Spark,Scala,AWS,Linux,MLOps,198.3
Data Engineer,Mid,Part-time,India,Large,India,Hybrid,Associate,4,Consulting,1312,7.0,Smart Analytics,Java,Hadoop,Python,Azure,Deep Learning,88.75
AI Software Engineer,Senior,Contract,United Kingdom,Small,United Kingdom,No remote,Master,6,Gaming,1567,6.8,TechCorp Inc,Git,AWS,MLOps,PyTorch,TensorFlow,115.4
Research Scientist,Entry,Full-time,Norway,Medium,Norway,Hybrid,PhD,1,Energy,1720,8.0,Quantum Computing Inc,R,Statistics,Computer Vision,Docker,Mathematics,59.9
AI Product Manager,Executive,Freelance,France,Small,France,Fully remote,Bachelor,10,Automotive,1034,7.5,Future Systems,Linux,PyTorch,SQL,GCP,Kubernetes,165.7
NLP Engineer,Mid,Part-time,South Korea,Large,South Korea,No remote,Bachelor,3,Telecommunications,1148,5.9,Machine Intelligence Group,Scala,Spark,Hadoop,NLP,Tableau,72.35
Autonomous Systems Engineer,Executive,Full-time,Japan,Medium,Japan,Hybrid,Master,12,Transportation,1902,8.9,Autonomous Tech,Kubernetes,GCP,Data Visualization,Java,PyTorch,178.9
AI Specialist,Senior,Contract,Singapore,Small,Singapore,Fully remote,PhD,5,Government,1440,6.5,Algorithmic Solutions,Data Visualization,R,Python,Statistics,Spark,105.2
Deep Learning Engineer,Entry,Freelance,Austria,Medium,Austria,No remote,Associate,0,Real Estate,820,7.2,Predictive Systems,TensorFlow,Linux,Computer Vision,Azure,Java,47.15
ML Ops Engineer,Senior,Part-time,Finland,Large,Finland,Hybrid,Master,9,Manufacturing,1685,8.3,DeepTech Ventures,AWS,MLOps,Git,TensorFlow,Scala,129.8
Computer Vision Engineer,Executive,Full-time,Sweden,Small,Sweden,Fully remote,Bachelor,14,Retail,1342,9.4,Cognitive Computing,Hadoop,SQL,Docker,PyTorch,Deep Learning,155.6
Data Scientist,Senior,Full-time,China,Medium,China,No remote,Associate,7,Education,1095,6.0,Digital Transformation LLC,Tableau,Java,Mathematics,Spark,Git,98.6
AI Consultant,Mid,Freelance,Ireland,Small,Ireland,Fully remote,PhD,2,Consulting,1553,7.8,AI Innovations,NLP,Docker,Python,GCP,Kubernetes,62.8
Principal Data Scientist,Executive,Contract,Netherlands,Large,Netherlands,Hybrid,Master,11,Technology,2045,8.7,Machine Intelligence Group,Statistics,Tableau,R,Linux,Hadoop,183.4
Robotics Engineer,Executive,Part-time,Denmark,Medium,Denmark,No remote,Associate,18,Gaming,1748,6.9,Neural Networks Co,Azure,Computer Vision,Git,Scala,NLP,225.0
AI Research Scientist,Mid,Full-time,Israel,Medium,Israel,Hybrid,Bachelor,3,Healthcare,1210,9.0,Future Systems,Mathematics,PyTorch,TensorFlow,Data Visualization,AWS,81.15
AI Software Engineer,Executive,Freelance,Australia,Large,Australia,Fully remote,PhD,16,Finance,1628,7.1,Smart Analytics,Docker,Git,Kubernetes,Python,Tableau,210.7
Data Scientist,Entry,Full-time,Canada,Medium,Canada,Hybrid,Bachelor,2,Finance,1520,7.8,DataVision Ltd,Python,SQL,Statistics,R,Git,62.15
AI Architect,Senior,Contract,United States,Large,United States,Fully remote,Master,8,Technology,2110,8.9,TechCorp Inc,AWS,Kubernetes,Python,MLOps,Docker,145.3
Head of AI,Executive,Full-time,Germany,Medium,Germany,No remote,PhD,14,Automotive,1890,9.2,Autonomous Tech,TensorFlow,PyTorch,Computer Vision,Linux,Deep Learning,185.6
Machine Learning Engineer,Entry,Part-time,India,Small,India,No remote,Associate,0,Consulting,980,5.5,Algorithmic Solutions,Java,Git,Hadoop,Scala,SQL,45.8
Data Engineer,Mid,Full-time,United Kingdom,Large,United Kingdom,Hybrid,Master,5,Media,1340,7.0,Cloud AI Solutions,Spark,Scala,AWS,Docker,Kubernetes,98.75
AI Product Manager,Executive,Freelance,Switzerland,Small,Switzerland,Fully remote,Bachelor,11,Healthcare,1150,6.8,Neural Networks Co,Linux,Statistics,Python,Tableau,R,220.4
NLP Engineer,Mid,Contract,France,Medium,France,Fully remote,PhD,3,Energy,1760,8.1,DeepTech Ventures,NLP,Python,TensorFlow,PyTorch,Mathematics,72.9
ML Ops Engineer,Senior,Full-time,Norway,Large,Norway,No remote,Associate,9,Telecommunications,2050,7.5,Cognitive Computing,Docker,Azure,Kubernetes,Linux,GCP,168.5
Data Analyst,Entry,Part-time,Australia,Small,Australia,Hybrid,Bachelor,1,Government,720,6.2,Smart Analytics,Tableau,R,SQL,Python,Data Visualization,55.3
Computer Vision Engineer,Senior,Freelance,Sweden,Medium,Sweden,Fully remote,Master,7,Gaming,1680,8.5,Quantum Computing Inc,PyTorch,Computer Vision,TensorFlow,Spark,MLOps,135.2
Research Scientist,Executive,Full-time,Japan,Large,Japan,Hybrid,PhD,16,Manufacturing,2210,9.8,Machine Intelligence Group,Scala,Hadoop,Python,Statistics,Java,250.3
AI Consultant,Mid,Contract,Finland,Small,Finland,Fully remote,Associate,4,Education,1440,6.9,Future Systems,GCP,Docker,AWS,Linux,Kubernetes,88.4
AI Specialist,Executive,Freelance,Singapore,Medium,Singapore,No remote,Bachelor,12,Retail,1310,7.2,Predictive Systems,SQL,Spark,Python,Data Visualization,Git,175.8
Machine Learning Researcher,Entry,Full-time,Netherlands,Medium,Netherlands,Hybrid,Master,0,Real Estate,1030,7.4,Digital Transformation LLC,Statistics,Mathematics,Python,TensorFlow,R,50.1
AI Research Scientist,Senior,Part-time,Denmark,Small,Denmark,Hybrid,PhD,6,Transportation,1920,8.2,Advanced Robotics,Kubernetes,MLOps,Python,PyTorch,Docker,125.6
Deep Learning Engineer,Executive,Contract,Austria,Large,Austria,Fully remote,Associate,10,Technology,1580,6.5,AI Innovations,Hadoop,Azure,TensorFlow,Spark,Tableau,155.9
Robotics Engineer,Entry,Freelance,Israel,Small,Israel,Fully remote,Bachelor,2,Gaming,870,7.9,Autonomous Tech,Git,Linux,Python,Computer Vision,AWS,68.3
Principal Data Scientist,Executive,Full-time,South Korea,Medium,South Korea,No remote,Master,15,Finance,2420,8.7,DeepTech Ventures,Python,Deep Learning,PyTorch,Scala,NLP,195.2
AI Software Engineer,Mid,Part-time,China,Large,China,No remote,Associate,3,Consulting,1650,5.8,Algorithmic Solutions,Scala,Java,Spark,SQL,Hadoop,76.5
Autonomous Systems Engineer,Senior,Contract,Ireland,Small,Ireland,Hybrid,Bachelor,9,Healthcare,1990,9.0,Future Systems,MLOps,TensorFlow,Python,Docker,Kubernetes,142.1
Data Scientist,Entry,Full-time,United Kingdom,Medium,United Kingdom,Hybrid,Bachelor,2,Finance,1345,7.8,DataVision Ltd,Python,SQL,Statistics,PyTorch,Git,62.15
Machine Learning Engineer,Senior,Full-time,United States,Large,United States,Fully remote,PhD,8,Technology,1890,8.5,TechCorp Inc,TensorFlow,Kubernetes,Python,AWS,NLP,145.3
Head of AI,Executive,Full-time,Germany,Medium,Germany,Hybrid,Master,14,Automotive,1560,9.1,Autonomous Tech,Kubernetes,Scala,Docker,Spark,Java,175.6
Data Analyst,Entry,Contract,India,Small,India,No remote,Associate,0,Consulting,980,6.2,Smart Analytics,SQL,Python,Excel,R,Tableau,45.8
Deep Learning Engineer,Mid,Full-time,Canada,Medium,Canada,Fully remote,Master,5,Healthcare,1720,7.5,Neural Networks Co,PyTorch,AWS,Computer Vision,Linux,MLOps,98.75
AI Research Scientist,Executive,Freelance,Switzerland,Small,Switzerland,Fully remote,PhD,12,Pharmaceutical,2100,8.9,Quantum Computing Inc,Spark,MLOps,Statistics,Python,Docker,210.4
Data Engineer,Mid,Contract,France,Large,France,No remote,Bachelor,3,Telecommunications,1450,6.8,Digital Transformation LLC,Java,Hadoop,Azure,SQL,Scala,72.3
AI Architect,Senior,Part-time,Sweden,Medium,Sweden,Hybrid,Master,9,Gaming,1200,9.3,Future Systems,Linux,Git,TensorFlow,GCP,R,155.9
AI Specialist,Entry,Freelance,Netherlands,Small,Netherlands,Hybrid,Master,1,Energy,1100,7.0,Algorithmic Solutions,R,Statistics,Python,Data Visualization,Mathematics,55.4
ML Ops Engineer,Senior,Full-time,Norway,Large,Norway,No remote,PhD,7,Media,1680,8.1,Cloud AI Solutions,GCP,Docker,AWS,Terraform,Kubernetes,128.6
AI Product Manager,Executive,Full-time,Australia,Medium,Australia,Fully remote,Bachelor,16,Retail,1400,9.5,Cognitive Computing,Data Visualization,Tableau,Python,Statistics,SQL,230.5
Autonomous Systems Engineer,Mid,Contract,Singapore,Small,Singapore,Fully remote,Associate,4,Transportation,1550,6.5,Advanced Robotics,Scala,Spark,Python,C++,Hadoop,85.2
Computer Vision Engineer,Senior,Part-time,Japan,Large,Japan,Hybrid,PhD,10,Manufacturing,1750,7.9,Machine Intelligence Group,NLP,PyTorch,TensorFlow,OpenCV,Deep Learning,165.7
AI Software Engineer,Entry,Freelance,China,Medium,China,No remote,Bachelor,0,Real Estate,1300,5.9,Predictive Systems,Git,Linux,Python,Java,AWS,49.9
Data Scientist,Senior,Full-time,Ireland,Small,Ireland,Fully remote,Associate,6,Government,1600,8.3,DeepTech Ventures,Hadoop,Computer Vision,SQL,R,Spark,110.1
Principal Data Scientist,Executive,Freelance,Finland,Medium,Finland,Hybrid,Master,18,Education,1850,8.6,Machine Intelligence Group,MLOps,Azure,Python,Docker,TensorFlow,195.8
AI Consultant,Entry,Part-time,Austria,Large,Austria,Hybrid,Master,2,Consulting,1080,7.2,AI Innovations,Statistics,Mathematics,SQL,Tableau,Python,68.5
Research Scientist,Executive,Full-time,Denmark,Medium,Denmark,No remote,PhD,11,Biotechnology,2200,9.0,Cognitive Computing,Deep Learning,TensorFlow,Biology,Python,PyTorch,180.2
ML Ops Engineer,Senior,Contract,Israel,Small,Israel,Fully remote,Bachelor,9,Cybersecurity,1900,8.0,TechCorp Inc,Docker,Kubernetes,Python,AWS,Linux,140.5
AI Architect,Mid,Full-time,South Korea,Large,South Korea,Hybrid,PhD,5,Electronics,1650,7.6,Future Systems,AWS,GCP,Terraform,SQL,Azure,105.9
Data Analyst,Entry,Full-time,United Kingdom,Medium,United Kingdom,Fully remote,Bachelor,2,Finance,1245,6.8,DataVision Ltd,Python,SQL,Tableau,Statistics,Git,55.34
AI Software Engineer,Mid,Contract,Germany,Large,Germany,Hybrid,Master,5,Technology,1890,7.2,TechCorp Inc,Java,PyTorch,Python,Docker,SQL,78.91
AI Architect,Senior,Full-time,United States,Small,United States,No remote,PhD,8,Healthcare,1620,8.5,Cognitive Computing,Kubernetes,Scala,MLOps,Linux,NLP,115.42
Head of AI,Executive,Freelance,Canada,Medium,Canada,Fully remote,Master,14,Gaming,980,9.1,Neural Networks Co,TensorFlow,Spark,Python,AWS,Docker,178.6
Machine Learning Researcher,Entry,Part-time,India,Small,India,No remote,Associate,0,Consulting,1450,5.5,Algorithmic Solutions,SQL,Linux,Statistics,R,Java,45.78
AI Product Manager,Executive,Full-time,Norway,Large,Norway,Hybrid,Bachelor,10,Media,1100,7.8,Future Systems,Hadoop,Data Visualization,Azure,PyTorch,Mathematics,142.15
Data Engineer,Mid,Contract,Australia,Medium,Australia,Fully remote,Master,3,Energy,1750,6.5,Cloud AI Solutions,Scala,Kubernetes,SQL,Spark,MLOps,65.2
Research Scientist,Executive,Full-time,Switzerland,Small,Switzerland,No remote,PhD,15,Automotive,1350,9.3,DeepTech Ventures,Deep Learning,R,Computer Vision,GCP,Tableau,195.3
Machine Learning Engineer,Senior,Freelance,Singapore,Small,Singapore,Hybrid,Bachelor,6,Transportation,820,7.0,Autonomous Tech,Git,TensorFlow,Linux,Statistics,Hadoop,95.67
AI Specialist,Entry,Contract,Finland,Large,Finland,Fully remote,Bachelor,1,Real Estate,1680,6.2,Smart Analytics,PyTorch,AWS,GCP,Docker,Git,52.11
NLP Engineer,Senior,Full-time,Netherlands,Medium,Netherlands,Fully remote,PhD,9,Government,2000,8.0,Quantum Computing Inc,NLP,Python,MLOps,PyTorch,Kubernetes,128.75
Autonomous Systems Engineer,Mid,Part-time,Sweden,Small,Sweden,No remote,Associate,4,Telecommunications,930,5.9,Machine Intelligence Group,R,Hadoop,Mathematics,Tableau,Scala,72.85
AI Consultant,Executive,Freelance,Japan,Medium,Japan,Hybrid,Master,12,Manufacturing,1450,8.8,Advanced Robotics,Spark,Linux,Docker,Java,SQL,165.4
Data Scientist,Senior,Full-time,France,Large,France,Hybrid,Master,7,Retail,1550,7.5,Predictive Systems,Statistics,Docker,Python,AWS,PyTorch,103.95
Computer Vision Engineer,Entry,Freelance,Austria,Small,Austria,Hybrid,Associate,0,Education,1800,6.0,Digital Transformation LLC,MLOps,Java,Data Visualization,Git,NLP,49.87
AI Research Scientist,Executive,Part-time,Denmark,Medium,Denmark,Fully remote,PhD,11,Biotechnology,1150,9.5,AI Innovations,Azure,Mathematics,TensorFlow,Kubernetes,Deep Learning,155.22
Deep Learning Engineer,Entry,Full-time,South Korea,Large,South Korea,No remote,Bachelor,2,Gaming,1300,6.7,TechCorp Inc,Computer Vision,Git,Linux,Scala,Spark,60.55
Principal Data Scientist,Executive,Contract,Ireland,Medium,Ireland,No remote,Master,16,Finance,1050,8.2,Cognitive Computing,Tableau,Azure,R,Python,Hadoop,210.8
ML Ops Engineer,Senior,Freelance,China,Small,China,Fully remote,Associate,5,Energy,1920,7.9,Autonomous Tech,GCP,NLP,Docker,Statistics,Python,88.43
Robotics Engineer,Executive,Full-time,Israel,Large,Israel,Hybrid,Bachelor,13,Automotive,1400,9.0,Future Systems,Docker,Tableau,PyTorch,AWS,MLOps,184.5
Data Scientist,Mid,Full-time,United States,Large,United States,Fully remote,Bachelor,2,Technology,1520,8.2,TechCorp Inc,Python,SQL,Statistics,PyTorch,NaN,65.23
Machine Learning Engineer,Senior,Full-time,Germany,Medium,Germany,Hybrid,Master,8,Automotive,1890,7.5,Autonomous Tech,TensorFlow,Kubernetes,Python,AWS,Docker,142.5
Head of AI,Executive,Full-time,Switzerland,Large,Switzerland,No remote,PhD,15,Finance,2100,9.1,Neural Networks Co,Spark,Scala,MLOps,Linux,Java,210.8
AI Software Engineer,Entry,Contract,India,Small,India,Hybrid,Master,0,Consulting,1350,6.8,DataVision Ltd,SQL,Python,Git,NaN,NaN,45.9
Deep Learning Engineer,Mid,Freelance,Canada,Medium,Canada,Fully remote,Bachelor,5,Gaming,1100,7.9,DeepTech Ventures,PyTorch,AWS,Computer Vision,TensorFlow,NaN,98.75
AI Research Scientist,Executive,Full-time,United Kingdom,Large,United Kingdom,Fully remote,PhD,12,Healthcare,1750,8.5,Quantum Computing Inc,Hadoop,Spark,Python,Statistics,MLOps,175.3
AI Consultant,Mid,Part-time,France,Small,France,No remote,Associate,3,Energy,980,5.5,Predictive Systems,Java,Linux,Azure,NaN,NaN,72.1
AI Architect,Executive,Freelance,United States,Medium,United States,Hybrid,Master,20,Technology,2400,9.8,Machine Intelligence Group,Kubernetes,Docker,TensorFlow,R,Git,280.0
Data Analyst,Entry,Full-time,Australia,Large,Australia,Fully remote,Bachelor,1,Real Estate,800,7.2,Cloud AI Solutions,R,Tableau,SQL,Python,NaN,55.6
NLP Engineer,Senior,Contract,Japan,Medium,Japan,No remote,PhD,9,Media,1650,6.9,Algorithmic Solutions,NLP,PyTorch,Deep Learning,Hadoop,NaN,155.4
ML Ops Engineer,Senior,Full-time,Netherlands,Small,Netherlands,Hybrid,Master,6,Telecommunications,1400,8.0,Digital Transformation LLC,AWS,GCP,Docker,Kubernetes,NaN,118.2
Computer Vision Engineer,Entry,Part-time,South Korea,Medium,South Korea,No remote,Associate,0,Transportation,1250,6.0,Smart Analytics,Scala,Git,Computer Vision,NaN,NaN,49.3
Data Engineer,Executive,Freelance,Norway,Large,Norway,Fully remote,Bachelor,14,Education,2200,9.5,Cognitive Computing,SQL,Python,Spark,Data Visualization,Tableau,190.5
AI Product Manager,Mid,Contract,Finland,Small,Finland,Hybrid,PhD,4,Manufacturing,1700,7.8,Future Systems,Statistics,Mathematics,TensorFlow,Python,NaN,85.9
Autonomous Systems Engineer,Senior,Full-time,Sweden,Medium,Sweden,Fully remote,Associate,7,Government,1550,6.5,Advanced Robotics,Linux,MLOps,C++,ROS,NaN,130.1
Principal Data Scientist,Executive,Freelance,Denmark,Small,Denmark,No remote,Master,11,Retail,1300,7.1,AI Innovations,Data Visualization,Hadoop,SQL,NaN,NaN,168.7
AI Specialist,Entry,Part-time,Ireland,Large,Ireland,Hybrid,Master,2,Healthcare,1450,8.8,Smart Analytics,GCP,Azure,Kubernetes,Docker,NaN,60.5
Robotics Engineer,Senior,Contract,Austria,Small,Austria,Hybrid,Bachelor,10,Manufacturing,1850,5.9,Quantum Computing Inc,Deep Learning,Computer Vision,Python,C++,NaN,148.9
Machine Learning Researcher,Entry,Full-time,China,Medium,China,Fully remote,PhD,0,Technology,1950,7.4,DeepTech Ventures,TensorFlow,PyTorch,Statistics,Mathematics,NaN,52.0
AI Product Manager,Executive,Freelance,Singapore,Large,Singapore,No remote,Associate,16,Gaming,900,6.2,Autonomous Tech,Kubernetes,Docker,AWS,Scala,NaN,225.0
Data Scientist,Entry,Full-time,Germany,Medium,Germany,Hybrid,Master,2,Technology,1345,7.2,TechCorp Inc,Python,TensorFlow,Statistics,SQL,Git,65.32
Machine Learning Engineer,Senior,Full-time,United States,Large,United States,Fully remote,PhD,8,Healthcare,1890,8.5,Neural Networks Co,Kubernetes,Spark,Python,Docker,NLP,142.88
Data Analyst,Entry,Contract,India,Small,India,No remote,Bachelor,0,Finance,1102,5.8,DataVision Ltd,SQL,Java,Excel,Tableau,,45.97
Head of AI,Executive,Full-time,United Kingdom,Medium,United Kingdom,Hybrid,Master,14,Gaming,1567,9.1,DeepTech Ventures,AWS,PyTorch,TensorFlow,Linux,MLOps,175.34
Data Engineer,Mid,Freelance,Canada,Large,Canada,Fully remote,Bachelor,5,Consulting,1765,6.9,Cloud AI Solutions,Scala,Hadoop,Spark,Kubernetes,,97.54
Research Scientist,Entry,Part-time,Sweden,Small,Sweden,Hybrid,PhD,1,Energy,2200,7.8,Quantum Computing Inc,R,Statistics,Python,Deep Learning,Mathematics,55.76
AI Architect,Executive,Contract,Netherlands,Small,Netherlands,No remote,Associate,10,Media,987,6.3,Algorithmic Solutions,Linux,Docker,Git,GCP,Java,188.45
Computer Vision Engineer,Mid,Full-time,Austria,Medium,Austria,No remote,Master,3,Automotive,1432,7.4,Autonomous Tech,PyTorch,Computer Vision,TensorFlow,Python,,81.69
AI Product Manager,Executive,Freelance,Switzerland,Large,Switzerland,Fully remote,PhD,18,Telecommunications,1234,9.8,Cognitive Computing,MLOps,Azure,Kubernetes,SQL,Data Visualization,267.91
AI Consultant,Senior,Part-time,Finland,Medium,Finland,Hybrid,Associate,7,Retail,1678,5.9,Predictive Systems,GCP,Tableau,R,Statistics,Hadoop,115.63
ML Ops Engineer,Entry,Contract,Singapore,Small,Singapore,Fully remote,Bachelor,0,Government,2045,8.1,Digital Transformation LLC,Git,Python,AWS,Linux,Docker,49.21
NLP Engineer,Executive,Full-time,Japan,Large,Japan,No remote,Master,12,Education,890,8.0,Machine Intelligence Group,Java,NLP,TensorFlow,Scala,,155.72
Deep Learning Engineer,Mid,Freelance,France,Medium,France,Hybrid,Associate,4,Manufacturing,1120,6.5,AI Innovations,TensorFlow,SQL,Python,Computer Vision,PyTorch,92.17
Principal Data Scientist,Executive,Freelance,Norway,Large,Norway,Fully remote,Bachelor,15,Real Estate,1456,7.9,Future Systems,Data Visualization,Kubernetes,Spark,Mathematics,TensorFlow,220.36
AI Specialist,Senior,Full-time,Australia,Small,Australia,No remote,PhD,6,Transportation,1789,8.3,Advanced Robotics,Docker,Mathematics,PyTorch,Git,Spark,129.41
Autonomous Systems Engineer,Entry,Part-time,South Korea,Large,South Korea,Hybrid,Master,2,Consulting,1922,6.7,Smart Analytics,Hadoop,MLOps,C++,ROS,,73.88
AI Software Engineer,Senior,Contract,China,Medium,China,Fully remote,Bachelor,9,Technology,1350,7.1,Machine Intelligence Group,Statistics,Scala,Java,SQL,Kubernetes,106.94
Robotics Engineer,Executive,Freelance,Ireland,Small,Ireland,No remote,Associate,11,Healthcare,1010,8.9,TechCorp Inc,Spark,R,Python,C++,,165.89
AI Research Scientist,Mid,Full-time,Denmark,Medium,Denmark,Fully remote,PhD,3,Media,2134,9.5,Neural Networks Co,Computer Vision,Deep Learning,TensorFlow,OpenCV,PyTorch,84.56
AI Specialist,Executive,Part-time,Israel,Large,Israel,Hybrid,Master,16,Gaming,765,5.5,Quantum Computing Inc,Azure,Git,Python,Docker,Tableau,231.42
Data Scientist,Entry,Full-time,Canada,Medium,Canada,Hybrid,Bachelor,2,Technology,1234,7.8,DataVision Ltd,Python,SQL,Statistics,PyTorch,Git,62.18
AI Architect,Senior,Contract,Germany,Large,Germany,Fully remote,PhD,8,Finance,1856,8.2,Quantum Computing Inc,Kubernetes,TensorFlow,Docker,Spark,MLOps,145.9
Head of AI,Executive,Full-time,United States,Small,United States,No remote,Master,15,Healthcare,1102,9.1,Neural Networks Co,Scala,Hadoop,AWS,Linux,Java,210.33
Machine Learning Engineer,Entry,Full-time,India,Small,India,No remote,Associate,0,Consulting,987,6.4,Smart Analytics,Linux,Python,Git,Azure,SQL,45.76
Data Engineer,Mid,Freelance,United Kingdom,Medium,United Kingdom,Hybrid,Master,5,Retail,1450,7.5,Cloud AI Solutions,SQL,PyTorch,Python,Scala,Tableau,98.5
AI Research Scientist,Executive,Part-time,Switzerland,Medium,Switzerland,Fully remote,PhD,12,Education,1680,8.8,Advanced Robotics,TensorFlow,Kubernetes,PyTorch,Computer Vision,Deep Learning,175.2
AI Consultant,Mid,Contract,Australia,Large,Australia,Fully remote,Bachelor,3,Gaming,1320,6.9,Digital Transformation LLC,Git,AWS,NLP,R,Hadoop,80.91
Machine Learning Researcher,Senior,Full-time,Norway,Small,Norway,Hybrid,Associate,10,Energy,1411,5.6,Algorithmic Solutions,Java,Scala,Spark,Docker,Mathematics,155.67
NLP Engineer,Entry,Freelance,Japan,Small,Japan,Hybrid,Master,1,Telecommunications,1755,7.2,Machine Intelligence Group,R,Data Visualization,SQL,PyTorch,NLP,55.3
AI Specialist,Executive,Full-time,France,Large,France,No remote,Bachelor,14,Automotive,920,9.5,Future Systems,Docker,Linux,GCP,Hadoop,Statistics,220.45
Computer Vision Engineer,Senior,Part-time,Denmark,Medium,Denmark,Fully remote,PhD,6,Transportation,1567,7.9,DeepTech Ventures,PyTorch,Python,Computer Vision,Azure,Kubernetes,118.4
AI Product Manager,Senior,Contract,Sweden,Medium,Sweden,No remote,Master,9,Media,2010,6.2,Autonomous Tech,Spark,GCP,Tableau,Python,MLOps,135.8
Deep Learning Engineer,Mid,Full-time,China,Small,China,No remote,Associate,4,Government,1123,8.1,Predictive Systems,Hadoop,Java,TensorFlow,Statistics,Git,85.12
Robotics Engineer,Executive,Freelance,Austria,Large,Austria,Hybrid,PhD,11,Manufacturing,1345,9.0,Cognitive Computing,MLOps,Statistics,Data Visualization,R,Scala,165.5
AI Software Engineer,Senior,Full-time,Finland,Medium,Finland,Hybrid,Bachelor,7,Real Estate,1789,5.8,TechCorp Inc,GCP,Docker,Python,Kubernetes,Linux,105.6
ML Ops Engineer,Entry,Part-time,Ireland,Large,Ireland,Fully remote,Bachelor,0,Technology,1902,9.3,AI Innovations,Data Visualization,Tableau,AWS,Scala,Java,49.87
Principal Data Scientist,Executive,Contract,Singapore,Small,Singapore,Fully remote,Master,16,Healthcare,889,7.4,Autonomous Tech,Azure,Spark,Hadoop,Docker,PyTorch,195.2
AI Specialist,Mid,Freelance,South Korea,Small,South Korea,Hybrid,Associate,5,Consulting,1634,6.7,Digital Transformation LLC,NLP,Mathematics,Linux,Tableau,TensorFlow,92.3
Autonomous Systems Engineer,Executive,Full-time,Israel,Large,Israel,No remote,PhD,13,Gaming,1220,8.5,Machine Intelligence Group,Computer Vision,Deep Learning,Kubernetes,Git,Python,185.4
Data Analyst,Entry,Part-time,Netherlands,Medium,Netherlands,Hybrid,Master,2,Education,1055,7.1,Algorithmic Solutions,Statistics,R,SQL,PyTorch,Azure,70.15
Data Scientist,Mid,Full-time,Germany,Medium,Germany,Hybrid,Bachelor,2,Finance,1345,7.8,Cognitive Computing,Python,SQL,Statistics,PyTorch,Git,65.2
AI Architect,Senior,Contract,Canada,Large,Canada,Fully remote,PhD,10,Technology,1890,8.9,Neural Networks Co,Kubernetes,TensorFlow,Python,Linux,Docker,155.4
Machine Learning Engineer,Entry,Full-time,India,Small,India,No remote,Master,0,Consulting,1120,6.5,Smart Analytics,SQL,Hadoop,Data Visualization,Scala,Java,45.8
Head of AI,Executive,Freelance,United Kingdom,Medium,United Kingdom,Hybrid,Bachelor,15,Healthcare,1560,9.2,DeepTech Ventures,Scala,Spark,GCP,AWS,NLP,210.3
Data Engineer,Senior,Part-time,Sweden,Small,Sweden,Fully remote,Associate,5,Media,1400,7.1,Algorithmic Solutions,Git,Linux,SQL,Python,Tableau,98.75
AI Research Scientist,Senior,Full-time,Norway,Large,Norway,No remote,PhD,8,Energy,1750,8.0,TechCorp Inc,R,PyTorch,Deep Learning,Docker,Statistics,135.6
AI Consultant,Entry,Contract,France,Medium,France,Hybrid,Associate,1,Telecommunications,1280,5.9,Future Systems,Java,Scala,Hadoop,Kubernetes,Mathematics,55.9
AI Product Manager,Executive,Full-time,Switzerland,Small,Switzerland,Fully remote,Master,12,Gaming,1650,7.5,Quantum Computing Inc,AWS,Docker,MLOps,PyTorch,Spark,185.2
Autonomous Systems Engineer,Mid,Freelance,Austria,Large,Austria,No remote,Bachelor,3,Manufacturing,980,6.8,Autonomous Tech,Linux,Java,Python,R,MLOps,72.4
Principal Data Scientist,Executive,Full-time,United States,Medium,United States,No remote,PhD,20,Technology,2100,9.8,Machine Intelligence Group,TensorFlow,Kubernetes,PyTorch,Computer Vision,Deep Learning,280.5
ML Ops Engineer,Entry,Part-time,Australia,Small,Australia,Fully remote,Master,0,Real Estate,1450,6.0,Predictive Systems,GCP,Data Visualization,SQL,Docker,Linux,50.1
Computer Vision Engineer,Senior,Contract,Japan,Medium,Japan,Hybrid,Bachelor,7,Transportation,1320,7.3,Digital Transformation LLC,PyTorch,Azure,Computer Vision,Hadoop,GCP,110.8
AI Specialist,Mid,Freelance,Finland,Large,Finland,Fully remote,Associate,4,Government,1550,8.5,Advanced Robotics,Tableau,Python,R,Spark,AWS,85.3
Research Scientist,Executive,Full-time,Denmark,Small,Denmark,Hybrid,Master,14,Education,1800,8.2,Cloud AI Solutions,NLP,Statistics,TensorFlow,Git,Hadoop,175.9
Deep Learning Engineer,Senior,Part-time,China,Medium,China,No remote,PhD,6,Automotive,1700,6.2,AI Innovations,Docker,MLOps,Kubernetes,Scala,Python,105.5
AI Software Engineer,Senior,Full-time,Ireland,Large,Ireland,Fully remote,Associate,9,Retail,1950,7.9,DataVision Ltd,Spark,R,Java,MLOps,Scala,148.7
NLP Engineer,Entry,Contract,Israel,Small,Israel,Hybrid,Bachelor,1,Consulting,1150,7.0,Future Systems,Hadoop,GCP,AWS,Statistics,PyTorch,60.7
Robotics Engineer,Executive,Freelance,Singapore,Medium,Singapore,No remote,Bachelor,11,Manufacturing,1480,8.8,Neural Networks Co,MLOps,Tableau,Python,Docker,TensorFlow,165.4
Machine Learning Researcher,Entry,Part-time,South Korea,Large,South Korea,Fully remote,Associate,0,Energy,1250,6.7,DeepTech Ventures,Deep Learning,Git,Kubernetes,Azure,SQL,48.5
Head of AI,Executive,Full-time,Netherlands,Small,Netherlands,Hybrid,PhD,16,Media,2200,9.5,Quantum Computing Inc,Statistics,Computer Vision,PyTorch,Spark,R,225.6
Data Scientist,Entry,Full-time,United States,Medium,United States,Hybrid,Master,2,Technology,1345,7.8,DataVision Ltd,Python,SQL,Statistics,R,Git,65.12
Machine Learning Engineer,Senior,Full-time,Germany,Large,Germany,Fully remote,PhD,10,Automotive,1890,8.5,Autonomous Tech,TensorFlow,PyTorch,Python,Computer Vision,Kubernetes,155.3
Data Engineer,Entry,Contract,India,Small,India,No remote,Bachelor,0,Consulting,1522,6.2,Smart Analytics,SQL,Java,AWS,Scala,Hadoop,45.8
ML Ops Engineer,Mid,Full-time,Canada,Medium,Canada,Hybrid,Master,5,Finance,1100,7.0,Cloud AI Solutions,Kubernetes,Docker,Linux,Git,MLOps,98.75
AI Research Scientist,Executive,Freelance,Switzerland,Small,Switzerland,Fully remote,PhD,15,Healthcare,2100,9.0,Neural Networks Co,Scala,Spark,Deep Learning,Mathematics,NLP,210.4
AI Software Engineer,Mid,Part-time,Finland,Large,Finland,No remote,Associate,3,Gaming,950,5.5,TechCorp Inc,Java,Linux,Python,PyTorch,Tableau,72.9
Data Analyst,Senior,Contract,United Kingdom,Small,United Kingdom,Hybrid,Bachelor,7,Retail,1300,8.0,Quantum Computing Inc,R,Statistics,Tableau,SQL,Azure,115.6
Head of AI,Executive,Full-time,Norway,Medium,Norway,No remote,Master,12,Energy,1800,7.5,Cognitive Computing,Hadoop,AWS,Scala,GCP,Docker,175.2
AI Specialist,Entry,Freelance,Ireland,Medium,Ireland,Fully remote,Bachelor,1,Media,1650,9.2,Machine Intelligence Group,Git,Data Visualization,Python,R,Mathematics,55.3
Computer Vision Engineer,Senior,Full-time,France,Large,France,Fully remote,PhD,9,Transportation,2050,6.8,DeepTech Ventures,PyTorch,TensorFlow,NLP,Linux,Computer Vision,140.8
AI Consultant,Mid,Contract,Austria,Small,Austria,Hybrid,Associate,4,Government,1400,7.3,Future Systems,Linux,GCP,MLOps,Docker,SQL,85.4
Principal Data Scientist,Executive,Full-time,Japan,Large,Japan,No remote,PhD,20,Manufacturing,2400,9.5,Advanced Robotics,Spark,Kubernetes,Python,Statistics,Java,280.5
AI Architect,Senior,Part-time,South Korea,Medium,South Korea,No remote,Bachelor,6,Telecommunications,1750,6.0,Algorithmic Solutions,SQL,Python,AWS,Hadoop,Git,105.9
Autonomous Systems Engineer,Entry,Freelance,Singapore,Small,Singapore,Fully remote,Master,0,Real Estate,1200,8.8,Predictive Systems,Data Visualization,Tableau,R,Scala,Deep Learning,48.95
Deep Learning Engineer,Senior,Full-time,Netherlands,Medium,Netherlands,Hybrid,Master,8,Gaming,1600,8.2,Digital Transformation LLC,AWS,Azure,TensorFlow,PyTorch,Linux,128.7
AI Product Manager,Executive,Contract,Denmark,Large,Denmark,Fully remote,Associate,14,Consulting,1950,5.0,Machine Intelligence Group,Statistics,Mathematics,NLP,Java,Spark,165.4
Machine Learning Researcher,Entry,Part-time,China,Small,China,No remote,Associate,2,Education,1480,6.5,Neural Networks Co,Scala,Hadoop,Kubernetes,Git,MLOps,60.75
Robotics Engineer,Executive,Freelance,Sweden,Medium,Sweden,Hybrid,PhD,11,Automotive,1700,9.1,Cognitive Computing,Docker,Kubernetes,Python,Computer Vision,TensorFlow,185.9
NLP Engineer,Mid,Full-time,Israel,Small,Israel,Fully remote,Master,3,Technology,1250,7.6,AI Innovations,GCP,Spark,NLP,PyTorch,AWS,78.2
AI Specialist,Executive,Contract,Australia,Large,Australia,No remote,Bachelor,16,Finance,2200,8.0,TechCorp Inc,MLOps,Computer Vision,SQL,Linux,R,245.6
Machine Learning Engineer,Entry,Full-time,Canada,Medium,Canada,Hybrid,Master,2,Technology,1245,7.8,Neural Networks Co,Python,TensorFlow,Statistics,Git,SQL,62.45
Data Scientist,Mid,Contract,Germany,Large,Germany,Fully remote,Bachelor,5,Finance,1876,8.5,TechCorp Inc,SQL,PyTorch,Python,R,,95.32
AI Architect,Senior,Full-time,United States,Small,United States,No remote,PhD,10,Healthcare,2103,6.2,Quantum Computing Inc,Kubernetes,Scala,Docker,MLOps,Java,145.78
Head of AI,Executive,Freelance,Norway,Medium,Norway,Fully remote,Master,15,Energy,982,9.1,Advanced Robotics,Scala,Hadoop,Spark,Linux,,188.2
Data Engineer,Entry,Part-time,India,Small,India,Hybrid,Associate,0,Consulting,756,5.5,DataVision Ltd,Java,Linux,AWS,,,45.12
Computer Vision Engineer,Senior,Contract,France,Medium,France,Hybrid,Associate,8,Media,1654,7.0,Cognitive Computing,Git,Kubernetes,Computer Vision,PyTorch,Tableau,128.44
AI Consultant,Mid,Full-time,Australia,Large,Australia,No remote,Bachelor,3,Telecommunications,1432,6.8,Digital Transformation LLC,Linux,AWS,SQL,MLOps,Git,72.91
AI Research Scientist,Executive,Freelance,Switzerland,Small,Switzerland,Fully remote,PhD,12,Education,1123,8.3,Machine Intelligence Group,NLP,PyTorch,Mathematics,Statistics,Deep Learning,165.33
ML Ops Engineer,Entry,Contract,United Kingdom,Medium,United Kingdom,Fully remote,Master,1,Government,1987,9.8,Future Systems,GCP,Spark,Docker,Azure,,55.67
Data Analyst,Senior,Part-time,Sweden,Small,Sweden,No remote,Associate,7,Retail,876,7.5,Autonomous Tech,R,Data Visualization,Python,Tableau,NLP,104.56
AI Product Manager,Executive,Full-time,Singapore,Large,Singapore,Hybrid,Bachelor,14,Manufacturing,1550,5.9,DeepTech Ventures,Spark,SQL,MLOps,Java,,175.89
Deep Learning Engineer,Mid,Freelance,South Korea,Small,South Korea,Hybrid,Master,4,Gaming,1345,6.5,Algorithmic Solutions,TensorFlow,Computer Vision,PyTorch,Hadoop,Kubernetes,85.73
Principal Data Scientist,Entry,Full-time,China,Medium,China,No remote,PhD,0,Transportation,1678,7.2,Predictive Systems,Statistics,Python,TensorFlow,,,60.38
NLP Engineer,Senior,Contract,Denmark,Large,Denmark,Fully remote,Bachelor,9,Automotive,2210,6.0,Cloud AI Solutions,PyTorch,NLP,Docker,Git,Scala,137.9
Autonomous Systems Engineer,Senior,Part-time,Finland,Medium,Finland,Hybrid,Master,6,Real Estate,1102,8.8,Smart Analytics,Data Visualization,R,Linux,Statistics,Mathematics,110.45
Research Scientist,Executive,Freelance,Japan,Small,Japan,No remote,Associate,20,Technology,920,8.2,Machine Intelligence Group,Hadoop,Java,Deep Learning,Scala,Spark,245.0
Machine Learning Researcher,Entry,Freelance,Ireland,Large,Ireland,Fully remote,Bachelor,2,Consulting,2034,9.3,AI Innovations,Docker,Git,TensorFlow,,,68.14
AI Specialist,Executive,Full-time,Austria,Medium,Austria,Fully remote,PhD,11,Finance,1340,7.1,TechCorp Inc,MLOps,GCP,SQL,Kubernetes,PyTorch,155.6
Robotics Engineer,Mid,Part-time,Netherlands,Small,Netherlands,Hybrid,Associate,3,Healthcare,1590,6.9,Advanced Robotics,AWS,Docker,Python,Computer Vision,Hadoop,79.82
AI Software Engineer,Senior,Contract,Israel,Medium,Israel,No remote,Master,6,Gaming,1872,5.7,Quantum Computing Inc,Azure,Tableau,Linux,,,98.51
AI Architect,Executive,Full-time,United States,Large,United States,Fully remote,PhD,12,Technology,1845,8.5,Neural Networks Co,Python,TensorFlow,Kubernetes,PyTorch,Docker,185.0
Data Analyst,Entry,Contract,India,Medium,India,Hybrid,Bachelor,2,Finance,1120,6.2,DataVision Ltd,SQL,Python,Statistics,Tableau,Java,62.3
Machine Learning Engineer,Senior,Full-time,Germany,Small,Germany,No remote,Master,8,Automotive,1760,7.8,Autonomous Tech,Kubernetes,AWS,Docker,Linux,Git,145.75
Research Scientist,Entry,Freelance,Canada,Medium,Canada,Fully remote,Master,0,Healthcare,2150,9.1,Quantum Computing Inc,PyTorch,Linux,Deep Learning,Mathematics,NLP,45.6
Data Engineer,Mid,Part-time,United Kingdom,Large,United Kingdom,Hybrid,Associate,5,Media,1345,5.9,TechCorp Inc,Java,Scala,Spark,SQL,Hadoop,98.4
Head of AI,Executive,Full-time,Switzerland,Small,Switzerland,No remote,PhD,15,Gaming,1567,9.8,DeepTech Ventures,Scala,Hadoop,Python,R,MLOps,210.2
AI Software Engineer,Mid,Freelance,Netherlands,Medium,Netherlands,Fully remote,Bachelor,3,Consulting,1920,7.0,Cognitive Computing,Git,Kubernetes,Azure,GCP,TensorFlow,78.9
AI Consultant,Senior,Contract,Norway,Large,Norway,Hybrid,Associate,10,Energy,2040,6.5,Algorithmic Solutions,R,Spark,Data Visualization,Statistics,Computer Vision,165.5
Machine Learning Researcher,Entry,Full-time,France,Small,France,No remote,PhD,1,Government,1308,5.3,Machine Intelligence Group,Data Visualization,PyTorch,TensorFlow,Python,Tableau,55.1
Deep Learning Engineer,Senior,Part-time,Sweden,Medium,Denmark,Fully remote,Master,7,Retail,848,8.2,Digital Transformation LLC,Spark,Git,Linux,SQL,AWS,120.8
Principal Data Scientist,Executive,Freelance,Austria,Small,Austria,Hybrid,Bachelor,20,Telecommunications,982,7.4,Cloud AI Solutions,Linux,Data Visualization,Hadoop,Java,Scala,275.0
Autonomous Systems Engineer,Senior,Contract,Japan,Large,Japan,No remote,Associate,6,Manufacturing,1640,6.8,Future Systems,AWS,Tableau,R,Computer Vision,PyTorch,108.9
AI Specialist,Mid,Part-time,South Korea,Medium,South Korea,Hybrid,Master,4,Transportation,1485,9.0,Advanced Robotics,NLP,GCP,SQL,MLOps,Statistics,85.3
Computer Vision Engineer,Senior,Full-time,Finland,Small,Finland,Fully remote,PhD,9,Education,1896,8.9,Predictive Systems,GCP,MLOps,Docker,Azure,Mathematics,155.4
ML Ops Engineer,Entry,Full-time,China,Large,China,Hybrid,Associate,0,Real Estate,2035,7.5,Smart Analytics,Tableau,Docker,Kubernetes,TensorFlow,R,49.8
AI Product Manager,Executive,Freelance,Israel,Medium,Israel,No remote,Master,14,Consulting,1274,6.1,AI Innovations,Hadoop,SQL,Python,NLP,Deep Learning,195.6
NLP Engineer,Executive,Contract,Singapore,Small,Singapore,Fully remote,Bachelor,11,Gaming,1115,5.6,Autonomous Tech,Azure,Statistics,Java,Scala,GCP,175.25
AI Research Scientist,Mid,Part-time,Ireland,Medium,Ireland,No remote,Bachelor,2,Technology,1598,7.9,Digital Transformation LLC,Docker,Mathematics,Spark,Tableau,Linux,68.7
Robotics Engineer,Executive,Full-time,Australia,Large,Australia,Hybrid,Associate,13,Healthcare,1448,8.3,Quantum Computing Inc,MLOps,Java,Git,PyTorch,AWS,225.8
Data Scientist,Mid,Freelance,Denmark,Small,Denmark,Fully remote,PhD,4,Media,1730,6.9,Machine Intelligence Group,Computer Vision,NLP,Python,Hadoop,Spark,92.5
Data Scientist,Entry,Full-time,Germany,Medium,Germany,Hybrid,Bachelor,2,Finance,1342,7.8,Future Systems,Python,TensorFlow,Statistics,SQL,Git,62.15
AI Architect,Senior,Contract,Canada,Small,Canada,Fully remote,Master,7,Technology,1890,8.5,DeepTech Ventures,SQL,Kubernetes,Python,MLOps,Java,145.3
Machine Learning Engineer,Entry,Part-time,India,Large,India,No remote,Associate,0,Healthcare,1120,6.2,Algorithmic Solutions,Java,Scala,Docker,Linux,MLOps,45.8
Head of AI,Executive,Full-time,United States,Medium,United States,Hybrid,PhD,12,Gaming,1560,9.1,Neural Networks Co,Kubernetes,Hadoop,Spark,PyTorch,NLP,210.4
Data Engineer,Mid,Freelance,Norway,Small,Norway,Fully remote,Master,5,Energy,1780,7.0,Cloud AI Solutions,Scala,Spark,AWS,Statistics,TensorFlow,98.75
AI Specialist,Executive,Contract,Australia,Large,Australia,No remote,Bachelor,15,Consulting,1435,8.0,Quantum Computing Inc,Git,Linux,Tableau,R,Deep Learning,175.9
AI Research Scientist,Entry,Full-time,Switzerland,Medium,Switzerland,Hybrid,PhD,1,Automotive,1680,9.5,Autonomous Tech,Linux,PyTorch,Computer Vision,TensorFlow,Mathematics,55.6
ML Ops Engineer,Senior,Part-time,Netherlands,Small,Netherlands,Fully remote,Associate,9,Media,1340,6.8,Machine Intelligence Group,R,Data Visualization,Azure,Docker,Git,155.2
Deep Learning Engineer,Mid,Contract,France,Medium,France,No remote,Bachelor,3,Retail,1255,7.3,Predictive Systems,TensorFlow,SQL,PyTorch,GCP,Tableau,80.0
AI Product Manager,Executive,Full-time,United Kingdom,Large,United Kingdom,Hybrid,Master,11,Telecommunications,1100,8.9,TechCorp Inc,Hadoop,AWS,Python,Java,Spark,185.6
Autonomous Systems Engineer,Entry,Freelance,Singapore,Small,Singapore,Fully remote,Master,0,Government,2020,7.6,Cognitive Computing,Data Visualization,GCP,MLOps,Scala,Kubernetes,68.9
Computer Vision Engineer,Senior,Full-time,Japan,Medium,Japan,Hybrid,PhD,6,Transportation,1450,8.2,Advanced Robotics,PyTorch,Statistics,Computer Vision,Linux,Hadoop,120.45
Research Scientist,Executive,Contract,Finland,Large,Finland,Fully remote,Associate,18,Education,1720,6.5,Smart Analytics,MLOps,Docker,Git,Spark,Scala,250.3
AI Consultant,Mid,Part-time,South Korea,Small,South Korea,No remote,Bachelor,4,Manufacturing,980,5.9,DataVision Ltd,Spark,Java,TensorFlow,R,Python,105.5
Principal Data Scientist,Executive,Freelance,Denmark,Medium,Denmark,Fully remote,PhD,10,Real Estate,1650,9.3,Digital Transformation LLC,AWS,Python,Mathematics,Azure,Tableau,168.75
NLP Engineer,Entry,Full-time,Ireland,Large,Ireland,Hybrid,Associate,2,Consulting,1400,7.1,AI Innovations,GCP,Azure,Deep Learning,PyTorch,NLP,72.8
Data Analyst,Senior,Contract,Sweden,Small,Sweden,No remote,Bachelor,8,Energy,1210,7.7,Machine Intelligence Group,Tableau,R,SQL,Kubernetes,Statistics,138.6
Robotics Engineer,Executive,Part-time,Austria,Medium,Austria,Hybrid,Master,14,Gaming,1350,8.4,Future Systems,Mathematics,Deep Learning,Docker,Hadoop,Linux,195.2
Machine Learning Researcher,Entry,Freelance,China,Small,China,No remote,PhD,0,Healthcare,1900,6.0,Algorithmic Solutions,Computer Vision,MLOps,Python,TensorFlow,Docker,50.0
AI Architect,Executive,Full-time,Israel,Large,Israel,Fully remote,Associate,16,Finance,1630,9.8,Autonomous Tech,NLP,Git,Kubernetes,Scala,AWS,228.5
Data Scientist,Entry,Full-time,Canada,Medium,Canada,Hybrid,Bachelor,2,Finance,1450,7.8,DataVision Ltd,Python,SQL,Statistics,Git,,62.15
Machine Learning Engineer,Mid,Full-time,United States,Large,United States,Fully remote,Master,5,Technology,1800,8.5,TechCorp Inc,TensorFlow,PyTorch,Python,AWS,Java,98.4
AI Research Scientist,Senior,Full-time,Germany,Medium,Germany,Hybrid,PhD,10,Healthcare,2100,9.1,Neural Networks Co,PyTorch,Kubernetes,Computer Vision,Docker,MLOps,155.3
Head of AI,Executive,Full-time,United Kingdom,Large,United Kingdom,No remote,Bachelor,15,Finance,1350,9.8,Cognitive Computing,Scala,Spark,AWS,Python,Hadoop,220.0
Data Analyst,Entry,Contract,India,Small,India,Fully remote,Associate,0,Consulting,950,6.2,Smart Analytics,SQL,Python,Tableau,R,,45.8
AI Specialist,Mid,Freelance,France,Small,France,No remote,PhD,3,Media,1650,7.5,DeepTech Ventures,NLP,TensorFlow,Linux,Git,Deep Learning,75.6
AI Architect,Senior,Part-time,Australia,Medium,Australia,Hybrid,Master,7,Energy,1400,8.0,Algorithmic Solutions,Java,AWS,GCP,SQL,Kubernetes,120.0
ML Ops Engineer,Executive,Contract,Norway,Large,Norway,Fully remote,Associate,12,Gaming,1900,6.9,Quantum Computing Inc,Kubernetes,Docker,Linux,MLOps,Git,185.25
Data Engineer,Entry,Full-time,South Korea,Small,South Korea,No remote,Bachelor,1,Transportation,1100,7.0,Autonomous Tech,R,Statistics,Python,Hadoop,,55.9
Computer Vision Engineer,Senior,Freelance,Switzerland,Medium,Switzerland,Fully remote,PhD,9,Automotive,1750,8.8,Machine Intelligence Group,Computer Vision,PyTorch,TensorFlow,Mathematics,SQL,140.75
AI Consultant,Mid,Part-time,Netherlands,Large,Netherlands,Hybrid,Master,4,Government,1280,7.3,Predictive Systems,Spark,Scala,Hadoop,Data Visualization,Java,85.0
Deep Learning Engineer,Senior,Contract,China,Small,China,No remote,Bachelor,6,Manufacturing,1550,6.5,Future Systems,Linux,Git,Python,TensorFlow,,110.5
AI Product Manager,Entry,Freelance,Ireland,Medium,Ireland,Hybrid,Associate,0,Real Estate,900,5.5,Advanced Robotics,Data Visualization,Tableau,SQL,Python,,50.0
Robotics Engineer,Executive,Full-time,Japan,Large,Japan,Fully remote,PhD,14,Telecommunications,2200,9.5,Cloud AI Solutions,GCP,Azure,Kubernetes,MLOps,Docker,200.0
Autonomous Systems Engineer,Senior,Full-time,Sweden,Medium,Sweden,Hybrid,Master,8,Education,1600,8.2,Digital Transformation LLC,Hadoop,Spark,Python,Computer Vision,Scala,135.8
Machine Learning Researcher,Entry,Part-time,Finland,Small,Finland,No remote,Bachelor,2,Gaming,1020,6.8,AI Innovations,Mathematics,Statistics,Deep Learning,NLP,,68.3
AI Software Engineer,Executive,Contract,Austria,Medium,Austria,Hybrid,Associate,11,Retail,1480,7.9,Cognitive Computing,AWS,Docker,Git,Java,Linux,170.9
NLP Engineer,Mid,Freelance,Israel,Large,Israel,Fully remote,PhD,5,Technology,1950,8.3,DeepTech Ventures,MLOps,Kubernetes,PyTorch,R,TensorFlow,105.0
Principal Data Scientist,Executive,Full-time,Denmark,Small,Denmark,No remote,Master,20,Consulting,2300,9.0,Machine Intelligence Group,Git,Java,Python,Spark,SQL,250.0
Data Engineer,Mid,Full-time,Singapore,Medium,Singapore,Hybrid,Associate,3,Media,1250,7.1,TechCorp Inc,Scala,Hadoop,Data Visualization,Tableau,,80.2
