age,workclass,fnlwgt,education,education-num,marital-status,occupation,relationship,race,sex,capital-gain,capital-loss,hours-per-week,country,salary
32, Private,105423, HS-grad,9,Couple, Craft-repair, Husband, White, Male,No gains,No losses,40,US,<=50K
44, Private,298001, Bachelors,13,Couple, Prof-specialty, Wife, White, Female,No gains,No losses,45,US,>50K
27, Private,158764, Some-college,10,Single, Adm-clerical, Not-in-family, Black, Female,No gains,No losses,35,US,<=50K
19, Private,345210, 11th,7,Single, Other-service, Own-child, White, Male,No gains,No losses,20,US,<=50K
48, Self-emp-inc,210567, Masters,14,Couple, Exec-managerial, Husband, White, Male,Had gains,No losses,55,US,>50K
65, Self-emp-not-inc,187654, 7th-8th,4,Couple, Farming-fishing, Husband, White, Male,No gains,No losses,15,Non-US,<=50K
38, Private,254389, HS-grad,9,Single, Transport-moving, Not-in-family, White, Male,No gains,No losses,50,US,<=50K
29, Private,312456, Assoc-voc,11,Single, Tech-support, Not-in-family, Black, Male,No gains,No losses,40,US,<=50K
35, Private,143297, Some-college,10,Single, Sales, Unmarried, White, Female,No gains,Had losses,38,US,<=50K
41, Private,275832, Bachelors,13,Couple, Prof-specialty, Husband, Asian-Pac-Islander, Male,No gains,No losses,40,Non-US,>50K
45, Private,189123, 9th,5,Couple, Machine-op-inspct, Husband, White, Male,No gains,No losses,42,US,<=50K
52, Private,220987, HS-grad,9,Couple, Exec-managerial, Wife, White, Female,Had gains,No losses,48,US,>50K
20, Private,331764, 12th,8,Single, Other-service, Own-child, Black, Female,No gains,No losses,18,US,<=50K
39, Self-emp-inc,155432, Some-college,10,Couple, Craft-repair, Husband, White, Male,No gains,No losses,55,US,>50K
55, Self-emp-not-inc,245671, 10th,6,Single, Farming-fishing, Not-in-family, White, Male,No gains,No losses,30,Non-US,<=50K
24, Private,178543, Bachelors,13,Single, Adm-clerical, Not-in-family, White, Female,No gains,No losses,40,US,<=50K
46, Federal-gov,302198, Masters,14,Couple, Exec-managerial, Husband, White, Male,Had gains,No losses,60,US,>50K
33, Private,193847, HS-grad,9,Single, Machine-op-inspct, Not-in-family, Black, Male,No gains,No losses,38,US,<=50K
30, State-gov,267834, Assoc-acdm,12,Single, Prof-specialty, Unmarried, White, Female,No gains,No losses,36,US,<=50K
51, Private,289456, Some-college,10,Couple, Sales, Husband, White, Male,No gains,Had losses,70,US,>50K
32, Private,152840, HS-grad,9,Single, Adm-clerical, Not-in-family, White, Female,No gains,No losses,35,US,<=50K
44, Private,294372, Bachelors,13,Couple, Prof-specialty, Husband, White, Male,No gains,No losses,45,US,>50K
29, Private,211765, Some-college,10,Single, Sales, Not-in-family, Black, Male,No gains,No losses,40,US,<=50K
22, Private,378412, 11th,7,Single, Other-service, Own-child, White, Female,No gains,No losses,20,US,<=50K
42, Private,125678, Masters,14,Couple, Exec-managerial, Husband, White, Male,Had gains,No losses,50,US,>50K
55, Self-emp-not-inc,253987, 9th,5,Couple, Farming-fishing, Husband, White, Male,No gains,No losses,15,Non-US,<=50K
35, Private,185230, Assoc-voc,11,Couple, Craft-repair, Husband, White, Male,No gains,No losses,38,US,<=50K
40, Private,307159, HS-grad,9,Single, Transport-moving, Not-in-family, Black, Male,No gains,No losses,48,US,<=50K
48, Private,168543, Some-college,10,Couple, Tech-support, Wife, White, Female,No gains,No losses,40,US,>50K
62, Private,220104, 7th-8th,4,Couple, Machine-op-inspct, Husband, White, Male,No gains,Had losses,42,US,<=50K
39, Self-emp-inc,346871, Bachelors,13,Couple, Exec-managerial, Husband, Asian-Pac-Islander, Male,Had gains,No losses,55,Non-US,>50K
19, Private,192345, 12th,8,Single, Adm-clerical, Own-child, White, Female,No gains,No losses,25,US,<=50K
34, State-gov,276543, Assoc-acdm,12,Single, Prof-specialty, Unmarried, White, Female,No gains,No losses,36,US,<=50K
67, Self-emp-not-inc,158762, 10th,6,Couple, Farming-fishing, Husband, White, Male,No gains,No losses,10,Non-US,<=50K
51, Private,237891, HS-grad,9,Couple, Sales, Husband, White, Male,No gains,No losses,60,US,>50K
26, Private,315400, Some-college,10,Single, Other-service, Not-in-family, Black, Female,No gains,No losses,30,US,<=50K
45, Federal-gov,145678, Masters,14,Couple, Exec-managerial, Husband, White, Male,Had gains,No losses,45,US,>50K
58, Private,289012, 7th-8th,4,Single, Craft-repair, Not-in-family, White, Male,No gains,No losses,40,US,<=50K
36, Private,203456, HS-grad,9,Couple, Machine-op-inspct, Wife, White, Female,No gains,No losses,40,US,<=50K
41, Private,334567, Bachelors,13,Couple, Prof-specialty, Husband, White, Male,No gains,Had losses,50,US,>50K
34, Private,105423, HS-grad,9,Couple, Craft-repair, Husband, White, Male,No gains,No losses,40,US,<=50K
45, Private,295832, Bachelors,13,Couple, Exec-managerial, Husband, White, Male,Had gains,No losses,50,US,>50K
28, Private,152678, Some-college,10,Single, Adm-clerical, Not-in-family, White, Female,No gains,No losses,35,US,<=50K
22, Private,400521, 11th,7,Single, Other-service, Own-child, Black, Male,No gains,No losses,20,US,<=50K
32, Private,220345, Assoc-voc,11,Single, Tech-support, Not-in-family, Asian-Pac-Islander, Male,No gains,No losses,40,Non-US,<=50K
39, Private,187654, Masters,14,Couple, Prof-specialty, Wife, White, Female,No gains,No losses,45,US,>50K
55, Self-emp-not-inc,312000, 9th,5,Couple, Farming-fishing, Husband, White, Male,No gains,No losses,30,US,<=50K
42, Private,145239, HS-grad,9,Couple, Transport-moving, Husband, White, Male,No gains,Had losses,48,US,<=50K
31, Private,268471, Some-college,10,Single, Sales, Not-in-family, Black, Female,No gains,No losses,38,US,<=50K
48, Private,175555, Bachelors,13,Couple, Exec-managerial, Husband, White, Male,Had gains,No losses,60,US,>50K
60, Private,389102, 7th-8th,4,Single, Machine-op-inspct, Unmarried, White, Female,No gains,No losses,40,Non-US,<=50K
51, Self-emp-inc,210987, HS-grad,9,Couple, Craft-repair, Husband, White, Male,No gains,No losses,55,US,>50K
19, Private,133456, 10th,6,Single, Other-service, Own-child, Black, Female,No gains,No losses,25,US,<=50K
36, Private,345678, Assoc-acdm,12,Single, Prof-specialty, Not-in-family, White, Male,No gains,No losses,40,US,<=50K
29, Private,198765, Some-college,10,Single, Handlers-cleaners, Not-in-family, White, Male,No gains,No losses,42,US,<=50K
44, Federal-gov,280123, Masters,14,Couple, Exec-managerial, Wife, White, Female,Had gains,No losses,55,US,>50K
24, Private,165432, 12th,8,Single, Sales, Own-child, White, Female,No gains,No losses,32,US,<=50K
41, Private,240000, Bachelors,13,Couple, Prof-specialty, Husband, Asian-Pac-Islander, Male,No gains,No losses,50,Non-US,>50K
33, Private,330756, HS-grad,9,Couple, Machine-op-inspct, Husband, Black, Male,No gains,No losses,40,US,<=50K
47, State-gov,154321, Some-college,10,Single, Adm-clerical, Unmarried, White, Female,No gains,Had losses,40,US,<=50K
33, Private,145879, HS-grad,9,Couple, Craft-repair, Husband, White, Male,No gains,No losses,40,US,<=50K
26, Private,298451, Some-college,10,Single, Adm-clerical, Not-in-family, White, Female,No gains,No losses,38,US,<=50K
42, Private,113240, Masters,14,Couple, Prof-specialty, Husband, White, Male,Had gains,No losses,45,US,>50K
19, Private,178235, 11th,7,Single, Other-service, Own-child, Black, Female,No gains,No losses,20,US,<=50K
48, Private,324876, Bachelors,13,Couple, Exec-managerial, Husband, White, Male,No gains,No losses,55,US,>50K
55, Self-emp-not-inc,245678, 9th,5,Couple, Farming-fishing, Husband, White, Male,No gains,No losses,35,Non-US,<=50K
31, Private,159342, Assoc-voc,11,Single, Tech-support, Not-in-family, Asian-Pac-Islander, Male,No gains,No losses,40,US,<=50K
29, Private,210987, HS-grad,9,Single, Sales, Unmarried, White, Female,No gains,No losses,50,US,<=50K
45, Private,195432, Some-college,10,Couple, Machine-op-inspct, Husband, Black, Male,No gains,No losses,40,US,<=50K
62, Private,287654, 7th-8th,4,Couple, Transport-moving, Husband, White, Male,No gains,No losses,48,US,<=50K
38, Self-emp-inc,168901, Bachelors,13,Single, Prof-specialty, Not-in-family, White, Female,Had gains,No losses,30,Non-US,>50K
22, Private,223456, 12th,8,Single, Handlers-cleaners, Own-child, Black, Male,No gains,No losses,25,US,<=50K
54, Private,312098, HS-grad,9,Couple, Craft-repair, Husband, White, Male,No gains,Had losses,42,US,<=50K
44, Federal-gov,187654, Masters,14,Couple, Exec-managerial, Husband, White, Male,No gains,No losses,60,US,>50K
36, Private,254321, Some-college,10,Single, Sales, Not-in-family, White, Female,No gains,No losses,35,US,<=50K
41, Local-gov,176543, Assoc-acdm,12,Couple, Adm-clerical, Wife, Black, Female,No gains,No losses,40,US,<=50K
51, Private,345678, HS-grad,9,Couple, Transport-moving, Husband, White, Male,Had gains,No losses,70,US,>50K
27, Private,209876, 10th,6,Single, Machine-op-inspct, Not-in-family, White, Male,No gains,No losses,40,Non-US,<=50K
39, Private,231098, Bachelors,13,Couple, Prof-specialty, Husband, White, Male,No gains,No losses,45,US,>50K
65, Private,267890, Some-college,10,Single, Other-service, Unmarried, White, Female,No gains,No losses,18,US,<=50K
32, Private,145218, HS-grad,9,Couple, Craft-repair, Husband, White, Male,No gains,No losses,40,US,<=50K
25, Private,312456, Some-college,10,Single, Adm-clerical, Not-in-family, White, Female,No gains,No losses,35,US,<=50K
45, Private,98567, Bachelors,13,Couple, Prof-specialty, Husband, White, Male,No gains,No losses,50,US,>50K
22, Private,201147, 11th,7,Single, Other-service, Own-child, Black, Female,No gains,No losses,20,US,<=50K
55, Private,173882, Masters,14,Couple, Exec-managerial, Husband, White, Male,Had gains,No losses,55,US,>50K
48, Private,254330, HS-grad,9,Couple, Transport-moving, Husband, White, Male,No gains,No losses,45,US,<=50K
30, Private,110924, Assoc-acdm,12,Single, Tech-support, Not-in-family, Asian-Pac-Islander, Male,No gains,No losses,40,Non-US,<=50K
65, Self-emp-not-inc,287654, 9th,5,Couple, Farming-fishing, Husband, White, Male,No gains,No losses,38,US,<=50K
36, Private,189432, Some-college,10,Single, Sales, Unmarried, White, Female,No gains,No losses,42,US,<=50K
42, Private,155678, Bachelors,13,Couple, Exec-managerial, Wife, White, Female,No gains,No losses,48,US,>50K
57, Private,321098, 7th-8th,4,Couple, Machine-op-inspct, Husband, White, Male,No gains,No losses,40,US,<=50K
29, Private,234567, HS-grad,9,Single, Craft-repair, Not-in-family, Black, Male,No gains,No losses,44,US,<=50K
39, Local-gov,168954, Assoc-voc,11,Single, Adm-clerical, Unmarried, White, Female,No gains,Had losses,38,US,<=50K
34, Private,276543, Some-college,10,Couple, Machine-op-inspct, Husband, White, Male,No gains,No losses,50,Non-US,<=50K
50, Private,143210, Masters,14,Couple, Prof-specialty, Wife, White, Female,Had gains,No losses,32,US,>50K
19, Private,198765, 12th,8,Single, Other-service, Own-child, White, Male,No gains,No losses,25,US,<=50K
41, Self-emp-inc,109876, Bachelors,13,Couple, Sales, Husband, White, Male,No gains,No losses,60,US,>50K
46, Federal-gov,345678, HS-grad,9,Single, Exec-managerial, Not-in-family, Black, Female,No gains,No losses,40,US,<=50K
27, Private,221133, Some-college,10,Single, Tech-support, Not-in-family, White, Male,No gains,No losses,36,US,<=50K
52, Private,156789, Bachelors,13,Couple, Exec-managerial, Husband, White, Male,Had gains,Had losses,45,US,>50K
34, Private,145832, HS-grad,9,Couple, Craft-repair, Husband, White, Male,No gains,No losses,40,US,<=50K
29, Private,312587, Some-college,10,Single, Adm-clerical, Not-in-family, White, Female,No gains,No losses,35,US,<=50K
45, Private,98231, Bachelors,13,Couple, Prof-specialty, Husband, White, Male,No gains,No losses,50,US,>50K
22, Private,221459, 11th,7,Single, Other-service, Own-child, Black, Female,No gains,No losses,20,US,<=50K
42, Private,178954, Masters,14,Couple, Exec-managerial, Husband, White, Male,Had gains,No losses,55,US,>50K
38, Private,289101, HS-grad,9,Couple, Transport-moving, Husband, White, Male,No gains,No losses,48,US,<=50K
31, Private,156732, Assoc-voc,11,Single, Tech-support, Not-in-family, White, Female,No gains,No losses,40,US,<=50K
55, Self-emp-not-inc,245876, 9th,5,Couple, Farming-fishing, Husband, White, Male,No gains,Had losses,30,Non-US,<=50K
26, Private,301452, Some-college,10,Single, Sales, Not-in-family, Black, Male,No gains,No losses,45,US,<=50K
39, Federal-gov,134789, Bachelors,13,Couple, Prof-specialty, Wife, White, Female,No gains,No losses,38,US,>50K
48, Private,278654, 7th-8th,4,Couple, Machine-op-inspct, Husband, White, Male,No gains,No losses,40,US,<=50K
52, Self-emp-inc,195231, HS-grad,9,Couple, Exec-managerial, Husband, White, Male,Had gains,No losses,60,US,>50K
20, Private,212345, 10th,6,Single, Adm-clerical, Own-child, White, Female,No gains,No losses,25,US,<=50K
33, Private,168742, Assoc-acdm,12,Single, Craft-repair, Not-in-family, Asian-Pac-Islander, Male,No gains,No losses,42,Non-US,<=50K
41, Private,332489, Some-college,10,Single, Machine-op-inspct, Unmarried, Black, Female,No gains,No losses,35,US,<=50K
36, Private,145632, Masters,14,Couple, Prof-specialty, Husband, White, Male,No gains,No losses,50,US,>50K
19, Private,258741, 12th,8,Single, Other-service, Own-child, White, Male,No gains,No losses,15,US,<=50K
44, Self-emp-inc,204871, HS-grad,9,Couple, Sales, Wife, White, Female,Had gains,No losses,40,US,>50K
49, Private,187963, Bachelors,13,Couple, Exec-managerial, Husband, White, Male,No gains,Had losses,55,Non-US,>50K
27, Private,276543, Some-college,10,Single, Craft-repair, Not-in-family, White, Male,No gains,No losses,40,US,<=50K
45, Private,245678, HS-grad,9,Couple, Craft-repair, Husband, White, Male,No gains,No losses,40,US,<=50K
34, Private,112345, Bachelors,13,Couple, Prof-specialty, Wife, White, Female,No gains,No losses,50,US,>50K
55, Private,321987, 10th,6,Single, Other-service, Not-in-family, Black, Female,No gains,No losses,20,US,<=50K
29, Private,189765, Some-college,10,Single, Adm-clerical, Own-child, White, Male,No gains,No losses,35,US,<=50K
42, Private,278654, Masters,14,Couple, Exec-managerial, Husband, White, Male,Had gains,No losses,45,US,>50K
38, Private,145321, HS-grad,9,Couple, Machine-op-inspct, Wife, White, Female,No gains,No losses,40,Non-US,<=50K
31, Private,198543, Assoc-voc,11,Single, Tech-support, Not-in-family, Black, Male,No gains,No losses,40,US,<=50K
19, Private,235678, 11th,7,Single, Sales, Own-child, White, Male,No gains,No losses,25,US,<=50K
49, Self-emp-inc,354123, Some-college,10,Couple, Transport-moving, Husband, White, Male,No gains,Had losses,55,US,>50K
27, Private,167890, Bachelors,13,Single, Prof-specialty, Not-in-family, White, Female,No gains,No losses,35,US,<=50K
65, Self-emp-not-inc,289012, 9th,5,Couple, Farming-fishing, Husband, White, Male,No gains,No losses,15,Non-US,<=50K
52, Private,221456, HS-grad,9,Couple, Exec-managerial, Husband, White, Male,Had gains,No losses,60,US,>50K
33, Private,190234, Some-college,10,Single, Handlers-cleaners, Not-in-family, Black, Male,No gains,No losses,40,US,<=50K
41, State-gov,156789, Assoc-acdm,12,Couple, Adm-clerical, Wife, White, Female,No gains,No losses,38,US,<=50K
39, Private,312345, Masters,14,Couple, Prof-specialty, Husband, Asian-Pac-Islander, Male,No gains,No losses,50,Non-US,>50K
22, Private,178900, 12th,8,Single, Craft-repair, Own-child, White, Male,No gains,No losses,30,US,<=50K
46, Private,260123, Bachelors,13,Single, Exec-managerial, Unmarried, White, Female,Had gains,No losses,45,US,>50K
60, Private,203456, HS-grad,9,Single, Sales, Not-in-family, White, Female,No gains,No losses,20,US,<=50K
58, Private,145678, 7th-8th,4,Single, Other-service, Other-relative, Black, Male,No gains,No losses,18,US,<=50K
36, Private,287654, Some-college,10,Couple, Machine-op-inspct, Husband, White, Male,No gains,No losses,40,US,<=50K
32, Private,124578, HS-grad,9,Couple, Craft-repair, Husband, White, Male,No gains,No losses,40,US,<=50K
42, Private,295632, Bachelors,13,Couple, Prof-specialty, Wife, White, Female,No gains,No losses,45,US,>50K
26, Private,185000, Some-college,10,Single, Adm-clerical, Not-in-family, Black, Female,No gains,No losses,35,US,<=50K
55, Federal-gov,405000, Assoc-voc,11,Couple, Tech-support, Husband, White, Male,No gains,No losses,50,US,>50K
23, Private,95000, 10th,6,Single, Other-service, Own-child, White, Male,No gains,No losses,20,Non-US,<=50K
48, Self-emp-inc,312450, Masters,14,Couple, Exec-managerial, Wife, White, Female,Had gains,No losses,55,US,>50K
66, Self-emp-not-inc,150000, 7th-8th,4,Couple, Farming-fishing, Husband, White, Male,No gains,No losses,15,Non-US,<=50K
29, Private,220000, 11th,7,Single, Machine-op-inspct, Not-in-family, White, Male,No gains,No losses,40,US,<=50K
35, Private,178500, HS-grad,9,Single, Sales, Unmarried, Black, Female,No gains,No losses,38,US,<=50K
45, Private,260000, Bachelors,13,Couple, Prof-specialty, Husband, Asian-Pac-Islander, Male,No gains,Had losses,40,Non-US,>50K
20, Private,110000, 9th,5,Single, Transport-moving, Own-child, White, Male,No gains,No losses,30,US,<=50K
33, Private,190500, Some-college,10,Single, Handlers-cleaners, Not-in-family, White, Male,No gains,No losses,48,US,<=50K
39, Private,330000, Masters,14,Couple, Exec-managerial, Wife, White, Female,Had gains,No losses,60,US,>50K
19, Private,145000, 12th,8,Single, Other-service, Own-child, Black, Female,No gains,No losses,18,US,<=50K
51, Self-emp-inc,240000, HS-grad,9,Couple, Craft-repair, Husband, White, Male,No gains,No losses,40,US,>50K
46, Private,165000, Some-college,10,Single, Sales, Not-in-family, White, Male,No gains,No losses,65,US,>50K
54, Private,280000, Bachelors,13,Couple, Exec-managerial, Wife, White, Female,No gains,No losses,50,US,>50K
70, Self-emp-not-inc,80000, 1st-4th,2,Couple, Farming-fishing, Husband, White, Male,No gains,No losses,12,Non-US,<=50K
44, Private,205000, HS-grad,9,Couple, Machine-op-inspct, Husband, White, Male,No gains,Had losses,42,US,<=50K
57, Private,350000, Some-college,10,Single, Transport-moving, Not-in-family, Black, Male,No gains,No losses,80,US,>50K
34, Private,105423, HS-grad,9,Couple, Craft-repair, Husband, White, Male,No gains,No losses,40,US,<=50K
42, Private,298756, Bachelors,13,Couple, Prof-specialty, Wife, White, Female,No gains,No losses,45,US,>50K
25, Private,152380, Some-college,10,Single, Other-service, Not-in-family, Black, Male,No gains,No losses,20,US,<=50K
55, Private,412500, Masters,14,Couple, Exec-managerial, Husband, White, Male,Had gains,No losses,50,US,>50K
22, Private,87920, 11th,7,Single, Adm-clerical, Own-child, White, Female,No gains,No losses,35,US,<=50K
33, Private,315678, Assoc-voc,11,Single, Tech-support, Not-in-family, Asian-Pac-Islander, Male,No gains,Had losses,40,Non-US,<=50K
46, Private,195234, HS-grad,9,Couple, Transport-moving, Husband, White, Male,No gains,No losses,48,US,<=50K
60, Self-emp-not-inc,228900, 9th,5,Couple, Farming-fishing, Husband, White, Male,No gains,No losses,15,Non-US,<=50K
29, Private,168450, Some-college,10,Single, Sales, Unmarried, Black, Female,No gains,No losses,30,US,<=50K
49, Self-emp-inc,340100, Bachelors,13,Couple, Exec-managerial, Husband, White, Male,Had gains,No losses,55,US,>50K
58, Private,125800, 7th-8th,4,Single, Machine-op-inspct, Not-in-family, White, Female,No gains,No losses,40,US,<=50K
51, Private,275934, HS-grad,9,Couple, Craft-repair, Husband, White, Male,No gains,No losses,40,US,>50K
27, Private,188762, Some-college,10,Single, Adm-clerical, Not-in-family, Black, Female,No gains,No losses,38,Non-US,<=50K
36, State-gov,220000, Assoc-acdm,12,Couple, Prof-specialty, Wife, White, Female,No gains,Had losses,44,US,<=50K
19, Private,390567, 10th,6,Single, Other-service, Own-child, White, Male,No gains,No losses,12,US,<=50K
45, Private,145289, Masters,14,Couple, Prof-specialty, Husband, White, Male,Had gains,No losses,50,Non-US,>50K
41, Private,175620, HS-grad,9,Single, Machine-op-inspct, Not-in-family, White, Male,No gains,No losses,40,US,<=50K
63, Self-emp-inc,265400, Bachelors,13,Couple, Sales, Wife, White, Female,No gains,No losses,20,US,>50K
23, Local-gov,135000, 12th,8,Single, Adm-clerical, Unmarried, Black, Female,No gains,No losses,25,US,<=50K
39, Private,307500, Some-college,10,Couple, Exec-managerial, Husband, White, Male,No gains,No losses,60,US,>50K
42, Private,145678, HS-grad,9,Couple, Craft-repair, Husband, White, Male,No gains,No losses,40,US,<=50K
45, Private,325000, Bachelors,13,Couple, Exec-managerial, Husband, White, Male,Had gains,No losses,50,US,>50K
34, Private,89000, 10th,6,Single, Other-service, Not-in-family, Black, Female,No gains,No losses,25,US,<=50K
29, Private,210000, Assoc-voc,11,Single, Tech-support, Not-in-family, White, Male,No gains,No losses,45,Non-US,<=50K
38, Private,175000, Masters,14,Couple, Prof-specialty, Wife, White, Female,No gains,No losses,40,US,>50K
22, Private,95000, 11th,7,Single, Sales, Own-child, White, Male,No gains,No losses,30,US,<=50K
55, State-gov,280000, Some-college,10,Single, Adm-clerical, Unmarried, Black, Female,No gains,No losses,38,US,<=50K
60, Self-emp-not-inc,155000, 9th,5,Couple, Farming-fishing, Husband, White, Male,No gains,No losses,48,US,<=50K
48, Private,400000, HS-grad,9,Couple, Transport-moving, Husband, White, Male,No gains,Had losses,55,Non-US,>50K
33, Private,120000, Some-college,10,Single, Machine-op-inspct, Not-in-family, White, Female,No gains,No losses,35,US,<=50K
52, Self-emp-inc,310000, Bachelors,13,Couple, Exec-managerial, Husband, White, Male,Had gains,No losses,60,US,>50K
41, Private,75000, 7th-8th,4,Single, Handlers-cleaners, Not-in-family, Black, Male,No gains,No losses,20,Non-US,<=50K
39, Private,240000, Assoc-acdm,12,Couple, Prof-specialty, Wife, Asian-Pac-Islander, Female,No gains,No losses,44,Non-US,>50K
25, Private,180000, 12th,8,Single, Craft-repair, Own-child, White, Male,No gains,No losses,40,US,<=50K
46, Private,290000, Some-college,10,Single, Sales, Not-in-family, White, Male,No gains,No losses,70,US,>50K
27, Private,110000, HS-grad,9,Single, Other-service, Unmarried, White, Female,No gains,No losses,30,US,<=50K
44, Federal-gov,340000, Masters,14,Couple, Prof-specialty, Husband, White, Male,Had gains,No losses,45,US,>50K
65, Self-emp-not-inc,65000, 10th,6,Couple, Farming-fishing, Husband, White, Male,No gains,No losses,15,Non-US,<=50K
50, Private,230000, Some-college,10,Single, Exec-managerial, Unmarried, Black, Female,No gains,No losses,42,US,>50K
36, Private,165000, HS-grad,9,Couple, Machine-op-inspct, Husband, White, Male,No gains,No losses,40,US,<=50K
34, Private,120500, HS-grad,9,Couple, Craft-repair, Husband, White, Male,No gains,No losses,40,US,<=50K
45, Private,305000, Bachelors,13,Couple, Exec-managerial, Husband, White, Male,Had gains,No losses,55,US,>50K
25, Private,85000, Some-college,10,Single, Other-service, Not-in-family, Black, Female,No gains,No losses,32,US,<=50K
52, Private,450000, Masters,14,Couple, Prof-specialty, Wife, White, Female,No gains,No losses,40,US,>50K
29, Private,220000, 11th,7,Single, Handlers-cleaners, Own-child, White, Male,No gains,No losses,38,US,<=50K
33, Private,175000, Assoc-acdm,12,Single, Tech-support, Not-in-family, Asian-Pac-Islander, Male,No gains,Had losses,45,Non-US,<=50K
48, Private,360000, HS-grad,9,Couple, Transport-moving, Husband, White, Male,No gains,No losses,50,US,>50K
62, Self-emp-not-inc,95000, 9th,5,Couple, Farming-fishing, Husband, White, Male,No gains,No losses,20,Non-US,<=50K
41, Private,280000, Some-college,10,Single, Machine-op-inspct, Unmarried, White, Female,No gains,No losses,40,US,<=50K
39, Self-emp-inc,410000, Bachelors,13,Couple, Sales, Husband, White, Male,Had gains,No losses,60,US,>50K
68, Private,155000, 7th-8th,4,Single, Other-service, Not-in-family, Black, Female,No gains,No losses,15,US,<=50K
55, State-gov,330000, Assoc-voc,11,Single, Exec-managerial, Unmarried, White, Female,No gains,No losses,30,US,<=50K
23, Private,195000, 12th,8,Single, Adm-clerical, Own-child, White, Female,No gains,No losses,35,US,<=50K
44, Private,265000, Masters,14,Couple, Prof-specialty, Husband, White, Male,No gains,Had losses,45,Non-US,>50K
27, Private,110000, Some-college,10,Single, Handlers-cleaners, Not-in-family, Black, Male,No gains,No losses,40,US,<=50K
51, Private,390000, Bachelors,13,Couple, Exec-managerial, Husband, White, Male,Had gains,No losses,70,US,>50K
31, Private,145000, HS-grad,9,Single, Craft-repair, Not-in-family, White, Male,No gains,No losses,42,US,<=50K
63, Self-emp-not-inc,250000, Some-college,10,Couple, Sales, Wife, White, Female,No gains,No losses,20,US,<=50K
46, Private,315000, HS-grad,9,Couple, Machine-op-inspct, Husband, White, Male,No gains,No losses,48,US,<=50K
36, Private,185000, Assoc-acdm,12,Single, Tech-support, Not-in-family, Asian-Pac-Islander, Male,No gains,No losses,40,Non-US,>50K
34, Private,145679, HS-grad,9,Couple, Craft-repair, Husband, White, Male,No gains,No losses,40,US,<=50K
29, Private,310245, Some-college,10,Single, Adm-clerical, Not-in-family, White, Female,No gains,No losses,35,US,<=50K
42, Private,189521, Bachelors,13,Couple, Prof-specialty, Husband, White, Male,No gains,No losses,50,US,>50K
22, Private,98562, 11th,7,Single, Other-service, Own-child, Black, Female,No gains,No losses,20,US,<=50K
45, Private,221877, Masters,14,Couple, Exec-managerial, Husband, White, Male,Had gains,No losses,55,US,>50K
55, Self-emp-not-inc,117834, 9th,5,Couple, Farming-fishing, Husband, White, Male,No gains,No losses,15,Non-US,<=50K
38, Private,287654, Some-college,10,Single, Sales, Not-in-family, White, Female,No gains,No losses,40,US,>50K
31, Private,154320, HS-grad,9,Couple, Machine-op-inspct, Husband, White, Male,No gains,No losses,45,US,<=50K
27, Private,175890, Assoc-voc,11,Single, Tech-support, Not-in-family, Black, Male,No gains,No losses,38,US,<=50K
62, Self-emp-not-inc,234567, 7th-8th,4,Couple, Craft-repair, Husband, White, Male,No gains,No losses,40,US,<=50K
25, Private,198765, Some-college,10,Single, Handlers-cleaners, Own-child, White, Male,No gains,No losses,30,Non-US,<=50K
48, Private,302456, Bachelors,13,Couple, Exec-managerial, Wife, White, Female,Had gains,No losses,48,US,>50K
19, Private,165432, 12th,8,Single, Transport-moving, Own-child, White, Male,No gains,No losses,20,US,<=50K
51, Self-emp-inc,210987, HS-grad,9,Couple, Sales, Husband, White, Male,No gains,No losses,70,US,>50K
33, Private,128765, Assoc-acdm,12,Single, Prof-specialty, Not-in-family, White, Female,No gains,No losses,36,US,<=50K
39, State-gov,275432, Some-college,10,Single, Adm-clerical, Unmarried, Black, Female,No gains,No losses,40,US,<=50K
41, Self-emp-not-inc,145321, 10th,6,Couple, Farming-fishing, Husband, White, Male,No gains,No losses,18,Non-US,<=50K
46, Private,223344, Masters,14,Couple, Prof-specialty, Husband, White, Male,No gains,Had losses,55,US,>50K
44, Private,178901, HS-grad,9,Single, Machine-op-inspct, Unmarried, White, Female,No gains,No losses,40,US,<=50K
35, Private,256789, Bachelors,13,Single, Tech-support, Not-in-family, White, Male,No gains,No losses,45,US,>50K
35, Private,105423, HS-grad,9,Couple, Craft-repair, Husband, White, Male,No gains,No losses,40,US,<=50K
45, Private,310524, Bachelors,13,Couple, Exec-managerial, Husband, White, Male,Had gains,No losses,55,US,>50K
29, Private,187654, Some-college,10,Single, Adm-clerical, Not-in-family, Black, Female,No gains,No losses,38,US,<=50K
48, Private,432198, Masters,14,Single, Prof-specialty, Not-in-family, White, Female,No gains,No losses,50,Non-US,>50K
22, Private,58921, 11th,7,Single, Other-service, Own-child, White, Male,No gains,No losses,20,US,<=50K
33, Private,154789, Assoc-voc,11,Couple, Tech-support, Husband, White, Male,No gains,No losses,40,US,<=50K
55, Private,265431, HS-grad,9,Couple, Transport-moving, Husband, White, Male,No gains,No losses,45,US,>50K
27, Private,198765, Some-college,10,Single, Sales, Unmarried, Black, Female,No gains,No losses,35,Non-US,<=50K
60, Self-emp-not-inc,345678, 9th,5,Couple, Farming-fishing, Husband, White, Male,No gains,No losses,50,Non-US,<=50K
42, Private,112233, Bachelors,13,Couple, Exec-managerial, Husband, Asian-Pac-Islander, Male,Had gains,No losses,60,US,>50K
65, Private,287654, 7th-8th,4,Single, Handlers-cleaners, Not-in-family, White, Male,No gains,No losses,30,US,<=50K
39, Private,176543, Assoc-acdm,12,Single, Prof-specialty, Unmarried, White, Female,No gains,Had losses,42,US,<=50K
51, Private,321098, HS-grad,9,Couple, Machine-op-inspct, Wife, White, Female,No gains,No losses,40,US,<=50K
26, Private,245678, Some-college,10,Single, Craft-repair, Own-child, Black, Male,No gains,No losses,48,US,<=50K
52, Self-emp-inc,398765, Masters,14,Couple, Exec-managerial, Husband, White, Male,Had gains,No losses,70,Non-US,>50K
19, Private,123456, 12th,8,Single, Sales, Own-child, White, Male,No gains,No losses,18,US,<=50K
32, Private,215432, Bachelors,13,Single, Prof-specialty, Not-in-family, White, Female,No gains,No losses,30,US,<=50K
58, Private,287654, HS-grad,9,Couple, Exec-managerial, Husband, White, Male,Had gains,No losses,55,US,>50K
23, Private,165432, Some-college,10,Single, Adm-clerical, Other-relative, White, Female,No gains,No losses,25,US,<=50K
44, Federal-gov,378901, Assoc-voc,11,Couple, Tech-support, Husband, Black, Male,No gains,No losses,40,US,<=50K
42, Private,105423, Bachelors,13,Couple, Prof-specialty, Husband, White, Male,No gains,No losses,45,US,>50K
55, Private,332140, HS-grad,9,Single, Machine-op-inspct, Unmarried, White, Female,No gains,No losses,38,US,<=50K
39, Self-emp-inc,158920, Some-college,10,Single, Sales, Not-in-family, White, Male,Had gains,No losses,50,US,>50K
29, Private,88950, 10th,6,Couple, Craft-repair, Husband, White, Male,No gains,No losses,40,US,<=50K
44, Local-gov,410025, Assoc-voc,11,Couple, Adm-clerical, Wife, Black, Female,No gains,No losses,35,US,<=50K
48, Private,195500, Masters,14,Couple, Exec-managerial, Husband, White, Male,No gains,No losses,55,US,>50K
62, Self-emp-not-inc,71000, 9th,5,Single, Farming-fishing, Not-in-family, White, Male,No gains,No losses,20,Non-US,<=50K
23, Private,267340, 11th,7,Single, Other-service, Own-child, Black, Female,No gains,No losses,25,US,<=50K
36, Private,150280, Assoc-acdm,12,Single, Tech-support, Not-in-family, White, Female,No gains,No losses,40,US,>50K
33, Private,98000, Some-college,10,Couple, Transport-moving, Husband, White, Male,No gains,Had losses,48,US,<=50K
45, Private,300000, 7th-8th,4,Single, Handlers-cleaners, Not-in-family, Black, Male,No gains,No losses,30,Non-US,<=50K
52, Self-emp-inc,175000, HS-grad,9,Couple, Exec-managerial, Wife, White, Female,No gains,No losses,40,US,>50K
35, Private,42000, Bachelors,13,Single, Prof-specialty, Not-in-family, Asian-Pac-Islander, Male,Had gains,No losses,60,Non-US,>50K
19, Private,220000, 12th,8,Single, Sales, Own-child, White, Male,No gains,No losses,15,US,<=50K
27, Federal-gov,185000, Some-college,10,Single, Adm-clerical, Unmarried, White, Female,No gains,No losses,35,US,<=50K
41, Private,130000, Masters,14,Couple, Exec-managerial, Husband, White, Male,No gains,Had losses,40,US,>50K
31, Private,155000, HS-grad,9,Couple, Craft-repair, Husband, White, Male,No gains,No losses,42,US,<=50K
50, Private,288000, 10th,6,Single, Machine-op-inspct, Unmarried, Black, Female,No gains,No losses,40,US,<=50K
34, Private,90000, Assoc-acdm,12,Single, Prof-specialty, Not-in-family, White, Female,No gains,No losses,30,Non-US,<=50K
46, Private,210000, Bachelors,13,Couple, Tech-support, Husband, White, Male,Had gains,No losses,50,US,>50K
45, Private,145672, HS-grad,9,Couple, Craft-repair, Husband, White, Male,No gains,No losses,40,US,<=50K
42, Private,302145, Bachelors,13,Couple, Exec-managerial, Husband, White, Male,Had gains,No losses,50,US,>50K
29, Private,89012, Some-college,10,Single, Adm-clerical, Not-in-family, White, Female,No gains,No losses,35,US,<=50K
35, Private,210987, Masters,14,Single, Prof-specialty, Not-in-family, White, Female,No gains,No losses,45,US,>50K
22, Private,178543, 11th,7,Single, Other-service, Own-child, Black, Male,No gains,No losses,20,US,<=50K
55, Private,265432, HS-grad,9,Couple, Transport-moving, Husband, White, Male,No gains,No losses,55,US,<=50K
31, Private,112233, Assoc-voc,11,Couple, Tech-support, Husband, White, Male,No gains,No losses,40,Non-US,<=50K
48, Self-emp-inc,331567, Some-college,10,Single, Sales, Not-in-family, White, Male,No gains,No losses,60,US,>50K
65, Self-emp-not-inc,190234, 9th,5,Couple, Farming-fishing, Husband, White, Male,No gains,No losses,30,Non-US,<=50K
39, Federal-gov,249876, Bachelors,13,Single, Exec-managerial, Unmarried, Black, Female,Had gains,No losses,40,US,>50K
62, Private,154321, 7th-8th,4,Single, Handlers-cleaners, Not-in-family, Black, Male,No gains,No losses,25,US,<=50K
41, Private,280456, HS-grad,9,Couple, Machine-op-inspct, Wife, White, Female,No gains,Had losses,40,US,<=50K
27, Private,125678, Some-college,10,Single, Prof-specialty, Not-in-family, Asian-Pac-Islander, Male,No gains,No losses,38,Non-US,<=50K
24, Local-gov,198765, Assoc-acdm,12,Single, Adm-clerical, Own-child, White, Female,No gains,No losses,35,US,<=50K
52, Private,350432, Masters,14,Couple, Exec-managerial, Husband, White, Male,Had gains,No losses,55,US,>50K
20, Private,167890, 10th,6,Single, Other-service, Other-relative, White, Female,No gains,No losses,18,US,<=50K
33, Private,234567, HS-grad,9,Couple, Sales, Husband, White, Male,No gains,No losses,45,US,<=50K
44, Self-emp-inc,310890, Bachelors,13,Single, Prof-specialty, Unmarried, White, Female,No gains,No losses,50,Non-US,>50K
19, Private,145678, 12th,8,Single, Craft-repair, Own-child, White, Male,No gains,No losses,40,US,<=50K
38, Private,287654, Some-college,10,Couple, Transport-moving, Husband, Black, Male,No gains,No losses,48,US,<=50K
35, Private,245678, HS-grad,9,Couple, Craft-repair, Husband, White, Male,No gains,No losses,40,US,<=50K
42, Private,112345, Bachelors,13,Single, Prof-specialty, Not-in-family, White, Female,No gains,No losses,45,US,>50K
29, Private,305000, Some-college,10,Single, Adm-clerical, Unmarried, Black, Female,No gains,No losses,38,US,<=50K
48, Private,189234, Masters,14,Couple, Exec-managerial, Husband, White, Male,Had gains,No losses,55,US,>50K
22, Private,156789, 11th,7,Single, Other-service, Own-child, White, Male,No gains,No losses,20,Non-US,<=50K
33, Private,220100, Assoc-voc,11,Single, Tech-support, Not-in-family, Asian-Pac-Islander, Male,No gains,No losses,40,US,<=50K
65, Self-emp-not-inc,170000, 9th,5,Couple, Farming-fishing, Husband, White, Male,No gains,No losses,15,Non-US,<=50K
45, Private,267890, HS-grad,9,Couple, Transport-moving, Husband, White, Male,No gains,Had losses,48,US,<=50K
26, Private,145000, Some-college,10,Single, Sales, Unmarried, Black, Female,No gains,No losses,30,US,<=50K
55, Self-emp-inc,310500, Bachelors,13,Couple, Exec-managerial, Husband, White, Male,No gains,No losses,50,US,>50K
58, Private,98000, 7th-8th,4,Couple, Machine-op-inspct, Husband, White, Male,No gains,No losses,40,US,<=50K
31, Private,230000, Some-college,10,Single, Handlers-cleaners, Not-in-family, Black, Male,No gains,No losses,35,Non-US,<=50K
46, Self-emp-inc,280000, HS-grad,9,Single, Sales, Not-in-family, White, Female,Had gains,No losses,42,US,>50K
19, Private,185432, 12th,8,Single, Adm-clerical, Own-child, White, Female,No gains,No losses,25,US,<=50K
39, Private,325000, Masters,14,Couple, Prof-specialty, Wife, White, Female,No gains,No losses,60,Non-US,>50K
27, Private,210000, Assoc-acdm,12,Single, Tech-support, Not-in-family, White, Male,No gains,No losses,40,US,<=50K
24, Private,165000, 10th,6,Single, Craft-repair, Own-child, White, Male,No gains,No losses,42,US,<=50K
60, Private,290000, Bachelors,13,Couple, Prof-specialty, Husband, White, Male,No gains,Had losses,50,US,>50K
44, Federal-gov,200000, Some-college,10,Couple, Exec-managerial, Wife, Black, Female,No gains,No losses,45,US,>50K
41, Private,255000, HS-grad,9,Single, Machine-op-inspct, Unmarried, White, Female,No gains,No losses,35,Non-US,<=50K
34, Private,105423, HS-grad,9,Couple, Craft-repair, Husband, White, Male,No gains,No losses,40,US,<=50K
28, Private,289450, Some-college,10,Single, Adm-clerical, Not-in-family, White, Female,No gains,No losses,35,US,<=50K
42, Private,310015, Bachelors,13,Couple, Prof-specialty, Husband, White, Male,No gains,No losses,50,US,>50K
22, Private,182736, 11th,7,Single, Other-service, Own-child, Black, Female,No gains,No losses,20,US,<=50K
45, Private,225800, Masters,14,Couple, Exec-managerial, Husband, White, Male,Had gains,No losses,45,US,>50K
31, Private,148900, Assoc-voc,11,Single, Tech-support, Not-in-family, White, Female,No gains,No losses,40,US,<=50K
65, Self-emp-not-inc,365200, 7th-8th,4,Couple, Farming-fishing, Husband, White, Male,No gains,No losses,15,Non-US,<=50K
39, Private,195500, HS-grad,9,Couple, Transport-moving, Husband, White, Male,No gains,No losses,48,US,<=50K
36, Private,241600, Some-college,10,Single, Sales, Not-in-family, White, Female,No gains,Had losses,42,US,<=50K
48, Private,175300, Bachelors,13,Couple, Exec-managerial, Wife, White, Female,No gains,No losses,55,US,>50K
29, Private,318700, 9th,5,Single, Machine-op-inspct, Not-in-family, Black, Male,No gains,No losses,40,US,<=50K
35, Private,134200, Assoc-acdm,12,Single, Prof-specialty, Not-in-family, Asian-Pac-Islander, Male,No gains,No losses,38,Non-US,>50K
46, Self-emp-inc,282100, HS-grad,9,Couple, Craft-repair, Husband, White, Male,Had gains,No losses,40,US,>50K
25, Private,156800, 10th,6,Single, Handlers-cleaners, Own-child, White, Male,No gains,No losses,30,US,<=50K
55, Private,204400, Some-college,10,Single, Adm-clerical, Unmarried, White, Female,No gains,No losses,25,US,<=50K
19, Private,272500, 12th,8,Single, Other-service, Other-relative, Black, Male,No gains,No losses,18,US,<=50K
41, Private,190100, Masters,14,Couple, Prof-specialty, Wife, White, Female,Had gains,No losses,40,US,>50K
54, Federal-gov,336800, HS-grad,9,Couple, Exec-managerial, Husband, White, Male,No gains,No losses,60,US,>50K
33, Private,218900, Some-college,10,Couple, Machine-op-inspct, Husband, White, Male,No gains,No losses,40,US,<=50K
38, Private,123600, Bachelors,13,Single, Sales, Not-in-family, White, Female,No gains,Had losses,50,US,>50K
45, Private,145672, HS-grad,9,Couple, Craft-repair, Husband, White, Male,No gains,No losses,40,US,<=50K
36, Private,301258, Bachelors,13,Single, Prof-specialty, Not-in-family, White, Female,No gains,No losses,45,US,>50K
22, Private,88765, 10th,6,Single, Other-service, Own-child, Black, Male,No gains,No losses,25,US,<=50K
29, Private,412567, Some-college,10,Single, Adm-clerical, Unmarried, White, Female,No gains,No losses,35,Non-US,<=50K
48, Private,189234, Masters,14,Couple, Exec-managerial, Husband, White, Male,Had gains,No losses,55,US,>50K
33, Private,253789, 11th,7,Single, Machine-op-inspct, Not-in-family, White, Male,No gains,No losses,40,US,<=50K
27, Private,170984, Assoc-acdm,12,Single, Tech-support, Not-in-family, Asian-Pac-Islander, Male,No gains,No losses,38,Non-US,<=50K
39, Private,336712, HS-grad,9,Couple, Transport-moving, Wife, White, Female,No gains,No losses,50,US,<=50K
19, Private,115499, Some-college,10,Single, Sales, Own-child, Black, Male,No gains,No losses,20,US,<=50K
52, Self-emp-inc,284561, Bachelors,13,Couple, Prof-specialty, Wife, White, Female,No gains,Had losses,40,US,>50K
55, Self-emp-not-inc,198765, 9th,5,Couple, Farming-fishing, Husband, White, Male,No gains,No losses,48,Non-US,<=50K
24, Private,225330, 12th,8,Single, Craft-repair, Own-child, White, Male,No gains,No losses,40,US,<=50K
46, Private,310957, Some-college,10,Single, Exec-managerial, Not-in-family, White, Female,Had gains,No losses,60,US,>50K
31, State-gov,145803, Assoc-voc,11,Single, Adm-clerical, Unmarried, Black, Female,No gains,No losses,35,US,<=50K
41, Private,267834, HS-grad,9,Couple, Sales, Husband, White, Male,No gains,No losses,70,US,>50K
63, Private,95672, 7th-8th,4,Single, Handlers-cleaners, Not-in-family, White, Male,No gains,No losses,30,US,<=50K
34, Private,378954, Masters,14,Couple, Prof-specialty, Husband, White, Male,No gains,No losses,50,Non-US,>50K
38, Private,192345, Some-college,10,Couple, Machine-op-inspct, Wife, White, Female,No gains,No losses,40,US,<=50K
26, Private,220456, Bachelors,13,Single, Tech-support, Not-in-family, White, Male,No gains,No losses,45,US,<=50K
59, Self-emp-inc,352167, HS-grad,9,Couple, Exec-managerial, Husband, Black, Male,Had gains,Had losses,55,US,>50K
45, Private,245678, HS-grad,9,Couple, Machine-op-inspct, Husband, White, Male,No gains,No losses,40,US,<=50K
29, Private,112345, Some-college,10,Single, Adm-clerical, Not-in-family, White, Female,No gains,No losses,35,US,<=50K
42, Private,300001, Bachelors,13,Couple, Prof-specialty, Husband, White, Male,No gains,No losses,50,US,>50K
33, Self-emp-not-inc,178900, 10th,6,Couple, Farming-fishing, Husband, White, Male,No gains,No losses,20,Non-US,<=50K
38, Private,135400, Assoc-acdm,12,Single, Tech-support, Unmarried, Black, Female,No gains,No losses,40,US,>50K
22, Private,220500, 11th,7,Single, Other-service, Own-child, White, Female,No gains,No losses,25,US,<=50K
48, Private,295000, Masters,14,Couple, Exec-managerial, Husband, Asian-Pac-Islander, Male,Had gains,No losses,55,Non-US,>50K
36, Private,165200, HS-grad,9,Single, Craft-repair, Not-in-family, White, Male,No gains,Had losses,45,US,<=50K
31, Private,210000, Assoc-voc,11,Single, Machine-op-inspct, Unmarried, Black, Female,No gains,No losses,38,US,<=50K
55, Self-emp-inc,190300, Some-college,10,Couple, Sales, Husband, White, Male,No gains,No losses,60,US,>50K
27, Private,145600, 9th,5,Single, Transport-moving, Not-in-family, White, Male,No gains,No losses,40,US,<=50K
44, Federal-gov,255800, Bachelors,13,Couple, Exec-managerial, Wife, White, Female,No gains,No losses,40,US,>50K
65, Private,120000, 7th-8th,4,Single, Other-service, Not-in-family, Black, Male,No gains,No losses,15,Non-US,<=50K
39, Private,185000, Some-college,10,Couple, Prof-specialty, Husband, White, Male,Had gains,No losses,48,US,>50K
24, Private,230150, HS-grad,9,Single, Adm-clerical, Own-child, White, Female,No gains,No losses,30,US,<=50K
50, Private,310000, Masters,14,Couple, Prof-specialty, Husband, White, Male,No gains,No losses,70,US,>50K
20, Private,155000, 12th,8,Single, Handlers-cleaners, Own-child, White, Male,No gains,No losses,35,US,<=50K
34, Private,198500, Some-college,10,Couple, Craft-repair, Husband, White, Male,No gains,No losses,42,US,<=50K
41, Private,280000, HS-grad,9,Single, Transport-moving, Not-in-family, Black, Male,No gains,Had losses,55,Non-US,<=50K
35, Self-emp-not-inc,175000, Bachelors,13,Single, Tech-support, Unmarried, White, Female,Had gains,No losses,20,US,>50K
45, Private,105423, HS-grad,9,Couple, Adm-clerical, Wife, White, Female,No gains,No losses,35,US,<=50K
42, Private,305678, Some-college,10,Couple, Sales, Husband, White, Male,No gains,No losses,40,US,>50K
35, Private,189234, Bachelors,13,Single, Prof-specialty, Not-in-family, White, Male,No gains,No losses,50,US,>50K
27, Private,77500, 10th,6,Single, Other-service, Unmarried, Black, Female,No gains,No losses,20,US,<=50K
55, Self-emp-inc,425000, Masters,14,Couple, Exec-managerial, Husband, White, Male,Had gains,No losses,60,US,>50K
33, Private,150000, Assoc-voc,11,Couple, Craft-repair, Husband, White, Male,No gains,No losses,40,US,<=50K
22, Private,95000, 11th,7,Single, Machine-op-inspct, Own-child, White, Female,No gains,No losses,38,Non-US,<=50K
39, Private,220000, Some-college,10,Couple, Tech-support, Husband, Asian-Pac-Islander, Male,No gains,No losses,45,Non-US,>50K
48, Private,130000, HS-grad,9,Single, Transport-moving, Not-in-family, White, Male,No gains,Had losses,48,US,<=50K
46, Federal-gov,340000, Bachelors,13,Couple, Exec-managerial, Wife, White, Female,No gains,No losses,55,US,>50K
65, Self-emp-not-inc,85000, 9th,5,Couple, Farming-fishing, Husband, White, Male,No gains,No losses,15,Non-US,<=50K
29, Local-gov,175000, Assoc-acdm,12,Single, Adm-clerical, Unmarried, Black, Female,No gains,No losses,40,US,<=50K
51, Self-emp-inc,260000, HS-grad,9,Couple, Craft-repair, Husband, White, Male,No gains,No losses,40,US,>50K
19, Private,110000, 12th,8,Single, Other-service, Own-child, White, Female,No gains,No losses,25,US,<=50K
43, Private,195000, Some-college,10,Single, Sales, Not-in-family, White, Male,Had gains,No losses,55,US,>50K
41, Private,290000, Masters,14,Couple, Prof-specialty, Husband, White, Male,No gains,No losses,45,Non-US,>50K
57, Private,68000, 7th-8th,4,Couple, Machine-op-inspct, Husband, Black, Male,No gains,No losses,30,US,<=50K
36, Private,230000, Bachelors,13,Single, Tech-support, Not-in-family, White, Female,No gains,No losses,40,US,>50K
54, Private,160000, HS-grad,9,Couple, Exec-managerial, Wife, White, Female,No gains,Had losses,42,US,<=50K
49, Private,310000, Some-college,10,Single, Transport-moving, Not-in-family, White, Male,No gains,No losses,70,US,>50K
35, Private,105423, HS-grad,9,Couple, Transport-moving, Husband, White, Male,No gains,No losses,40,US,<=50K
44, Private,312567, Bachelors,13,Couple, Exec-managerial, Husband, White, Male,Had gains,No losses,55,US,>50K
29, Private,178920, Some-college,10,Single, Adm-clerical, Not-in-family, Black, Female,No gains,No losses,35,US,<=50K
38, Private,245003, Masters,14,Couple, Prof-specialty, Husband, Asian-Pac-Islander, Male,No gains,No losses,50,Non-US,>50K
19, Private,89560, 11th,7,Single, Other-service, Own-child, White, Male,No gains,No losses,20,US,<=50K
48, Private,401234, HS-grad,9,Single, Craft-repair, Not-in-family, White, Male,No gains,Had losses,40,US,<=50K
42, Private,155678, Assoc-voc,11,Couple, Tech-support, Wife, White, Female,No gains,No losses,40,US,>50K
65, Self-emp-not-inc,334567, 7th-8th,4,Couple, Farming-fishing, Husband, White, Male,No gains,No losses,15,Non-US,<=50K
31, Private,198765, Some-college,10,Single, Sales, Unmarried, Black, Female,No gains,No losses,45,US,<=50K
55, Self-emp-inc,267890, Bachelors,13,Couple, Exec-managerial, Husband, White, Male,Had gains,No losses,60,US,>50K
27, Private,123456, 9th,5,Single, Machine-op-inspct, Not-in-family, White, Male,No gains,No losses,38,US,<=50K
36, Private,287654, HS-grad,9,Couple, Adm-clerical, Wife, White, Female,No gains,No losses,40,US,<=50K
33, Local-gov,345678, Assoc-acdm,12,Single, Prof-specialty, Unmarried, White, Female,No gains,No losses,30,Non-US,<=50K
41, Private,176543, 10th,6,Couple, Craft-repair, Husband, White, Male,No gains,No losses,44,US,<=50K
46, Private,219876, Masters,14,Couple, Prof-specialty, Husband, White, Male,Had gains,No losses,48,US,>50K
22, Private,98765, 12th,8,Single, Other-service, Own-child, Black, Female,No gains,No losses,25,US,<=50K
57, Federal-gov,389012, HS-grad,9,Couple, Exec-managerial, Husband, White, Male,No gains,No losses,50,US,>50K
24, Private,145678, Some-college,10,Single, Handlers-cleaners, Not-in-family, White, Male,No gains,No losses,35,Non-US,<=50K
39, Private,254321, Bachelors,13,Single, Sales, Not-in-family, White, Female,No gains,No losses,42,US,<=50K
51, Private,301234, HS-grad,9,Couple, Transport-moving, Husband, Black, Male,No gains,Had losses,70,US,>50K
42, Private,145893, Bachelors,13,Couple, Prof-specialty, Husband, White, Male,No gains,No losses,45,US,>50K
29, Private,332560, HS-grad,9,Single, Craft-repair, Not-in-family, White, Male,No gains,No losses,40,US,<=50K
39, Private,108279, Some-college,10,Couple, Exec-managerial, Wife, White, Female,No gains,No losses,50,US,>50K
23, Private,202345, 11th,7,Single, Other-service, Own-child, Black, Female,No gains,No losses,25,US,<=50K
48, Self-emp-inc,176420, Masters,14,Couple, Prof-specialty, Husband, White, Male,Had gains,No losses,55,Non-US,>50K
33, Private,286111, Assoc-voc,11,Single, Tech-support, Not-in-family, White, Male,No gains,No losses,40,US,<=50K
56, Self-emp-not-inc,182934, 9th,5,Couple, Farming-fishing, Husband, White, Male,No gains,No losses,30,US,<=50K
46, Local-gov,301567, Some-college,10,Single, Adm-clerical, Unmarried, Black, Female,No gains,No losses,38,US,<=50K
62, Private,225800, 7th-8th,4,Couple, Machine-op-inspct, Husband, White, Male,No gains,No losses,40,Non-US,<=50K
27, Private,159876, HS-grad,9,Single, Sales, Not-in-family, White, Male,No gains,Had losses,40,US,<=50K
45, Private,141235, Bachelors,13,Couple, Exec-managerial, Husband, Asian-Pac-Islander, Male,Had gains,No losses,50,Non-US,>50K
35, Private,275432, 10th,6,Couple, Transport-moving, Husband, White, Male,No gains,No losses,48,US,<=50K
31, Private,190678, HS-grad,9,Single, Handlers-cleaners, Not-in-family, White, Male,No gains,No losses,35,US,<=50K
24, Private,312400, Some-college,10,Single, Sales, Own-child, White, Female,No gains,No losses,42,US,<=50K
36, Private,123456, Masters,14,Single, Prof-specialty, Not-in-family, White, Female,No gains,No losses,40,US,>50K
19, Private,210987, 12th,8,Single, Craft-repair, Own-child, Black, Male,No gains,No losses,20,US,<=50K
30, State-gov,287654, Assoc-acdm,12,Single, Adm-clerical, Unmarried, White, Female,No gains,No losses,40,US,<=50K
34, Private,165432, Bachelors,13,Couple, Tech-support, Husband, White, Male,No gains,No losses,60,US,>50K
41, Private,198765, HS-grad,9,Couple, Machine-op-inspct, Wife, White, Female,No gains,No losses,40,US,<=50K
55, Self-emp-inc,250000, Some-college,10,Couple, Exec-managerial, Husband, White, Male,Had gains,No losses,55,US,>50K
35, Private,155482, HS-grad,9,Couple, Craft-repair, Husband, White, Male,No gains,No losses,42,US,<=50K
29, Private,220301, Some-college,10,Single, Adm-clerical, Not-in-family, White, Female,No gains,No losses,38,US,<=50K
45, Private,310567, Bachelors,13,Couple, Exec-managerial, Husband, White, Male,Had gains,No losses,50,US,>50K
22, Private,98745, 10th,6,Single, Other-service, Own-child, Black, Female,No gains,No losses,20,US,<=50K
39, Private,185632, Masters,14,Couple, Prof-specialty, Husband, Asian-Pac-Islander, Male,No gains,No losses,40,Non-US,>50K
42, Private,144789, HS-grad,9,Couple, Transport-moving, Husband, White, Male,No gains,Had losses,48,US,<=50K
34, Private,263410, Assoc-voc,11,Single, Tech-support, Unmarried, White, Female,No gains,No losses,40,US,<=50K
19, Private,175500, 11th,7,Single, Sales, Own-child, White, Male,No gains,No losses,30,US,<=50K
33, Private,239847, Some-college,10,Single, Machine-op-inspct, Not-in-family, Black, Male,No gains,No losses,40,US,<=50K
56, Self-emp-not-inc,198723, 9th,5,Couple, Farming-fishing, Husband, White, Male,No gains,No losses,35,Non-US,<=50K
48, Private,125678, Bachelors,13,Couple, Prof-specialty, Wife, White, Female,No gains,No losses,45,US,>50K
52, Self-emp-inc,290123, HS-grad,9,Couple, Exec-managerial, Husband, White, Male,Had gains,No losses,55,US,>50K
27, Private,167890, Some-college,10,Single, Handlers-cleaners, Not-in-family, Black, Male,No gains,No losses,38,US,<=50K
65, Private,211234, 7th-8th,4,Single, Other-service, Not-in-family, White, Female,No gains,No losses,18,US,<=50K
31, Local-gov,184567, Assoc-acdm,12,Single, Adm-clerical, Unmarried, White, Female,No gains,No losses,35,US,<=50K
46, Private,346789, HS-grad,9,Couple, Craft-repair, Husband, White, Male,No gains,No losses,60,US,>50K
41, Private,152345, Masters,14,Couple, Exec-managerial, Husband, White, Male,Had gains,No losses,50,Non-US,>50K
23, Private,278901, Some-college,10,Single, Sales, Own-child, White, Female,No gains,No losses,25,US,<=50K
36, Private,205678, Bachelors,13,Single, Machine-op-inspct, Not-in-family, White, Male,No gains,No losses,40,US,<=50K
26, Private,189012, 12th,8,Single, Transport-moving, Not-in-family, Black, Male,No gains,No losses,45,US,<=50K
34, Private,145382, HS-grad,9,Couple, Craft-repair, Husband, White, Male,No gains,No losses,40,US,<=50K
28, Private,289104, Some-college,10,Single, Adm-clerical, Not-in-family, White, Female,No gains,No losses,35,US,<=50K
45, Private,321567, Bachelors,13,Couple, Exec-managerial, Husband, White, Male,No gains,No losses,50,US,>50K
22, Private,198765, 11th,7,Single, Other-service, Own-child, Black, Female,No gains,No losses,20,US,<=50K
39, Private,175490, Masters,14,Couple, Prof-specialty, Husband, White, Male,Had gains,No losses,45,US,>50K
55, Self-emp-not-inc,102345, 9th,5,Single, Farming-fishing, Not-in-family, White, Male,No gains,No losses,15,Non-US,<=50K
48, Private,254321, HS-grad,9,Couple, Transport-moving, Husband, White, Male,No gains,No losses,55,US,>50K
32, Private,310987, Some-college,10,Single, Sales, Unmarried, Black, Female,No gains,Had losses,40,US,<=50K
26, Private,188654, Assoc-voc,11,Single, Tech-support, Not-in-family, White, Male,No gains,No losses,38,US,<=50K
62, Private,267890, 7th-8th,4,Single, Machine-op-inspct, Unmarried, White, Female,No gains,No losses,40,US,<=50K
44, Federal-gov,156789, Bachelors,13,Couple, Exec-managerial, Wife, White, Female,Had gains,No losses,50,US,>50K
30, Private,223456, HS-grad,9,Couple, Craft-repair, Husband, Asian-Pac-Islander, Male,No gains,No losses,40,Non-US,<=50K
24, Private,190123, Some-college,10,Single, Handlers-cleaners, Own-child, Black, Male,No gains,No losses,30,US,<=50K
51, Self-emp-inc,345678, Masters,14,Couple, Prof-specialty, Husband, White, Male,No gains,No losses,60,US,>50K
19, Private,215432, 12th,8,Single, Sales, Own-child, White, Male,No gains,No losses,20,US,<=50K
36, State-gov,287654, Assoc-acdm,12,Single, Adm-clerical, Not-in-family, White, Female,No gains,No losses,42,US,<=50K
41, Private,176543, 10th,6,Single, Other-service, Unmarried, White, Female,No gains,No losses,25,Non-US,<=50K
56, Self-emp-inc,234567, HS-grad,9,Couple, Exec-managerial, Husband, White, Male,Had gains,Had losses,48,US,>50K
33, Private,312098, Some-college,10,Couple, Machine-op-inspct, Husband, Black, Male,No gains,No losses,40,US,<=50K
27, Private,145678, Bachelors,13,Single, Prof-specialty, Not-in-family, White, Female,No gains,No losses,35,US,<=50K
42, Private,142356, HS-grad,9,Couple, Adm-clerical, Wife, White, Female,No gains,No losses,35,US,<=50K
45, Private,289101, Bachelors,13,Couple, Exec-managerial, Husband, White, Male,Had gains,No losses,50,US,>50K
26, Private,97524, 10th,6,Single, Other-service, Not-in-family, Black, Male,No gains,No losses,20,US,<=50K
33, Private,211543, Some-college,10,Couple, Craft-repair, Husband, White, Male,No gains,No losses,40,US,<=50K
39, Private,320450, Masters,14,Single, Prof-specialty, Not-in-family, Asian-Pac-Islander, Female,No gains,No losses,45,Non-US,>50K
19, Private,152879, 11th,7,Single, Sales, Own-child, White, Male,No gains,No losses,25,US,<=50K
29, Private,178234, Assoc-voc,11,Single, Tech-support, Unmarried, White, Female,No gains,No losses,38,US,<=50K
48, Private,254300, HS-grad,9,Couple, Transport-moving, Husband, White, Male,No gains,Had losses,40,US,<=50K
22, Private,135678, Some-college,10,Single, Handlers-cleaners, Own-child, Black, Male,No gains,No losses,30,US,<=50K
55, Self-emp-inc,296745, Bachelors,13,Couple, Exec-managerial, Husband, White, Male,Had gains,No losses,55,US,>50K
65, Self-emp-not-inc,110234, 9th,5,Couple, Farming-fishing, Husband, White, Male,No gains,No losses,15,Non-US,<=50K
31, Private,188900, 12th,8,Single, Machine-op-inspct, Unmarried, White, Female,No gains,No losses,40,US,<=50K
36, State-gov,276543, Assoc-acdm,12,Single, Prof-specialty, Not-in-family, Black, Female,No gains,No losses,42,US,<=50K
27, Private,143210, HS-grad,9,Single, Craft-repair, Not-in-family, White, Male,No gains,No losses,40,US,<=50K
44, Private,312450, Masters,14,Couple, Exec-managerial, Husband, White, Male,Had gains,No losses,60,US,>50K
24, Private,165432, Some-college,10,Single, Adm-clerical, Own-child, White, Female,No gains,No losses,35,US,<=50K
58, Private,205678, 7th-8th,4,Single, Other-service, Not-in-family, Black, Male,No gains,No losses,20,US,<=50K
41, Private,234567, Bachelors,13,Couple, Prof-specialty, Wife, White, Female,No gains,No losses,40,US,>50K
35, Private,187654, HS-grad,9,Couple, Sales, Husband, White, Male,No gains,No losses,48,US,<=50K
46, Private,298761, Some-college,10,Couple, Machine-op-inspct, Husband, White, Male,No gains,Had losses,40,US,<=50K
32, Private,105423, HS-grad,9,Couple, Transport-moving, Husband, White, Male,No gains,No losses,40,US,<=50K
45, Private,287654, Bachelors,13,Couple, Exec-managerial, Husband, White, Male,Had gains,No losses,50,US,>50K
27, Private,154321, Some-college,10,Single, Adm-clerical, Not-in-family, White, Female,No gains,No losses,35,US,<=50K
39, Private,312568, Masters,14,Couple, Prof-specialty, Wife, White, Female,No gains,No losses,45,US,>50K
19, Private,198745, 11th,7,Single, Other-service, Own-child, Black, Male,No gains,No losses,20,US,<=50K
48, Private,223456, HS-grad,9,Couple, Craft-repair, Husband, White, Male,No gains,No losses,40,US,<=50K
30, Private,176589, Assoc-voc,11,Single, Tech-support, Not-in-family, Asian-Pac-Islander, Male,No gains,No losses,38,Non-US,<=50K
55, Self-emp-not-inc,145632, 9th,5,Couple, Farming-fishing, Husband, White, Male,No gains,No losses,15,US,<=50K
35, Private,265431, Some-college,10,Single, Sales, Not-in-family, White, Female,No gains,No losses,42,US,<=50K
52, Self-emp-inc,334567, Bachelors,13,Couple, Exec-managerial, Husband, White, Male,Had gains,No losses,55,US,>50K
42, Private,187654, 7th-8th,4,Couple, Machine-op-inspct, Husband, Black, Male,No gains,No losses,40,US,<=50K
24, Private,209876, HS-grad,9,Single, Adm-clerical, Unmarried, White, Female,No gains,No losses,30,US,<=50K
41, State-gov,298765, Assoc-acdm,12,Couple, Prof-specialty, Wife, White, Female,No gains,Had losses,40,US,>50K
17, Private,123456, 10th,6,Single, Other-service, Own-child, White, Male,No gains,No losses,25,US,<=50K
36, Private,245678, HS-grad,9,Couple, Transport-moving, Husband, White, Male,No gains,No losses,40,Non-US,<=50K
44, Private,178901, Masters,14,Couple, Exec-managerial, Husband, White, Male,Had gains,No losses,50,US,>50K
29, Private,214567, Some-college,10,Single, Craft-repair, Not-in-family, Black, Male,No gains,No losses,48,US,<=50K
47, Federal-gov,289012, Bachelors,13,Single, Prof-specialty, Unmarried, White, Female,No gains,No losses,35,US,>50K
18, Private,165432, 12th,8,Single, Sales, Own-child, White, Male,No gains,No losses,20,US,<=50K
50, Private,301234, HS-grad,9,Single, Machine-op-inspct, Not-in-family, White, Female,No gains,Had losses,40,US,<=50K
35, Private,123456, HS-grad,9,Couple, Sales, Husband, White, Male,No gains,No losses,40,US,<=50K
45, Private,234567, Bachelors,13,Single, Prof-specialty, Not-in-family, White, Female,No gains,No losses,38,US,>50K
29, Private,345678, Some-college,10,Single, Craft-repair, Own-child, Black, Male,No gains,No losses,50,US,<=50K
52, Self-emp-inc,456789, Masters,14,Couple, Exec-managerial, Husband, White, Male,Had gains,No losses,55,US,>50K
22, Private,567890, 11th,7,Single, Other-service, Not-in-family, White, Female,No gains,No losses,20,US,<=50K
33, Private,678901, Assoc-voc,11,Couple, Tech-support, Husband, White, Male,No gains,No losses,45,US,<=50K
65, Self-emp-not-inc,789012, 7th-8th,4,Couple, Farming-fishing, Husband, White, Male,No gains,No losses,15,Non-US,<=50K
48, Private,890123, HS-grad,9,Single, Transport-moving, Unmarried, Black, Female,No gains,No losses,40,US,<=50K
25, Private,901234, Some-college,10,Single, Adm-clerical, Not-in-family, White, Female,No gains,No losses,35,US,<=50K
42, Private,101112, Bachelors,13,Couple, Exec-managerial, Husband, White, Male,Had gains,No losses,60,Non-US,>50K
31, Private,111213, 9th,5,Single, Machine-op-inspct, Not-in-family, White, Male,No gains,No losses,40,US,<=50K
39, Private,121314, Assoc-acdm,12,Couple, Prof-specialty, Wife, Asian-Pac-Islander, Female,No gains,No losses,40,US,>50K
27, Private,131415, 10th,6,Single, Craft-repair, Own-child, White, Male,No gains,Had losses,30,Non-US,<=50K
19, Private,141516, Some-college,10,Single, Sales, Other-relative, Black, Male,No gains,No losses,20,US,<=50K
55, Federal-gov,151617, HS-grad,9,Single, Exec-managerial, Unmarried, White, Female,No gains,No losses,48,US,>50K
17, Private,161718, 12th,8,Single, Handlers-cleaners, Own-child, White, Male,No gains,No losses,25,US,<=50K
26, Private,171819, Bachelors,13,Single, Tech-support, Not-in-family, White, Male,No gains,No losses,40,US,<=50K
44, Private,181920, Masters,14,Couple, Prof-specialty, Wife, White, Female,Had gains,No losses,32,Non-US,>50K
36, Private,192021, Some-college,10,Couple, Machine-op-inspct, Husband, Black, Male,No gains,No losses,45,US,<=50K
49, Private,202122, HS-grad,9,Couple, Sales, Husband, White, Male,No gains,No losses,80,US,>50K
23, Private,145023, Some-college,10,Single, Sales, Own-child, White, Male,No gains,No losses,38,US,<=50K
46, Private,312987, HS-grad,9,Couple, Machine-op-inspct, Wife, White, Female,No gains,No losses,40,US,<=50K
35, Private,87546, Bachelors,13,Couple, Exec-managerial, Husband, White, Male,Had gains,No losses,50,US,>50K
29, Private,221450, 11th,7,Single, Other-service, Not-in-family, Black, Female,No gains,No losses,25,US,<=50K
42, Private,188430, Masters,14,Couple, Prof-specialty, Husband, White, Male,No gains,No losses,45,US,>50K
55, Self-emp-not-inc,305678, HS-grad,9,Couple, Craft-repair, Husband, White, Male,No gains,Had losses,40,US,<=50K
32, Private,132567, Assoc-voc,11,Single, Tech-support, Unmarried, White, Female,No gains,No losses,35,US,<=50K
62, Self-emp-not-inc,255432, 9th,5,Couple, Farming-fishing, Husband, White, Male,No gains,No losses,20,Non-US,<=50K
27, State-gov,179832, Some-college,10,Single, Adm-clerical, Not-in-family, Black, Female,No gains,No losses,40,US,<=50K
33, Private,410231, 12th,8,Single, Transport-moving, Not-in-family, White, Male,No gains,No losses,48,US,<=50K
48, Private,99870, Bachelors,13,Couple, Prof-specialty, Wife, White, Female,No gains,No losses,40,US,>50K
19, Private,287654, 10th,6,Single, Machine-op-inspct, Own-child, White, Male,No gains,No losses,30,US,<=50K
45, Federal-gov,167843, Assoc-acdm,12,Couple, Exec-managerial, Husband, White, Male,No gains,No losses,55,US,>50K
39, Private,345123, HS-grad,9,Single, Sales, Not-in-family, Black, Male,Had gains,No losses,40,US,<=50K
65, Private,118945, 7th-8th,4,Couple, Handlers-cleaners, Husband, White, Male,No gains,No losses,15,Non-US,<=50K
25, Private,203456, Some-college,10,Single, Craft-repair, Unmarried, White, Female,No gains,No losses,40,US,<=50K
50, Self-emp-inc,276543, Masters,14,Couple, Exec-managerial, Husband, White, Male,Had gains,No losses,60,US,>50K
70, Private,154321, HS-grad,9,Single, Adm-clerical, Not-in-family, White, Female,No gains,No losses,20,US,<=50K
34, Private,225678, Some-college,10,Couple, Transport-moving, Husband, White, Male,No gains,No losses,42,US,<=50K
41, Private,331234, 5th-6th,3,Single, Other-service, Unmarried, Black, Female,No gains,No losses,12,Non-US,<=50K
34, Private,145892, HS-grad,9,Couple, Craft-repair, Husband, White, Male,No gains,No losses,40,US,<=50K
45, Private,312458, Some-college,10,Couple, Exec-managerial, Husband, White, Male,Had gains,No losses,50,US,>50K
39, Private,98021, Bachelors,13,Single, Prof-specialty, Not-in-family, White, Female,No gains,No losses,35,US,>50K
22, Private,221147, 11th,7,Single, Other-service, Own-child, Black, Female,No gains,No losses,20,US,<=50K
42, Private,268900, Masters,14,Couple, Tech-support, Husband, White, Male,No gains,No losses,45,US,>50K
29, Private,175630, Assoc-voc,11,Single, Adm-clerical, Not-in-family, White, Female,No gains,No losses,38,US,<=50K
55, Self-emp-not-inc,402112, 9th,5,Couple, Farming-fishing, Husband, White, Male,No gains,No losses,15,Non-US,<=50K
48, Private,189374, HS-grad,9,Single, Transport-moving, Not-in-family, Black, Male,No gains,Had losses,40,US,<=50K
33, Private,210556, Some-college,10,Couple, Sales, Husband, White, Male,No gains,No losses,55,US,<=50K
51, Private,134789, Bachelors,13,Couple, Exec-managerial, Wife, White, Female,Had gains,No losses,45,US,>50K
25, Private,295623, 12th,8,Single, Machine-op-inspct, Own-child, White, Male,No gains,No losses,40,US,<=50K
30, Private,165432, Assoc-acdm,12,Single, Prof-specialty, Not-in-family, Asian-Pac-Islander, Male,No gains,No losses,40,Non-US,<=50K
62, Self-emp-not-inc,245001, 7th-8th,4,Couple, Craft-repair, Husband, White, Male,No gains,No losses,30,US,<=50K
46, Federal-gov,180987, HS-grad,9,Single, Exec-managerial, Unmarried, White, Female,No gains,No losses,50,US,>50K
27, Private,310745, 10th,6,Single, Handlers-cleaners, Not-in-family, Black, Male,No gains,No losses,35,US,<=50K
60, Self-emp-inc,199200, Some-college,10,Couple, Sales, Wife, White, Female,Had gains,No losses,20,US,<=50K
55, Private,278934, HS-grad,9,Couple, Craft-repair, Husband, White, Male,No gains,No losses,45,US,>50K
36, Private,110234, Bachelors,13,Single, Prof-specialty, Not-in-family, White, Male,No gains,No losses,60,Non-US,>50K
41, Local-gov,190456, Some-college,10,Single, Adm-clerical, Unmarried, Black, Female,No gains,Had losses,40,US,<=50K
49, Private,330210, Masters,14,Couple, Exec-managerial, Husband, White, Male,No gains,No losses,55,US,>50K
32, Private,105423, HS-grad,9,Couple, Craft-repair, Husband, White, Male,No gains,No losses,40,US,<=50K
25, Private,305678, Some-college,10,Single, Sales, Not-in-family, White, Female,No gains,No losses,35,US,<=50K
45, Private,85001, Bachelors,13,Couple, Prof-specialty, Husband, Asian-Pac-Islander, Male,No gains,No losses,50,Non-US,>50K
19, Private,412000, 11th,7,Single, Other-service, Own-child, Black, Female,No gains,No losses,20,US,<=50K
48, Self-emp-inc,150200, Masters,14,Couple, Exec-managerial, Husband, White, Male,Had gains,No losses,55,US,>50K
39, Private,275000, HS-grad,9,Single, Machine-op-inspct, Not-in-family, White, Male,No gains,No losses,40,US,<=50K
29, Private,195500, Assoc-voc,11,Single, Tech-support, Unmarried, White, Female,No gains,No losses,38,US,<=50K
55, Self-emp-not-inc,320100, 9th,5,Couple, Farming-fishing, Husband, White, Male,No gains,No losses,45,Non-US,<=50K
35, Federal-gov,118000, Some-college,10,Single, Adm-clerical, Not-in-family, Black, Female,No gains,No losses,40,US,<=50K
41, Private,228000, Bachelors,13,Couple, Exec-managerial, Husband, White, Male,No gains,Had losses,60,US,>50K
28, Private,95000, 10th,6,Single, Transport-moving, Own-child, White, Male,No gains,No losses,48,US,<=50K
33, State-gov,180250, Assoc-acdm,12,Single, Prof-specialty, Unmarried, White, Female,No gains,No losses,32,US,<=50K
17, Private,400500, 12th,8,Single, Handlers-cleaners, Own-child, Black, Male,No gains,No losses,15,US,<=50K
22, Private,135000, Some-college,10,Single, Craft-repair, Not-in-family, White, Male,No gains,No losses,40,US,<=50K
52, Private,290000, Masters,14,Couple, Prof-specialty, Wife, White, Female,Had gains,No losses,45,US,>50K
36, Private,165000, HS-grad,9,Couple, Sales, Husband, White, Male,No gains,No losses,50,US,<=50K
65, Private,350000, 7th-8th,4,Single, Other-service, Not-in-family, Black, Female,No gains,No losses,25,Non-US,<=50K
44, Private,210000, Bachelors,13,Couple, Exec-managerial, Wife, White, Female,No gains,No losses,40,US,>50K
27, Private,125000, HS-grad,9,Single, Adm-clerical, Unmarried, White, Female,No gains,No losses,35,US,<=50K
60, Private,385000, 10th,6,Couple, Machine-op-inspct, Husband, White, Male,No gains,No losses,30,US,<=50K
42, Private,132450, HS-grad,9,Couple, Exec-managerial, Husband, White, Male,No gains,No losses,45,US,>50K
29, Private,287654, Some-college,10,Single, Adm-clerical, Not-in-family, White, Female,No gains,No losses,38,US,<=50K
35, Private,310987, Bachelors,13,Couple, Prof-specialty, Husband, White, Male,Had gains,No losses,50,US,>50K
23, Private,178543, 11th,7,Single, Other-service, Own-child, Black, Male,No gains,No losses,20,US,<=50K
45, Private,195432, Masters,14,Couple, Exec-managerial, Wife, Asian-Pac-Islander, Female,No gains,No losses,40,Non-US,>50K
65, Self-emp-not-inc,254321, 7th-8th,4,Couple, Farming-fishing, Husband, White, Male,No gains,No losses,35,US,<=50K
48, Private,189876, HS-grad,9,Single, Craft-repair, Not-in-family, White, Male,No gains,Had losses,40,US,<=50K
33, Private,220765, Some-college,10,Couple, Machine-op-inspct, Husband, White, Male,No gains,No losses,55,US,<=50K
38, Private,345678, 9th,5,Single, Transport-moving, Unmarried, Black, Female,No gains,No losses,28,US,<=50K
27, Private,167890, Assoc-voc,11,Single, Tech-support, Not-in-family, White, Male,No gains,No losses,42,Non-US,<=50K
39, Self-emp-inc,278901, Bachelors,13,Couple, Sales, Wife, White, Female,Had gains,No losses,48,US,>50K
19, Private,145678, 12th,8,Single, Other-service, Own-child, White, Male,No gains,No losses,15,US,<=50K
55, Private,312456, HS-grad,9,Couple, Sales, Husband, White, Male,No gains,No losses,60,US,>50K
44, Federal-gov,205678, Some-college,10,Couple, Exec-managerial, Husband, Black, Male,No gains,No losses,50,US,>50K
22, Private,234567, 10th,6,Single, Farming-fishing, Other-relative, White, Male,No gains,No losses,18,Non-US,<=50K
31, Private,187654, Assoc-acdm,12,Single, Prof-specialty, Not-in-family, White, Female,No gains,Had losses,35,US,<=50K
41, Private,298765, HS-grad,9,Single, Machine-op-inspct, Unmarried, White, Female,No gains,No losses,40,US,<=50K
36, Private,156789, Masters,14,Couple, Prof-specialty, Husband, White, Male,No gains,No losses,55,US,>50K
17, Private,245678, 11th,7,Single, Craft-repair, Own-child, White, Male,No gains,No losses,30,US,<=50K
60, Private,321098, Some-college,10,Single, Other-service, Not-in-family, Black, Female,No gains,No losses,25,US,<=50K
34, Private,105423, HS-grad,9,Couple, Craft-repair, Husband, White, Male,No gains,No losses,40,US,<=50K
42, Private,312456, Bachelors,13,Couple, Prof-specialty, Wife, White, Female,No gains,No losses,45,US,>50K
22, Private,189012, 11th,7,Single, Other-service, Own-child, Black, Male,No gains,No losses,20,US,<=50K
48, Self-emp-inc,450987, Masters,14,Couple, Exec-managerial, Husband, White, Male,Had gains,No losses,55,US,>50K
29, Private,78521, Some-college,10,Single, Adm-clerical, Not-in-family, White, Female,No gains,No losses,35,US,<=50K
31, Private,256789, Assoc-voc,11,Single, Tech-support, Not-in-family, Asian-Pac-Islander, Male,No gains,No losses,40,Non-US,<=50K
65, Self-emp-not-inc,198765, 7th-8th,4,Couple, Farming-fishing, Husband, White, Male,No gains,No losses,15,US,<=50K
45, Private,334567, HS-grad,9,Couple, Transport-moving, Husband, White, Male,No gains,Had losses,48,US,<=50K
36, Private,145678, Some-college,10,Single, Sales, Unmarried, Black, Female,No gains,No losses,30,US,<=50K
52, Private,287654, Bachelors,13,Couple, Exec-managerial, Husband, White, Male,Had gains,No losses,60,US,>50K
27, Private,123456, 10th,6,Single, Machine-op-inspct, Not-in-family, White, Male,No gains,No losses,38,US,<=50K
33, State-gov,378901, Assoc-acdm,12,Single, Prof-specialty, Not-in-family, White, Female,No gains,No losses,40,US,<=50K
19, Private,198234, 9th,5,Single, Craft-repair, Own-child, White, Male,No gains,No losses,25,Non-US,<=50K
55, Federal-gov,402345, Masters,14,Couple, Exec-managerial, Husband, White, Male,No gains,No losses,50,US,>50K
41, Private,165432, HS-grad,9,Couple, Adm-clerical, Wife, Black, Female,No gains,No losses,40,US,<=50K
24, Private,289012, Some-college,10,Single, Handlers-cleaners, Not-in-family, White, Male,No gains,No losses,35,US,<=50K
60, Self-emp-inc,512345, Bachelors,13,Couple, Prof-specialty, Wife, White, Female,No gains,No losses,20,US,>50K
17, Private,176543, 12th,8,Single, Other-service, Own-child, White, Male,No gains,No losses,18,US,<=50K
49, Self-emp-inc,398765, HS-grad,9,Single, Sales, Not-in-family, White, Male,Had gains,No losses,45,US,>50K
39, Private,234567, Some-college,10,Couple, Machine-op-inspct, Wife, White, Female,No gains,No losses,40,Non-US,<=50K
34, Private,152390, HS-grad,9,Couple, Craft-repair, Husband, White, Male,No gains,No losses,40,US,<=50K
26, Private,284530, Some-college,10,Single, Adm-clerical, Not-in-family, White, Female,No gains,No losses,38,US,<=50K
45, Private,105670, Bachelors,13,Couple, Prof-specialty, Husband, White, Male,No gains,No losses,50,US,>50K
22, Private,320150, 11th,7,Single, Other-service, Own-child, Black, Female,No gains,No losses,25,US,<=50K
48, Self-emp-inc,198765, Masters,14,Couple, Exec-managerial, Husband, White, Male,Had gains,No losses,55,US,>50K
31, Private,245000, Assoc-voc,11,Single, Tech-support, Not-in-family, White, Male,No gains,No losses,40,Non-US,<=50K
60, Self-emp-not-inc,175000, 9th,5,Couple, Farming-fishing, Husband, White, Male,No gains,No losses,20,US,<=50K
39, Private,220000, HS-grad,9,Couple, Transport-moving, Husband, Black, Male,No gains,No losses,45,US,<=50K
29, Private,135400, Some-college,10,Single, Sales, Unmarried, White, Female,No gains,No losses,30,US,<=50K
55, Private,300100, 7th-8th,4,Couple, Machine-op-inspct, Husband, White, Male,No gains,No losses,40,US,<=50K
42, Private,165890, Bachelors,13,Couple, Exec-managerial, Wife, White, Female,No gains,Had losses,35,US,>50K
33, Private,210450, Assoc-acdm,12,Single, Adm-clerical, Not-in-family, White, Female,No gains,No losses,40,US,<=50K
36, Private,255550, HS-grad,9,Couple, Craft-repair, Husband, White, Male,No gains,No losses,48,Non-US,<=50K
44, Private,185300, Some-college,10,Couple, Prof-specialty, Husband, Black, Male,Had gains,No losses,60,US,>50K
65, Private,290000, 10th,6,Single, Other-service, Not-in-family, White, Female,No gains,No losses,18,US,<=50K
27, Private,145670, HS-grad,9,Single, Machine-op-inspct, Own-child, White, Male,No gains,No losses,40,US,<=50K
38, Private,230500, Masters,14,Couple, Prof-specialty, Wife, White, Female,No gains,No losses,45,Non-US,>50K
19, Private,275000, 12th,8,Single, Sales, Own-child, White, Male,No gains,No losses,30,US,<=50K
41, Private,160200, Bachelors,13,Couple, Exec-managerial, Husband, Asian-Pac-Islander, Male,Had gains,No losses,40,Non-US,>50K
32, Private,235000, Some-college,10,Single, Transport-moving, Not-in-family, White, Male,No gains,No losses,55,US,<=50K
34, Private,115040, Bachelors,13,Couple, Prof-specialty, Wife, White, Female,No gains,No losses,40,US,>50K
45, Private,302145, HS-grad,9,Couple, Transport-moving, Husband, White, Male,No gains,No losses,50,US,<=50K
27, Private,189576, Some-college,10,Single, Adm-clerical, Not-in-family, Black, Female,No gains,No losses,35,US,<=50K
22, Private,487921, 9th,5,Single, Machine-op-inspct, Own-child, White, Male,No gains,No losses,20,Non-US,<=50K
42, Private,153982, Masters,14,Couple, Exec-managerial, Husband, White, Male,Had gains,No losses,55,US,>50K
19, Private,225678, 11th,7,Single, Other-service, Own-child, White, Female,No gains,No losses,15,US,<=50K
36, Self-emp-inc,198450, Some-college,10,Single, Sales, Not-in-family, White, Male,No gains,No losses,45,US,>50K
55, Private,334098, Assoc-voc,11,Couple, Craft-repair, Husband, Black, Male,No gains,Had losses,40,US,<=50K
48, Self-emp-not-inc,289111, HS-grad,9,Couple, Farming-fishing, Husband, White, Male,No gains,No losses,60,Non-US,<=50K
29, Private,120567, Bachelors,13,Single, Tech-support, Unmarried, White, Female,No gains,No losses,40,US,<=50K
62, Private,412345, 7th-8th,4,Single, Handlers-cleaners, Not-in-family, Asian-Pac-Islander, Male,No gains,No losses,30,Non-US,<=50K
39, Private,176543, Some-college,10,Couple, Exec-managerial, Husband, White, Male,Had gains,No losses,48,US,>50K
20, Private,262345, 12th,8,Single, Adm-clerical, Own-child, White, Female,No gains,No losses,25,US,<=50K
33, Private,145678, HS-grad,9,Single, Machine-op-inspct, Not-in-family, Black, Female,No gains,No losses,38,US,<=50K
46, Private,350001, Bachelors,13,Couple, Prof-specialty, Husband, White, Male,No gains,No losses,55,US,>50K
25, Local-gov,210987, Assoc-acdm,12,Single, Adm-clerical, Unmarried, White, Female,No gains,No losses,40,US,<=50K
51, Self-emp-not-inc,185432, HS-grad,9,Couple, Craft-repair, Husband, White, Male,No gains,No losses,42,US,>50K
17, Private,401239, 10th,6,Single, Other-service, Other-relative, Black, Male,No gains,No losses,18,Non-US,<=50K
44, Federal-gov,234567, Masters,14,Couple, Exec-managerial, Wife, White, Female,Had gains,No losses,50,US,>50K
31, Private,178901, Some-college,10,Single, Sales, Not-in-family, White, Male,No gains,Had losses,44,US,<=50K
35, Private,102345, HS-grad,9,Couple, Craft-repair, Husband, White, Male,No gains,No losses,40,US,<=50K
45, Private,250000, Bachelors,13,Couple, Exec-managerial, Husband, White, Male,Had gains,No losses,50,US,>50K
29, Private,185000, Some-college,10,Single, Adm-clerical, Not-in-family, Black, Female,No gains,No losses,38,US,<=50K
42, Private,310000, Masters,14,Couple, Prof-specialty, Wife, White, Female,No gains,No losses,45,US,>50K
19, Private,95000, 11th,7,Single, Other-service, Own-child, White, Male,No gains,No losses,20,US,<=50K
48, Private,220000, HS-grad,9,Couple, Transport-moving, Husband, White, Male,No gains,No losses,55,US,<=50K
32, Private,145000, Assoc-voc,11,Single, Tech-support, Not-in-family, Asian-Pac-Islander, Male,No gains,No losses,40,Non-US,<=50K
55, Self-emp-inc,275000, Bachelors,13,Couple, Sales, Husband, White, Male,No gains,Had losses,60,US,>50K
40, Self-emp-not-inc,120000, 9th,5,Couple, Farming-fishing, Husband, White, Male,No gains,No losses,30,Non-US,<=50K
36, Private,190000, Some-college,10,Single, Machine-op-inspct, Unmarried, Black, Female,No gains,No losses,40,US,<=50K
52, Federal-gov,330000, HS-grad,9,Single, Exec-managerial, Unmarried, White, Female,Had gains,No losses,40,US,>50K
65, Private,78000, 7th-8th,4,Single, Other-service, Not-in-family, White, Female,No gains,No losses,15,US,<=50K
31, Private,205000, Assoc-acdm,12,Single, Prof-specialty, Not-in-family, White, Male,No gains,No losses,44,US,<=50K
27, Private,260000, Some-college,10,Single, Craft-repair, Own-child, White, Male,No gains,No losses,48,US,<=50K
60, Self-emp-inc,350000, Masters,14,Couple, Exec-managerial, Husband, White, Male,Had gains,No losses,70,US,>50K
22, Private,115000, 10th,6,Single, Sales, Other-relative, Black, Female,No gains,No losses,25,US,<=50K
39, Private,240000, Bachelors,13,Couple, Prof-specialty, Wife, White, Female,No gains,No losses,35,US,>50K
33, Local-gov,170000, HS-grad,9,Couple, Adm-clerical, Wife, White, Female,No gains,No losses,40,US,<=50K
46, Private,290000, Some-college,10,Couple, Exec-managerial, Husband, White, Male,Had gains,No losses,55,US,>50K
24, Private,160000, 12th,8,Single, Craft-repair, Not-in-family, White, Male,No gains,No losses,42,US,<=50K
29, Private,125487, HS-grad,9,Single, Craft-repair, Not-in-family, White, Male,No gains,No losses,40,US,<=50K
42, Private,302156, Bachelors,13,Couple, Exec-managerial, Husband, White, Male,No gains,No losses,45,US,>50K
34, Private,187654, Some-college,10,Couple, Adm-clerical, Wife, White, Female,No gains,No losses,38,US,<=50K
48, Self-emp-inc,245890, Masters,14,Couple, Prof-specialty, Husband, White, Male,Had gains,No losses,50,US,>50K
22, Private,178900, 11th,7,Single, Other-service, Not-in-family, Black, Female,No gains,No losses,20,US,<=50K
31, Private,215432, Assoc-voc,11,Single, Tech-support, Not-in-family, White, Male,No gains,No losses,40,Non-US,<=50K
45, Private,198765, HS-grad,9,Couple, Transport-moving, Husband, White, Male,No gains,No losses,50,US,<=50K
60, Self-emp-not-inc,310987, 7th-8th,4,Couple, Farming-fishing, Husband, White, Male,No gains,No losses,35,US,<=50K
39, Private,165432, Bachelors,13,Single, Sales, Not-in-family, White, Female,No gains,No losses,40,US,>50K
35, Private,289654, HS-grad,9,Single, Machine-op-inspct, Unmarried, Black, Male,No gains,Had losses,40,US,<=50K
26, Private,225000, Some-college,10,Single, Handlers-cleaners, Own-child, White, Male,No gains,No losses,48,US,<=50K
52, Private,195432, Masters,14,Couple, Exec-managerial, Wife, White, Female,Had gains,No losses,35,Non-US,>50K
55, Private,275321, 9th,5,Couple, Craft-repair, Husband, White, Male,No gains,No losses,40,US,<=50K
36, Private,205678, Assoc-acdm,12,Single, Prof-specialty, Not-in-family, Asian-Pac-Islander, Male,No gains,No losses,55,Non-US,>50K
65, Private,185432, 10th,6,Single, Other-service, Unmarried, White, Female,No gains,No losses,25,US,<=50K
44, Self-emp-inc,325678, HS-grad,9,Couple, Sales, Husband, White, Male,Had gains,No losses,60,US,>50K
24, State-gov,168543, Some-college,10,Single, Adm-clerical, Not-in-family, Black, Female,No gains,No losses,32,US,<=50K
55, Federal-gov,234567, Bachelors,13,Couple, Exec-managerial, Husband, White, Male,No gains,No losses,40,US,>50K
19, Private,198700, 12th,8,Single, Craft-repair, Own-child, White, Male,No gains,No losses,30,US,<=50K
41, Private,287654, HS-grad,9,Single, Transport-moving, Unmarried, White, Female,No gains,No losses,55,US,<=50K
35, Private,145896, HS-grad,9,Couple, Craft-repair, Husband, White, Male,No gains,No losses,40,US,<=50K
42, Private,312006, Bachelors,13,Couple, Exec-managerial, Wife, White, Female,Had gains,No losses,50,US,>50K
28, Private,198542, Some-college,10,Single, Sales, Not-in-family, White, Male,No gains,No losses,35,US,<=50K
25, Private,274851, 11th,7,Single, Other-service, Unmarried, Black, Female,No gains,No losses,20,US,<=50K
45, Private,165879, Masters,14,Couple, Prof-specialty, Husband, White, Male,No gains,No losses,45,US,>50K
32, Private,122541, Assoc-voc,11,Single, Tech-support, Not-in-family, White, Female,No gains,Had losses,40,US,<=50K
55, Self-emp-not-inc,350210, 9th,5,Couple, Farming-fishing, Husband, White, Male,No gains,No losses,15,Non-US,<=50K
39, Private,187234, HS-grad,9,Couple, Machine-op-inspct, Husband, Black, Male,No gains,No losses,40,US,<=50K
29, Private,241673, Bachelors,13,Single, Adm-clerical, Not-in-family, White, Female,No gains,No losses,38,US,<=50K
48, Private,289456, Some-college,10,Couple, Transport-moving, Husband, White, Male,No gains,No losses,60,US,>50K
63, Private,108765, 7th-8th,4,Single, Other-service, Unmarried, White, Female,No gains,No losses,25,US,<=50K
52, Private,201987, Masters,14,Couple, Exec-managerial, Husband, White, Male,Had gains,No losses,55,US,>50K
22, Private,334012, 10th,6,Single, Craft-repair, Own-child, White, Male,No gains,No losses,30,Non-US,<=50K
41, Federal-gov,157890, Assoc-acdm,12,Single, Prof-specialty, Not-in-family, Asian-Pac-Islander, Female,No gains,No losses,40,US,>50K
19, Private,225678, 12th,8,Single, Sales, Own-child, Black, Male,No gains,No losses,20,US,<=50K
56, Self-emp-inc,178456, HS-grad,9,Couple, Exec-managerial, Wife, White, Female,No gains,No losses,45,US,>50K
33, Private,298765, Some-college,10,Single, Handlers-cleaners, Not-in-family, White, Male,No gains,Had losses,35,Non-US,<=50K
27, State-gov,134567, Bachelors,13,Single, Tech-support, Not-in-family, White, Male,No gains,No losses,40,US,<=50K
46, Private,256789, Some-college,10,Couple, Machine-op-inspct, Wife, White, Female,No gains,No losses,48,US,<=50K
44, Private,189012, HS-grad,9,Couple, Craft-repair, Husband, White, Male,Had gains,No losses,40,US,>50K
34, Private,125436, HS-grad,9,Couple, Adm-clerical, Wife, White, Female,No gains,No losses,38,US,<=50K
43, Private,315782, Bachelors,13,Couple, Exec-managerial, Husband, White, Male,Had gains,No losses,48,US,>50K
22, Private,89567, 11th,7,Single, Other-service, Own-child, Black, Male,No gains,No losses,20,US,<=50K
55, Self-emp-inc,452301, Masters,14,Couple, Prof-specialty, Wife, White, Female,No gains,No losses,40,US,>50K
29, Private,278543, Some-college,10,Single, Craft-repair, Not-in-family, White, Male,No gains,No losses,42,US,<=50K
62, Self-emp-not-inc,159874, 9th,5,Couple, Farming-fishing, Husband, White, Male,No gains,Had losses,35,US,<=50K
31, Private,342156, Assoc-voc,11,Single, Tech-support, Not-in-family, White, Female,No gains,No losses,40,Non-US,<=50K
46, Private,210987, HS-grad,9,Couple, Transport-moving, Husband, White, Male,No gains,No losses,55,US,>50K
48, Private,187654, 7th-8th,4,Single, Machine-op-inspct, Unmarried, Black, Female,No gains,No losses,30,US,<=50K
39, Private,398765, Bachelors,13,Couple, Sales, Husband, White, Male,Had gains,No losses,50,US,>50K
20, Private,102345, 10th,6,Single, Handlers-cleaners, Own-child, White, Male,No gains,No losses,25,Non-US,<=50K
51, State-gov,256789, Some-college,10,Couple, Exec-managerial, Wife, Asian-Pac-Islander, Female,No gains,No losses,45,US,>50K
25, Private,145236, 12th,8,Single, Adm-clerical, Not-in-family, White, Female,No gains,No losses,36,US,<=50K
44, Private,334567, Masters,14,Couple, Prof-specialty, Husband, White, Male,No gains,No losses,60,US,>50K
33, Private,198765, HS-grad,9,Single, Craft-repair, Not-in-family, Black, Male,No gains,Had losses,40,US,<=50K
27, Private,287654, Assoc-acdm,12,Couple, Machine-op-inspct, Wife, White, Female,No gains,No losses,38,Non-US,<=50K
26, Private,176543, Bachelors,13,Single, Tech-support, Not-in-family, White, Male,No gains,No losses,44,US,<=50K
57, Self-emp-inc,412345, Some-college,10,Couple, Sales, Husband, White, Male,Had gains,No losses,35,US,>50K
68, Private,234567, 7th-8th,4,Single, Other-service, Not-in-family, White, Female,No gains,No losses,15,US,<=50K
42, Federal-gov,301234, HS-grad,9,Couple, Exec-managerial, Wife, White, Female,No gains,No losses,40,US,>50K
35, Private,123456, Bachelors,13,Couple, Prof-specialty, Husband, White, Male,No gains,No losses,45,US,>50K
29, Private,234567, HS-grad,9,Single, Adm-clerical, Not-in-family, Black, Female,No gains,No losses,38,US,<=50K
42, Private,345678, Masters,14,Couple, Exec-managerial, Wife, White, Female,Had gains,No losses,50,US,>50K
19, Private,456789, 11th,7,Single, Other-service, Own-child, White, Male,No gains,No losses,20,US,<=50K
33, Private,567890, Some-college,10,Couple, Craft-repair, Husband, White, Male,No gains,No losses,40,Non-US,<=50K
27, Private,678901, Assoc-voc,11,Single, Tech-support, Unmarried, Black, Female,No gains,No losses,42,US,<=50K
55, Self-emp-not-inc,789012, 9th,5,Couple, Farming-fishing, Husband, White, Male,No gains,No losses,15,Non-US,<=50K
45, Private,890123, Bachelors,13,Couple, Sales, Husband, White, Male,No gains,No losses,55,US,>50K
48, Private,901234, HS-grad,9,Single, Machine-op-inspct, Not-in-family, White, Female,No gains,Had losses,40,US,<=50K
31, Private,112233, Some-college,10,Single, Transport-moving, Not-in-family, Black, Male,No gains,No losses,48,US,<=50K
39, Private,223344, Masters,14,Couple, Prof-specialty, Wife, White, Female,No gains,No losses,36,US,>50K
62, Private,334455, 7th-8th,4,Single, Other-service, Not-in-family, White, Male,No gains,No losses,30,US,<=50K
51, Self-emp-inc,445566, HS-grad,9,Couple, Exec-managerial, Husband, White, Male,Had gains,No losses,60,US,>50K
26, Private,556677, Assoc-acdm,12,Single, Adm-clerical, Unmarried, White, Female,No gains,No losses,39,Non-US,<=50K
22, Private,667788, 10th,6,Single, Craft-repair, Own-child, White, Male,No gains,No losses,40,US,<=50K
44, Private,778899, Bachelors,13,Couple, Exec-managerial, Husband, White, Male,No gains,Had losses,50,US,>50K
34, Private,889900, Some-college,10,Single, Sales, Not-in-family, Black, Female,No gains,No losses,35,US,<=50K
49, Private,990011, HS-grad,9,Single, Transport-moving, Not-in-family, White, Male,No gains,No losses,70,US,>50K
20, Private,100200, 12th,8,Single, Other-service, Own-child, White, Female,No gains,No losses,18,US,<=50K
38, Private,300400, Some-college,10,Couple, Handlers-cleaners, Husband, Asian-Pac-Islander, Male,No gains,No losses,42,Non-US,<=50K
29, Private,145782, HS-grad,9,Single, Adm-clerical, Not-in-family, White, Female,No gains,No losses,35,US,<=50K
33, Private,310542, Some-college,10,Couple, Craft-repair, Husband, White, Male,No gains,No losses,40,US,<=50K
45, Private,119876, Bachelors,13,Couple, Prof-specialty, Husband, Asian-Pac-Islander, Male,No gains,No losses,50,Non-US,>50K
42, Private,258433, 10th,6,Couple, Machine-op-inspct, Husband, Black, Male,No gains,No losses,40,US,<=50K
39, Private,173891, Masters,14,Couple, Exec-managerial, Wife, White, Female,Had gains,No losses,45,US,>50K
55, Self-emp-inc,205347, HS-grad,9,Couple, Sales, Husband, White, Male,No gains,No losses,60,US,>50K
22, Private,287654, 11th,7,Single, Other-service, Not-in-family, Black, Female,No gains,No losses,20,US,<=50K
31, Private,153209, Assoc-voc,11,Single, Tech-support, Not-in-family, White, Male,No gains,No losses,40,US,<=50K
65, Self-emp-not-inc,334567, 7th-8th,4,Couple, Farming-fishing, Husband, White, Male,No gains,No losses,15,Non-US,<=50K
48, Private,198234, Some-college,10,Couple, Transport-moving, Husband, White, Male,No gains,Had losses,48,US,<=50K
41, Private,221345, Bachelors,13,Couple, Exec-managerial, Wife, White, Female,No gains,No losses,55,US,>50K
26, Private,167890, 9th,5,Single, Craft-repair, Own-child, White, Male,No gains,No losses,40,US,<=50K
36, State-gov,142567, Assoc-acdm,12,Single, Adm-clerical, Not-in-family, White, Female,No gains,No losses,38,US,<=50K
52, Private,312678, HS-grad,9,Single, Machine-op-inspct, Unmarried, Black, Female,No gains,No losses,30,US,<=50K
44, Private,189432, Masters,14,Couple, Prof-specialty, Husband, White, Male,Had gains,No losses,60,US,>50K
19, Private,256789, 12th,8,Single, Sales, Own-child, White, Male,No gains,No losses,25,US,<=50K
34, Private,175432, Some-college,10,Couple, Handlers-cleaners, Husband, White, Male,No gains,No losses,40,Non-US,<=50K
57, Self-emp-inc,224567, HS-grad,9,Couple, Exec-managerial, Wife, White, Female,No gains,No losses,40,US,>50K
38, Private,143210, Bachelors,13,Single, Prof-specialty, Not-in-family, White, Male,No gains,No losses,50,US,>50K
24, Private,195678, 10th,6,Single, Other-service, Not-in-family, Black, Male,No gains,No losses,20,US,<=50K
44, Private,125643, HS-grad,9,Couple, Exec-managerial, Husband, White, Male,No gains,No losses,45,US,>50K
26, Private,302154, Some-college,10,Single, Other-service, Not-in-family, Black, Female,No gains,No losses,30,US,<=50K
35, Private,187450, Bachelors,13,Couple, Prof-specialty, Husband, White, Male,Had gains,No losses,50,US,>50K
19, Private,97550, 11th,7,Single, Craft-repair, Own-child, White, Male,No gains,No losses,20,US,<=50K
48, Private,220198, Masters,14,Couple, Exec-managerial, Wife, White, Female,No gains,No losses,40,US,>50K
55, Self-emp-not-inc,311567, 9th,5,Couple, Farming-fishing, Husband, White, Male,No gains,No losses,35,Non-US,<=50K
33, Private,154320, Assoc-voc,11,Single, Tech-support, Not-in-family, Black, Male,No gains,No losses,40,US,<=50K
29, Private,198765, HS-grad,9,Single, Sales, Unmarried, White, Female,No gains,No losses,38,US,<=50K
40, Private,275432, Some-college,10,Couple, Machine-op-inspct, Husband, White, Male,No gains,Had losses,48,US,<=50K
22, Private,145678, 10th,6,Single, Other-service, Other-relative, Asian-Pac-Islander, Female,No gains,No losses,18,Non-US,<=50K
31, Private,210875, Bachelors,13,Single, Adm-clerical, Not-in-family, White, Female,No gains,No losses,35,US,<=50K
42, Self-emp-inc,168234, Bachelors,13,Couple, Prof-specialty, Husband, White, Male,Had gains,No losses,55,US,>50K
63, Private,335600, 7th-8th,4,Couple, Transport-moving, Husband, Black, Male,No gains,No losses,42,US,<=50K
46, Federal-gov,122900, Assoc-acdm,12,Single, Exec-managerial, Unmarried, White, Female,No gains,No losses,50,US,>50K
51, Private,258100, HS-grad,9,Couple, Craft-repair, Husband, White, Male,No gains,No losses,60,US,>50K
24, Private,176543, Some-college,10,Single, Sales, Not-in-family, White, Male,No gains,No losses,25,Non-US,<=50K
38, Private,289432, 12th,8,Couple, Machine-op-inspct, Wife, White, Female,No gains,No losses,40,US,<=50K
39, Private,195600, Masters,14,Couple, Prof-specialty, Husband, White, Male,Had gains,No losses,45,US,>50K
45, Private,240111, 5th-6th,3,Single, Handlers-cleaners, Not-in-family, Black, Male,No gains,No losses,32,Non-US,<=50K
36, Local-gov,160750, Assoc-acdm,12,Couple, Adm-clerical, Wife, White, Female,No gains,Had losses,40,US,<=50K
32, Private,145239, HS-grad,9,Couple, Craft-repair, Husband, White, Male,No gains,No losses,40,US,<=50K
26, Private,308974, Some-college,10,Single, Adm-clerical, Not-in-family, White, Female,No gains,No losses,38,US,<=50K
45, Private,189312, Bachelors,13,Couple, Exec-managerial, Husband, White, Male,No gains,No losses,50,US,>50K
19, Private,225000, 11th,7,Single, Other-service, Own-child, Black, Female,No gains,No losses,20,US,<=50K
42, Private,423561, Masters,14,Couple, Prof-specialty, Wife, White, Female,Had gains,No losses,45,US,>50K
48, Private,117890, HS-grad,9,Couple, Transport-moving, Husband, White, Male,No gains,No losses,55,US,>50K
35, State-gov,266700, Assoc-voc,11,Single, Tech-support, Not-in-family, White, Male,No gains,No losses,40,US,<=50K
65, Self-emp-not-inc,150000, 7th-8th,4,Couple, Farming-fishing, Husband, White, Male,No gains,No losses,35,Non-US,<=50K
29, Private,198765, Some-college,10,Single, Machine-op-inspct, Not-in-family, Black, Male,No gains,No losses,40,US,<=50K
39, Private,337820, Bachelors,13,Couple, Sales, Husband, White, Male,No gains,No losses,60,US,>50K
22, Private,90234, 9th,5,Single, Handlers-cleaners, Own-child, White, Male,No gains,No losses,25,Non-US,<=50K
55, Private,185430, HS-grad,9,Single, Craft-repair, Unmarried, White, Female,No gains,Had losses,40,US,<=50K
33, Local-gov,212000, Assoc-acdm,12,Couple, Adm-clerical, Wife, White, Female,No gains,No losses,35,US,<=50K
52, Self-emp-inc,401112, Prof-school,15,Couple, Prof-specialty, Husband, Asian-Pac-Islander, Male,Had gains,No losses,50,US,>50K
20, Private,131456, 10th,6,Single, Other-service, Not-in-family, Black, Female,No gains,No losses,18,US,<=50K
41, Private,268400, HS-grad,9,Couple, Machine-op-inspct, Husband, White, Male,No gains,No losses,48,US,<=50K
27, Private,155789, Some-college,10,Single, Sales, Not-in-family, White, Male,No gains,No losses,30,Non-US,<=50K
36, Federal-gov,241000, Bachelors,13,Single, Tech-support, Unmarried, White, Female,No gains,No losses,40,US,>50K
18, Private,172800, 12th,8,Single, Adm-clerical, Own-child, White, Female,No gains,No losses,20,US,<=50K
46, Private,296500, Masters,14,Couple, Exec-managerial, Husband, White, Male,Had gains,No losses,55,US,>50K
34, Private,145239, HS-grad,9,Couple, Craft-repair, Husband, White, Male,No gains,No losses,40,US,<=50K
45, Private,312456, Bachelors,13,Couple, Exec-managerial, Husband, White, Male,Had gains,No losses,50,US,>50K
29, State-gov,198765, Some-college,10,Single, Adm-clerical, Not-in-family, Black, Female,No gains,No losses,35,US,<=50K
55, Self-emp-not-inc,87654, 10th,6,Couple, Farming-fishing, Husband, White, Male,No gains,No losses,20,US,<=50K
52, Private,402138, Masters,14,Single, Prof-specialty, Unmarried, White, Female,No gains,No losses,40,US,>50K
41, Private,165432, HS-grad,9,Couple, Sales, Husband, White, Male,No gains,Had losses,45,US,<=50K
26, Private,289012, Assoc-voc,11,Single, Tech-support, Not-in-family, Asian-Pac-Islander, Male,No gains,No losses,38,Non-US,<=50K
19, Private,110234, 11th,7,Single, Other-service, Own-child, Black, Female,No gains,No losses,15,US,<=50K
48, Self-emp-inc,354678, Bachelors,13,Couple, Exec-managerial, Husband, White, Male,Had gains,No losses,55,US,>50K
33, Private,221100, Some-college,10,Single, Machine-op-inspct, Not-in-family, White, Male,No gains,No losses,40,US,<=50K
60, Local-gov,178945, Assoc-acdm,12,Single, Adm-clerical, Unmarried, White, Female,No gains,No losses,30,US,<=50K
43, Private,267890, HS-grad,9,Couple, Transport-moving, Husband, White, Male,No gains,No losses,48,US,>50K
24, Private,145678, 9th,5,Single, Craft-repair, Own-child, Black, Male,No gains,No losses,40,US,<=50K
65, Self-emp-not-inc,398123, Masters,14,Couple, Prof-specialty, Wife, White, Female,No gains,No losses,20,Non-US,<=50K
39, Private,189012, Some-college,10,Couple, Sales, Husband, White, Male,Had gains,No losses,60,US,>50K
72, Private,123456, 7th-8th,4,Single, Other-service, Not-in-family, White, Female,No gains,No losses,10,US,<=50K
31, Private,332145, HS-grad,9,Couple, Machine-op-inspct, Wife, White, Female,No gains,No losses,35,US,<=50K
36, Private,209876, Bachelors,13,Single, Prof-specialty, Not-in-family, White, Male,No gains,Had losses,44,US,>50K
17, Private,156789, 12th,8,Single, Farming-fishing, Own-child, White, Male,No gains,No losses,18,Non-US,<=50K
57, Self-emp-inc,278901, Some-college,10,Couple, Exec-managerial, Husband, White, Male,Had gains,No losses,42,US,>50K
33, Private,195023, HS-grad,9,Couple, Craft-repair, Husband, White, Male,No gains,No losses,40,US,<=50K
42, Private,310842, Bachelors,13,Couple, Prof-specialty, Wife, White, Female,Had gains,No losses,45,US,>50K
27, Private,157891, Some-college,10,Single, Adm-clerical, Not-in-family, Black, Female,No gains,No losses,35,US,<=50K
19, Private,425108, 11th,7,Single, Machine-op-inspct, Own-child, White, Male,No gains,No losses,20,US,<=50K
55, Private,278556, Masters,14,Couple, Exec-managerial, Husband, White, Male,No gains,No losses,50,Non-US,>50K
29, Private,189654, HS-grad,9,Single, Sales, Not-in-family, White, Male,No gains,Had losses,40,US,<=50K
36, Private,345109, Assoc-voc,11,Couple, Tech-support, Unmarried, Black, Female,No gains,No losses,40,US,<=50K
65, Self-emp-not-inc,223456, 9th,5,Couple, Farming-fishing, Husband, White, Male,No gains,No losses,15,Non-US,<=50K
45, Private,165478, Some-college,10,Couple, Transport-moving, Husband, White, Male,No gains,No losses,48,US,>50K
58, Private,287123, 7th-8th,4,Single, Other-service, Not-in-family, White, Female,No gains,No losses,30,US,<=50K
39, Private,198765, Bachelors,13,Couple, Exec-managerial, Husband, Asian-Pac-Islander, Male,Had gains,No losses,55,Non-US,>50K
31, Private,301234, HS-grad,9,Single, Machine-op-inspct, Not-in-family, Black, Male,No gains,No losses,40,US,<=50K
24, Private,145678, Some-college,10,Single, Craft-repair, Own-child, White, Male,No gains,No losses,60,US,<=50K
48, Federal-gov,235689, Masters,14,Single, Prof-specialty, Unmarried, White, Female,No gains,No losses,40,US,>50K
22, Private,312457, 10th,6,Single, Other-service, Other-relative, White, Female,No gains,No losses,25,Non-US,<=50K
34, Private,187634, Assoc-acdm,12,Couple, Tech-support, Husband, White, Male,No gains,No losses,38,US,<=50K
17, Private,402123, 12th,8,Single, Handlers-cleaners, Own-child, Black, Male,No gains,No losses,20,US,<=50K
44, Self-emp-inc,256789, HS-grad,9,Couple, Sales, Husband, White, Male,Had gains,No losses,50,US,>50K
38, Private,175432, Some-college,10,Couple, Adm-clerical, Wife, White, Female,No gains,No losses,40,US,<=50K
51, Private,221890, Bachelors,13,Couple, Prof-specialty, Husband, White, Male,No gains,Had losses,45,Non-US,>50K
32, Private,150432, HS-grad,9,Couple, Craft-repair, Husband, White, Male,No gains,No losses,40,US,<=50K
26, Private,310250, Some-college,10,Single, Adm-clerical, Not-in-family, White, Female,No gains,No losses,35,US,<=50K
45, Private,88500, Bachelors,13,Couple, Prof-specialty, Husband, White, Male,Had gains,No losses,50,US,>50K
19, Private,420015, 11th,7,Single, Other-service, Own-child, Black, Female,No gains,No losses,20,US,<=50K
48, Private,188500, Masters,14,Couple, Exec-managerial, Husband, White, Male,No gains,No losses,45,US,>50K
39, Private,275000, HS-grad,9,Couple, Transport-moving, Husband, White, Male,No gains,No losses,40,US,<=50K
29, Private,120345, Some-college,10,Single, Sales, Not-in-family, White, Female,No gains,No losses,30,US,<=50K
60, Self-emp-not-inc,365800, 9th,5,Couple, Farming-fishing, Husband, White, Male,No gains,No losses,15,Non-US,<=50K
35, Private,250100, Assoc-voc,11,Single, Tech-support, Not-in-family, Black, Male,No gains,Had losses,40,US,<=50K
42, Private,95000, Bachelors,13,Couple, Exec-managerial, Wife, White, Female,Had gains,No losses,55,US,>50K
55, Private,180000, 7th-8th,4,Couple, Machine-op-inspct, Husband, White, Male,No gains,No losses,38,US,<=50K
24, Private,410000, HS-grad,9,Single, Handlers-cleaners, Not-in-family, White, Male,No gains,No losses,20,Non-US,<=50K
33, Private,130000, Masters,14,Single, Prof-specialty, Not-in-family, Asian-Pac-Islander, Female,No gains,No losses,40,Non-US,<=50K
50, Federal-gov,205000, Some-college,10,Single, Exec-managerial, Unmarried, Black, Female,No gains,No losses,48,US,>50K
28, Private,320000, 10th,6,Single, Craft-repair, Own-child, White, Male,No gains,No losses,40,US,<=50K
38, State-gov,105000, Assoc-acdm,12,Couple, Adm-clerical, Wife, White, Female,No gains,No losses,35,US,<=50K
55, Self-emp-inc,280500, HS-grad,9,Couple, Sales, Husband, White, Male,Had gains,No losses,60,US,>50K
20, Private,190000, 12th,8,Single, Other-service, Own-child, Black, Male,No gains,No losses,18,US,<=50K
36, Private,155000, Some-college,10,Couple, Machine-op-inspct, Husband, White, Male,No gains,No losses,45,US,<=50K
44, Private,240000, Bachelors,13,Couple, Prof-specialty, Husband, White, Male,No gains,No losses,50,US,>50K
35, Private,152034, HS-grad,9,Couple, Craft-repair, Husband, White, Male,No gains,No losses,40,US,<=50K
48, Private,289456, Some-college,10,Couple, Exec-managerial, Husband, White, Male,No gains,No losses,50,US,>50K
42, Private,98765, Bachelors,13,Couple, Prof-specialty, Wife, White, Female,No gains,No losses,45,US,>50K
22, Private,310002, 11th,7,Single, Other-service, Not-in-family, Black, Female,No gains,No losses,20,US,<=50K
55, Self-emp-inc,175890, Masters,14,Couple, Exec-managerial, Husband, White, Male,Had gains,No losses,60,US,>50K
29, Private,220543, HS-grad,9,Single, Sales, Not-in-family, White, Male,No gains,No losses,40,US,<=50K
38, Private,145678, Assoc-voc,11,Single, Tech-support, Unmarried, White, Female,No gains,No losses,35,US,<=50K
33, Private,254321, Some-college,10,Couple, Adm-clerical, Wife, Black, Female,No gains,No losses,40,Non-US,<=50K
62, Self-emp-not-inc,335500, 9th,5,Couple, Farming-fishing, Husband, White, Male,No gains,No losses,15,US,<=50K
45, Private,187654, Bachelors,13,Couple, Prof-specialty, Husband, White, Male,No gains,No losses,55,US,>50K
19, Private,108900, 12th,8,Single, Other-service, Own-child, White, Male,No gains,No losses,18,US,<=50K
51, Private,278900, HS-grad,9,Couple, Transport-moving, Husband, White, Male,No gains,No losses,40,US,<=50K
27, Private,168432, Some-college,10,Single, Machine-op-inspct, Not-in-family, White, Male,No gains,No losses,40,US,<=50K
39, Private,245000, Masters,14,Couple, Prof-specialty, Wife, White, Female,Had gains,No losses,50,US,>50K
46, Private,198765, HS-grad,9,Single, Craft-repair, Not-in-family, White, Male,No gains,Had losses,40,US,<=50K
24, Private,312000, 10th,6,Single, Handlers-cleaners, Not-in-family, Black, Male,No gains,No losses,30,US,<=50K
32, Private,165432, Assoc-acdm,12,Single, Tech-support, Not-in-family, White, Male,No gains,No losses,40,Non-US,<=50K
50, Federal-gov,289100, Bachelors,13,Single, Exec-managerial, Unmarried, White, Female,No gains,No losses,45,US,>50K
68, Self-emp-not-inc,124567, 7th-8th,4,Couple, Farming-fishing, Husband, White, Male,No gains,No losses,35,Non-US,<=50K
44, Self-emp-inc,207800, Some-college,10,Couple, Sales, Husband, White, Male,Had gains,No losses,60,US,>50K
42, Private,245789, Bachelors,13,Couple, Exec-managerial, Husband, White, Male,No gains,No losses,45,US,>50K
29, Private,112345, HS-grad,9,Single, Adm-clerical, Not-in-family, White, Female,No gains,No losses,35,US,<=50K
33, Private,318976, Some-college,10,Single, Sales, Not-in-family, Black, Male,No gains,No losses,50,US,<=50K
39, Private,156782, Masters,14,Couple, Prof-specialty, Wife, White, Female,Had gains,No losses,40,US,>50K
25, Private,202345, 11th,7,Single, Craft-repair, Own-child, White, Male,No gains,No losses,40,US,<=50K
31, Private,287654, Assoc-voc,11,Couple, Tech-support, Husband, White, Male,No gains,No losses,38,Non-US,<=50K
55, Self-emp-not-inc,134567, 9th,5,Couple, Farming-fishing, Husband, White, Male,No gains,No losses,20,US,<=50K
45, Private,224455, HS-grad,9,Couple, Transport-moving, Husband, Black, Male,No gains,Had losses,48,US,<=50K
24, Private,178900, Some-college,10,Single, Other-service, Not-in-family, Asian-Pac-Islander, Female,No gains,No losses,30,Non-US,<=50K
48, Federal-gov,301234, Bachelors,13,Single, Exec-managerial, Unmarried, White, Female,No gains,No losses,50,US,>50K
62, Private,189012, 7th-8th,4,Couple, Machine-op-inspct, Husband, White, Male,No gains,No losses,40,US,<=50K
54, Self-emp-inc,256789, HS-grad,9,Couple, Craft-repair, Husband, White, Male,Had gains,No losses,40,US,>50K
19, Private,145678, 10th,6,Single, Adm-clerical, Own-child, Black, Female,No gains,No losses,25,US,<=50K
44, Private,210987, Some-college,10,Couple, Sales, Wife, White, Female,No gains,No losses,55,US,>50K
36, Private,275432, Assoc-acdm,12,Single, Prof-specialty, Not-in-family, White, Male,No gains,No losses,42,Non-US,<=50K
17, Private,165432, 12th,8,Single, Other-service, Own-child, White, Male,No gains,No losses,15,US,<=50K
51, Private,234567, Masters,14,Couple, Exec-managerial, Husband, White, Male,No gains,No losses,60,US,>50K
41, Private,190123, HS-grad,9,Single, Machine-op-inspct, Unmarried, White, Female,No gains,No losses,38,US,<=50K
35, Self-emp-inc,345678, Bachelors,13,Couple, Prof-specialty, Husband, White, Male,Had gains,No losses,50,US,>50K
27, Private,168901, Some-college,10,Single, Handlers-cleaners, Not-in-family, Black, Male,No gains,No losses,32,US,<=50K
42, Private,122345, HS-grad,9,Couple, Exec-managerial, Husband, White, Male,No gains,No losses,45,US,>50K
33, Private,310587, Some-college,10,Single, Craft-repair, Not-in-family, White, Male,No gains,No losses,40,US,<=50K
39, Private,155678, Bachelors,13,Couple, Prof-specialty, Wife, Asian-Pac-Islander, Female,Had gains,No losses,50,Non-US,>50K
24, Private,275432, 11th,7,Single, Other-service, Own-child, Black, Female,No gains,No losses,20,US,<=50K
29, State-gov,198456, Assoc-voc,11,Single, Adm-clerical, Unmarried, White, Female,No gains,No losses,38,US,<=50K
45, Self-emp-inc,240001, Masters,14,Couple, Exec-managerial, Husband, White, Male,No gains,No losses,55,US,>50K
55, Private,178899, HS-grad,9,Couple, Transport-moving, Husband, White, Male,No gains,Had losses,40,US,<=50K
62, Self-emp-not-inc,336712, 9th,5,Single, Farming-fishing, Not-in-family, White, Male,No gains,No losses,15,Non-US,<=50K
26, Private,112233, Some-college,10,Single, Sales, Own-child, Black, Male,No gains,No losses,30,US,<=50K
34, Private,285000, Bachelors,13,Couple, Tech-support, Wife, White, Female,Had gains,No losses,40,US,>50K
48, Private,162345, 7th-8th,4,Couple, Machine-op-inspct, Husband, White, Male,No gains,No losses,40,US,<=50K
46, Private,245678, HS-grad,9,Couple, Craft-repair, Husband, White, Male,No gains,No losses,48,US,>50K
31, Private,193456, Some-college,10,Single, Handlers-cleaners, Not-in-family, Black, Male,No gains,No losses,35,Non-US,<=50K
27, Local-gov,220111, Assoc-acdm,12,Single, Prof-specialty, Unmarried, White, Female,No gains,No losses,36,US,<=50K
19, Private,298765, 12th,8,Single, Other-service, Own-child, White, Female,No gains,No losses,18,US,<=50K
44, Self-emp-inc,135790, Bachelors,13,Couple, Exec-managerial, Husband, White, Male,Had gains,No losses,60,US,>50K
41, Federal-gov,189012, Some-college,10,Couple, Adm-clerical, Wife, White, Female,No gains,No losses,42,US,<=50K
51, Private,260345, HS-grad,9,Single, Sales, Not-in-family, White, Male,No gains,No losses,50,US,>50K
22, Private,145678, 10th,6,Single, Craft-repair, Own-child, White, Male,No gains,No losses,28,US,<=50K
56, Private,314159, Masters,14,Couple, Prof-specialty, Wife, White, Female,No gains,Had losses,32,US,>50K
35, Private,245678, HS-grad,9,Couple, Craft-repair, Husband, White, Male,No gains,No losses,40,US,<=50K
42, Private,112345, Bachelors,13,Couple, Prof-specialty, Wife, White, Female,No gains,No losses,45,US,>50K
26, Private,390015, Some-college,10,Single, Adm-clerical, Not-in-family, Black, Female,No gains,No losses,38,US,<=50K
45, Self-emp-inc,152999, Masters,14,Couple, Exec-managerial, Husband, White, Male,Had gains,No losses,50,Non-US,>50K
19, Private,289874, 11th,7,Single, Other-service, Own-child, White, Male,No gains,No losses,20,US,<=50K
33, Private,176523, Assoc-voc,11,Single, Tech-support, Not-in-family, White, Male,No gains,No losses,40,US,<=50K
62, Self-emp-not-inc,210450, 9th,5,Couple, Farming-fishing, Husband, White, Male,No gains,No losses,35,Non-US,<=50K
29, Private,123456, Bachelors,13,Single, Sales, Not-in-family, White, Female,No gains,No losses,50,US,<=50K
48, Private,334567, HS-grad,9,Couple, Transport-moving, Husband, Black, Male,No gains,No losses,40,US,<=50K
55, Private,195432, Some-college,10,Couple, Machine-op-inspct, Husband, White, Male,No gains,Had losses,45,US,<=50K
39, Federal-gov,148765, Masters,14,Single, Prof-specialty, Unmarried, White, Female,No gains,No losses,30,US,>50K
57, Private,267891, 7th-8th,4,Couple, Craft-repair, Husband, White, Male,No gains,No losses,40,US,<=50K
44, Private,218934, Assoc-acdm,12,Couple, Exec-managerial, Husband, Asian-Pac-Islander, Male,Had gains,No losses,55,Non-US,>50K
22, Private,187654, 10th,6,Single, Sales, Own-child, White, Female,No gains,No losses,25,US,<=50K
52, Self-emp-inc,301234, HS-grad,9,Couple, Exec-managerial, Husband, White, Male,No gains,No losses,60,US,>50K
31, Private,145678, Some-college,10,Single, Handlers-cleaners, Not-in-family, Black, Male,No gains,No losses,38,Non-US,<=50K
18, Private,256789, 12th,8,Single, Adm-clerical, Own-child, White, Female,No gains,No losses,20,US,<=50K
36, Private,165432, Bachelors,13,Single, Machine-op-inspct, Not-in-family, White, Male,No gains,No losses,48,US,<=50K
43, Local-gov,278901, HS-grad,9,Single, Other-service, Unmarried, White, Female,No gains,No losses,35,US,<=50K
41, Private,189345, Some-college,10,Couple, Prof-specialty, Husband, White, Male,Had gains,No losses,42,US,>50K
33, Private,110523, HS-grad,9,Couple, Transport-moving, Husband, White, Male,No gains,No losses,40,US,<=50K
26, Private,245897, Some-college,10,Single, Adm-clerical, Not-in-family, White, Female,No gains,No losses,35,US,<=50K
42, Private,382150, Bachelors,13,Couple, Prof-specialty, Husband, White, Male,No gains,No losses,50,US,>50K
19, Private,145678, 11th,7,Single, Other-service, Own-child, Black, Female,No gains,No losses,20,US,<=50K
48, Self-emp-inc,295003, Masters,14,Couple, Exec-managerial, Husband, White, Male,Had gains,No losses,45,US,>50K
55, Self-emp-not-inc,86754, 9th,5,Couple, Farming-fishing, Husband, White, Male,No gains,No losses,15,Non-US,<=50K
30, Private,312456, Assoc-voc,11,Single, Craft-repair, Not-in-family, White, Male,No gains,No losses,40,US,<=50K
29, Private,188234, Some-college,10,Single, Sales, Unmarried, Black, Female,No gains,No losses,38,US,<=50K
45, Private,220100, HS-grad,9,Couple, Machine-op-inspct, Husband, White, Male,No gains,Had losses,40,US,<=50K
36, Private,378921, Bachelors,13,Couple, Tech-support, Wife, White, Female,No gains,No losses,40,US,>50K
22, Private,159847, 10th,6,Single, Handlers-cleaners, Own-child, White, Male,No gains,No losses,30,US,<=50K
31, Private,274560, Assoc-acdm,12,Single, Adm-clerical, Not-in-family, Asian-Pac-Islander, Female,No gains,No losses,35,Non-US,<=50K
17, Private,198765, 12th,8,Single, Other-service, Own-child, Black, Male,No gains,No losses,18,US,<=50K
52, Private,330211, Masters,14,Couple, Prof-specialty, Husband, White, Male,No gains,No losses,55,US,>50K
65, Self-emp-not-inc,125430, 7th-8th,4,Couple, Farming-fishing, Husband, White, Male,No gains,No losses,12,Non-US,<=50K
39, Private,205678, HS-grad,9,Single, Craft-repair, Unmarried, White, Female,Had gains,No losses,40,US,<=50K
44, Private,289012, Some-college,10,Couple, Exec-managerial, Husband, White, Male,No gains,No losses,60,US,>50K
35, Private,175400, Bachelors,13,Single, Sales, Not-in-family, Black, Male,No gains,No losses,45,US,>50K
28, Private,234567, HS-grad,9,Single, Transport-moving, Not-in-family, White, Male,No gains,No losses,50,US,<=50K
41, Private,310098, Assoc-acdm,12,Single, Prof-specialty, Unmarried, White, Female,No gains,Had losses,32,US,<=50K
